customer_id,recency_months,past_spend,n_orders,loyalty_tier,got_email,purchased,revenue,uplift_score
C000000,6,103.19,3,bronze,1,0,0.0,0.013285
C000001,8,126.13,4,bronze,1,0,0.0,0.015754
C000002,0,161.96,1,silver,1,0,0.0,-0.037722
C000003,1,75.96,2,bronze,0,0,0.0,-0.030817
C000004,6,197.7,2,silver,0,0,0.0,-0.041006
C000005,7,47.83,4,silver,0,0,0.0,0.131532
C000006,7,86.51,4,bronze,0,0,0.0,0.041171
C000007,9,34.22,3,silver,0,0,0.0,0.01314
C000008,4,95.35,5,silver,1,0,0.0,0.093116
C000009,5,169.67,3,gold,0,0,0.0,-0.032263
C000010,6,39.21,4,gold,1,1,50.62,-0.055343
C000011,8,119.15,2,silver,0,0,0.0,-0.040639
C000012,6,65.49,4,bronze,1,0,0.0,0.029478
C000013,3,172.32,4,bronze,0,0,0.0,0.00631
C000014,9,70.27,4,bronze,1,0,0.0,0.07203
C000015,5,49.93,3,silver,0,0,0.0,0.063605
C000016,1,152.34,7,bronze,0,0,0.0,-0.013426
C000017,3,142.95,3,silver,1,0,0.0,0.038968
C000018,3,82.25,5,silver,0,0,0.0,-0.002025
C000019,1,161.15,6,silver,0,0,0.0,-0.030259
C000020,0,113.85,5,gold,0,0,0.0,-0.153426
C000021,6,211.05,1,bronze,0,0,0.0,0.008267
C000022,4,49.29,1,silver,0,0,0.0,0.05592
C000023,7,86.45,5,silver,0,0,0.0,0.116627
C000024,5,200.23,4,silver,0,0,0.0,0.031824
C000025,0,117.08,7,silver,1,0,0.0,-0.017682
C000026,4,173.44,5,silver,1,0,0.0,0.348787
C000027,5,40.69,7,gold,1,1,75.63,0.327729
C000028,6,63.18,3,silver,0,0,0.0,0.111705
C000029,1,237.35,6,gold,1,0,0.0,-0.121111
C000030,9,168.13,4,silver,1,0,0.0,0.044686
C000031,5,160.89,3,silver,0,0,0.0,0.109425
C000032,3,166.11,7,silver,0,0,0.0,0.004749
C000033,4,117.46,2,silver,0,0,0.0,0.113921
C000034,8,170.98,8,silver,1,0,0.0,0.191756
C000035,3,94.96,5,silver,1,0,0.0,-0.055525
C000036,7,267.35,5,silver,1,0,0.0,0.081192
C000037,6,22.52,3,bronze,1,0,0.0,-0.019542
C000038,5,73.66,4,bronze,1,0,0.0,0.048539
C000039,5,100.73,1,bronze,1,0,0.0,-0.003049
C000040,7,128.75,3,gold,0,1,56.66,0.087219
C000041,10,131.57,7,silver,0,0,0.0,0.328104
C000042,5,15.6,3,gold,0,0,0.0,0.078338
C000043,6,101.54,2,silver,0,0,0.0,-0.054726
C000044,5,93.86,6,silver,0,0,0.0,-0.021769
C000045,4,153.86,4,bronze,1,0,0.0,0.018127
C000046,9,41.74,0,silver,1,0,0.0,-0.045619
C000047,4,63.64,5,bronze,1,0,0.0,-0.062916
C000048,6,151.21,4,silver,0,0,0.0,0.057207
C000049,10,65.01,1,silver,1,0,0.0,-0.007876
C000050,6,16.75,2,gold,1,1,91.54,-0.093548
C000051,5,133.33,2,silver,0,0,0.0,-0.115599
C000052,4,41.54,4,bronze,0,0,0.0,-0.000404
C000053,6,90.04,4,silver,0,0,0.0,-0.140423
C000054,6,127.93,4,silver,1,0,0.0,0.028142
C000055,7,125.12,4,silver,1,0,0.0,0.176228
C000056,4,74.81,5,silver,1,0,0.0,-0.0282
C000057,2,201.71,4,bronze,0,0,0.0,5e-06
C000058,8,268.0,7,silver,0,0,0.0,0.028664
C000059,8,39.68,4,silver,1,1,100.7,0.082496
C000060,1,157.9,4,silver,0,0,0.0,-0.019163
C000061,8,159.38,3,silver,0,1,155.63,-0.002953
C000062,10,196.63,5,silver,0,1,267.15,0.02103
C000063,5,189.9,4,gold,0,1,141.35,0.196929
C000064,3,115.88,3,bronze,0,0,0.0,0.002477
C000065,9,65.17,2,silver,1,0,0.0,0.360406
C000066,10,133.66,3,gold,1,0,0.0,0.04309
C000067,4,128.78,5,bronze,1,0,0.0,-0.011884
C000068,7,106.68,5,bronze,0,0,0.0,0.043662
C000069,5,207.53,1,bronze,0,0,0.0,-0.00697
C000070,6,43.25,6,silver,1,0,0.0,0.092603
C000071,0,102.71,4,silver,1,0,0.0,-0.032566
C000072,4,122.76,0,gold,0,1,74.11,0.041667
C000073,2,109.74,4,bronze,1,0,0.0,-0.011046
C000074,6,47.7,1,silver,1,0,0.0,-0.061606
C000075,7,129.13,3,silver,1,0,0.0,0.065728
C000076,5,152.99,5,bronze,1,0,0.0,0.118378
C000077,6,94.36,7,bronze,1,0,0.0,0.019439
C000078,8,81.78,3,silver,0,0,0.0,0.308921
C000079,8,203.59,4,bronze,0,0,0.0,0.006423
C000080,8,90.83,5,silver,1,0,0.0,-0.035468
C000081,1,111.42,3,silver,0,0,0.0,0.007504
C000082,6,70.97,4,bronze,0,0,0.0,-0.01107
C000083,4,112.74,6,bronze,1,0,0.0,0.022052
C000084,1,111.31,4,silver,0,1,4.71,-0.028532
C000085,7,44.91,2,bronze,0,0,0.0,-0.055781
C000086,6,279.83,6,silver,1,0,0.0,0.023319
C000087,6,163.28,7,silver,0,0,0.0,0.106939
C000088,8,234.44,2,silver,1,0,0.0,0.0861
C000089,6,79.34,4,gold,1,0,0.0,0.115583
C000090,9,257.89,8,silver,0,0,0.0,0.185304
C000091,7,222.57,4,bronze,0,0,0.0,-0.033803
C000092,8,137.98,4,silver,0,1,162.31,0.171897
C000093,11,101.8,2,gold,1,0,0.0,-0.17469
C000094,7,127.5,3,silver,1,0,0.0,0.091416
C000095,5,219.92,4,gold,1,0,0.0,0.084867
C000096,10,183.23,0,bronze,1,0,0.0,0.024933
C000097,6,127.41,0,silver,0,0,0.0,0.091032
C000098,2,39.56,4,silver,1,0,0.0,-0.026782
C000099,7,95.09,4,silver,1,0,0.0,0.039909
C000100,7,146.41,3,gold,0,0,0.0,-0.029817
C000101,5,133.93,3,bronze,1,0,0.0,0.044109
C000102,7,33.38,1,bronze,1,0,0.0,-0.021263
C000103,9,78.13,4,silver,1,0,0.0,0.163404
C000104,8,122.79,7,bronze,1,0,0.0,0.071773
C000105,6,275.33,6,bronze,0,0,0.0,0.076046
C000106,9,110.2,2,bronze,0,0,0.0,-0.027874
C000107,10,101.86,6,gold,0,0,0.0,0.084233
C000108,3,84.98,4,silver,1,0,0.0,0.015926
C000109,6,134.97,2,bronze,0,1,62.01,0.046756
C000110,8,284.89,6,silver,1,0,0.0,0.160974
C000111,5,36.41,4,bronze,0,0,0.0,0.010445
C000112,5,70.8,6,bronze,1,0,0.0,0.052722
C000113,4,173.98,2,bronze,1,1,47.8,0.002833
C000114,4,254.01,5,silver,1,1,49.42,-0.052312
C000115,3,49.57,4,bronze,1,0,0.0,-0.014766
C000116,8,198.49,3,bronze,0,0,0.0,-0.040103
C000117,5,131.39,3,silver,0,0,0.0,0.181174
C000118,6,82.95,4,silver,0,0,0.0,0.030335
C000119,8,156.48,3,gold,1,0,0.0,-0.038531
C000120,2,110.96,3,silver,0,0,0.0,-0.021327
C000121,5,73.04,5,silver,1,0,0.0,0.01746
C000122,2,199.65,4,bronze,0,0,0.0,0.003983
C000123,6,228.72,6,gold,1,1,19.32,0.094513
C000124,8,56.73,2,gold,1,1,19.28,-0.062074
C000125,4,105.65,2,silver,1,0,0.0,-0.044704
C000126,5,186.87,3,silver,1,0,0.0,-0.028196
C000127,7,324.38,3,gold,1,1,131.42,0.055919
C000128,2,77.9,5,silver,1,0,0.0,0.248137
C000129,3,16.26,7,bronze,1,0,0.0,0.007213
C000130,5,117.82,3,silver,0,0,0.0,0.017906
C000131,7,174.09,1,gold,1,0,0.0,0.059177
C000132,11,142.09,5,bronze,1,0,0.0,0.109489
C000133,13,171.99,7,silver,0,1,86.73,-0.0252
C000134,8,158.56,2,bronze,1,0,0.0,-0.000905
C000135,3,0.0,4,silver,1,0,0.0,-0.10509
C000136,11,70.77,2,bronze,1,0,0.0,0.011802
C000137,4,125.88,5,bronze,0,0,0.0,0.08352
C000138,11,0.0,9,bronze,0,0,0.0,0.097604
C000139,3,0.0,10,silver,1,0,0.0,-0.062527
C000140,3,117.34,0,bronze,0,0,0.0,-0.010429
C000141,5,257.46,2,silver,1,0,0.0,0.000166
C000142,4,147.23,2,bronze,1,0,0.0,0.005138
C000143,4,168.52,5,silver,1,0,0.0,-0.098083
C000144,5,98.93,4,silver,0,0,0.0,-0.011331
C000145,4,189.07,1,gold,0,1,34.36,-0.180249
C000146,7,134.84,1,bronze,0,0,0.0,-0.053442
C000147,7,29.99,1,gold,0,0,0.0,-0.24581
C000148,6,185.38,5,silver,1,0,0.0,0.054514
C000149,6,120.03,2,bronze,1,0,0.0,0.002366
C000150,2,209.73,5,gold,1,0,0.0,-0.040029
C000151,9,190.04,5,silver,0,1,100.91,0.244575
C000152,5,125.05,5,bronze,1,0,0.0,-0.007908
C000153,7,1.47,6,gold,1,1,149.95,0.02815
C000154,6,227.78,4,silver,0,0,0.0,0.088196
C000155,8,110.04,0,silver,0,1,205.47,-0.143598
C000156,5,229.48,5,bronze,1,0,0.0,0.031438
C000157,3,197.9,4,bronze,1,0,0.0,0.013583
C000158,2,64.64,6,silver,1,0,0.0,-0.018081
C000159,4,143.31,5,bronze,1,0,0.0,0.017922
C000160,0,58.07,4,silver,0,0,0.0,-0.001405
C000161,5,150.92,3,silver,0,0,0.0,-0.005438
C000162,5,52.2,5,bronze,0,0,0.0,0.008247
C000163,3,144.81,2,silver,1,0,0.0,-0.009737
C000164,3,88.08,3,gold,1,0,0.0,-0.01654
C000165,12,102.75,7,silver,1,0,0.0,-0.024305
C000166,7,98.99,3,silver,0,0,0.0,0.092299
C000167,6,82.87,2,silver,0,0,0.0,-0.025366
C000168,2,0.0,1,silver,0,0,0.0,-0.078736
C000169,4,69.83,2,bronze,1,0,0.0,-0.013602
C000170,2,94.77,0,gold,0,1,212.23,-0.214747
C000171,7,171.48,6,silver,1,0,0.0,0.13117
C000172,2,91.05,5,silver,0,1,219.59,-0.097624
C000173,8,59.87,6,bronze,1,0,0.0,0.015868
C000174,2,53.65,3,bronze,0,0,0.0,-0.011403
C000175,7,168.97,2,silver,1,0,0.0,0.251212
C000176,5,146.77,8,silver,0,0,0.0,-0.045981
C000177,6,83.48,3,bronze,1,0,0.0,0.089768
C000178,9,138.43,6,silver,0,0,0.0,0.171722
C000179,5,42.3,1,bronze,0,0,0.0,0.010008
C000180,8,134.86,1,gold,0,0,0.0,-0.159523
C000181,3,210.4,2,silver,1,0,0.0,-0.03727
C000182,9,66.52,6,gold,0,1,56.02,0.065213
C000183,0,79.85,3,silver,1,0,0.0,-0.002676
C000184,2,113.51,2,silver,0,0,0.0,-0.16041
C000185,7,167.5,4,gold,1,1,46.19,0.139116
C000186,10,77.18,7,silver,0,0,0.0,0.256255
C000187,5,101.09,8,silver,1,0,0.0,0.113933
C000188,8,135.96,2,silver,0,0,0.0,-0.231176
C000189,10,164.02,6,gold,1,1,139.42,0.157351
C000190,8,124.79,4,silver,0,0,0.0,-0.07743
C000191,5,286.13,7,silver,0,1,41.69,-0.016892
C000192,11,145.23,8,bronze,0,0,0.0,0.02417
C000193,10,40.95,3,bronze,0,1,17.31,0.059922
C000194,8,232.98,0,silver,1,0,0.0,-0.076002
C000195,7,36.73,5,silver,1,0,0.0,-0.066989
C000196,4,108.39,7,gold,1,1,80.27,-0.144778
C000197,3,57.91,6,bronze,0,0,0.0,-0.044221
C000198,11,169.16,2,silver,1,0,0.0,-0.093158
C000199,4,91.88,4,gold,1,1,70.42,-0.010868
C000200,4,205.0,4,bronze,0,0,0.0,0.027747
C000201,2,109.21,5,silver,0,0,0.0,-0.031908
C000202,3,174.93,7,silver,0,0,0.0,0.023907
C000203,10,228.15,2,bronze,1,0,0.0,-0.001699
C000204,14,123.37,2,silver,1,0,0.0,-0.09703
C000205,10,146.4,5,silver,1,0,0.0,0.112957
C000206,4,167.95,7,bronze,1,0,0.0,0.034092
C000207,5,95.32,3,bronze,1,0,0.0,0.000113
C000208,3,201.54,7,bronze,0,0,0.0,-0.003244
C000209,1,249.27,3,bronze,1,0,0.0,0.00297
C000210,11,145.03,6,silver,1,1,155.78,0.047931
C000211,10,146.29,4,bronze,1,0,0.0,0.13644
C000212,5,57.74,6,silver,1,0,0.0,0.041216
C000213,7,276.85,3,silver,0,0,0.0,0.03635
C000214,3,187.1,6,silver,0,0,0.0,-0.150172
C000215,7,139.93,5,silver,1,0,0.0,0.110845
C000216,10,151.82,3,bronze,1,0,0.0,0.063542
C000217,7,123.11,3,bronze,0,0,0.0,0.026261
C000218,2,149.76,8,silver,1,0,0.0,0.164055
C000219,5,64.07,4,gold,1,1,23.38,-0.021432
C000220,2,49.76,5,gold,0,1,63.01,-0.036997
C000221,3,252.96,0,silver,1,1,21.1,-0.043566
C000222,6,0.0,7,gold,0,1,21.74,0.111036
C000223,9,42.18,4,bronze,0,0,0.0,0.043603
C000224,3,51.69,6,gold,0,0,0.0,0.034173
C000225,11,161.6,5,silver,1,0,0.0,-0.060971
C000226,4,64.75,1,bronze,0,0,0.0,-0.003698
C000227,6,79.07,2,silver,1,0,0.0,0.146552
C000228,4,135.05,4,bronze,0,0,0.0,0.07883
C000229,4,133.28,3,silver,1,0,0.0,-0.013675
C000230,9,81.56,6,silver,0,1,30.83,0.148586
C000231,4,0.0,4,bronze,0,0,0.0,-0.004329
C000232,5,116.18,2,gold,1,0,0.0,0.00917
C000233,9,138.8,3,bronze,1,1,218.48,0.229257
C000234,7,266.94,5,silver,1,0,0.0,-0.045868
C000235,1,0.0,3,bronze,1,0,0.0,-0.000765
C000236,0,92.2,4,gold,0,0,0.0,-0.068329
C000237,5,19.42,7,gold,1,1,93.38,0.149727
C000238,8,83.5,6,silver,0,0,0.0,0.111294
C000239,3,57.39,6,bronze,0,0,0.0,0.017066
C000240,2,136.48,4,silver,0,0,0.0,-0.058037
C000241,5,49.68,4,silver,0,0,0.0,-0.009541
C000242,7,0.0,4,bronze,1,0,0.0,-0.020475
C000243,6,68.19,4,silver,0,0,0.0,0.043589
C000244,9,99.67,5,silver,0,0,0.0,-0.055017
C000245,7,128.43,1,silver,0,0,0.0,-0.039431
C000246,7,152.4,6,bronze,1,0,0.0,-0.060321
C000247,6,86.88,5,bronze,0,0,0.0,0.047683
C000248,5,66.11,5,silver,0,0,0.0,0.041735
C000249,7,93.27,6,silver,1,0,0.0,0.072354
C000250,2,82.29,8,silver,1,0,0.0,-0.019149
C000251,6,101.73,3,bronze,0,0,0.0,0.019851
C000252,9,74.47,6,silver,0,1,34.77,0.015642
C000253,4,123.96,1,bronze,1,0,0.0,0.002626
C000254,7,44.72,4,bronze,0,0,0.0,0.018531
C000255,7,103.68,2,gold,0,0,0.0,-0.088521
C000256,5,92.71,4,gold,1,1,201.42,0.056953
C000257,7,321.29,4,bronze,0,0,0.0,0.116296
C000258,8,158.71,7,silver,0,0,0.0,-0.079384
C000259,7,112.67,2,silver,0,0,0.0,0.060005
C000260,8,138.66,2,silver,0,1,91.73,-0.19378
C000261,8,67.39,5,silver,0,0,0.0,0.129911
C000262,7,72.87,5,bronze,1,0,0.0,0.013519
C000263,7,141.4,8,silver,0,1,93.87,0.032301
C000264,7,139.67,8,silver,0,1,91.82,0.263635
C000265,7,138.88,3,gold,1,1,135.84,0.070123
C000266,2,156.02,8,silver,1,0,0.0,0.010614
C000267,4,47.68,5,silver,0,0,0.0,0.002324
C000268,2,137.01,2,bronze,1,0,0.0,-0.030151
C000269,9,152.77,3,silver,0,0,0.0,0.0889
C000270,0,82.31,5,silver,1,0,0.0,-0.009456
C000271,6,115.81,8,silver,1,0,0.0,0.030253
C000272,10,25.3,6,bronze,0,0,0.0,0.040391
C000273,6,92.4,1,bronze,1,0,0.0,0.012476
C000274,4,237.28,5,silver,1,0,0.0,0.081827
C000275,8,142.0,4,bronze,1,0,0.0,0.044278
C000276,3,66.74,4,bronze,0,0,0.0,-0.018332
C000277,7,238.93,7,bronze,0,0,0.0,0.08903
C000278,6,199.36,3,bronze,0,0,0.0,0.096435
C000279,11,31.11,4,silver,0,0,0.0,0.067168
C000280,9,211.78,2,silver,1,0,0.0,-0.059205
C000281,0,14.45,2,silver,0,0,0.0,-0.015203
C000282,4,308.0,6,bronze,1,0,0.0,-0.011589
C000283,5,58.54,1,bronze,1,0,0.0,0.019694
C000284,7,13.17,1,silver,0,0,0.0,-0.244498
C000285,9,113.05,4,silver,0,0,0.0,0.036358
C000286,10,171.3,4,silver,0,0,0.0,-0.108389
C000287,5,37.85,4,silver,0,0,0.0,0.065476
C000288,6,74.01,4,silver,0,0,0.0,0.004145
C000289,4,217.91,0,bronze,1,0,0.0,-0.009009
C000290,7,102.32,5,bronze,1,0,0.0,0.055991
C000291,8,44.27,6,silver,1,1,27.67,-0.026589
C000292,10,110.46,6,silver,1,0,0.0,-0.032844
C000293,13,194.48,4,silver,0,0,0.0,0.193566
C000294,11,90.96,4,gold,0,0,0.0,0.120012
C000295,4,67.99,5,silver,1,0,0.0,0.017261
C000296,6,244.61,5,silver,1,0,0.0,0.216557
C000297,7,203.63,5,bronze,0,0,0.0,0.007579
C000298,0,8.96,1,silver,0,0,0.0,-0.02426
C000299,4,70.25,3,silver,0,0,0.0,-0.01484
C000300,8,149.97,5,bronze,1,0,0.0,0.03952
C000301,8,135.11,6,silver,0,0,0.0,0.026264
C000302,6,53.87,3,gold,0,0,0.0,0.069884
C000303,11,81.7,4,silver,0,0,0.0,-0.066111
C000304,3,122.68,4,bronze,0,0,0.0,0.020582
C000305,8,147.98,4,silver,0,0,0.0,6.7e-05
C000306,2,239.83,3,gold,1,0,0.0,0.186425
C000307,7,131.98,7,gold,1,0,0.0,0.126567
C000308,5,128.32,6,silver,1,0,0.0,0.033034
C000309,0,125.14,4,gold,0,0,0.0,-0.197101
C000310,5,127.01,4,bronze,1,0,0.0,0.052111
C000311,3,61.69,7,silver,0,0,0.0,-0.110669
C000312,12,147.58,3,bronze,0,0,0.0,0.029429
C000313,2,249.79,5,gold,0,1,58.06,0.028989
C000314,6,139.6,4,gold,0,0,0.0,-0.054363
C000315,6,144.61,3,bronze,1,0,0.0,0.071355
C000316,8,184.59,3,silver,1,0,0.0,-0.058878
C000317,5,108.75,4,bronze,1,0,0.0,0.001943
C000318,1,111.88,2,gold,1,0,0.0,-0.156675
C000319,9,147.19,3,silver,1,0,0.0,0.41786
C000320,5,109.73,8,gold,1,1,75.3,0.091357
C000321,11,142.52,5,gold,1,1,73.68,-0.034784
C000322,5,92.09,2,silver,0,0,0.0,-0.010461
C000323,10,48.06,2,bronze,0,0,0.0,0.007555
C000324,3,79.75,0,silver,1,0,0.0,0.018668
C000325,10,174.59,3,gold,1,0,0.0,0.105512
C000326,3,51.88,5,silver,1,0,0.0,-0.062177
C000327,9,135.45,1,silver,0,0,0.0,-0.046949
C000328,10,132.8,6,bronze,1,0,0.0,0.004951
C000329,9,82.76,4,bronze,0,0,0.0,-0.047557
C000330,2,161.82,4,bronze,1,0,0.0,-0.002795
C000331,5,141.12,7,bronze,0,0,0.0,0.020856
C000332,4,102.02,4,silver,1,0,0.0,0.048155
C000333,4,9.38,4,bronze,0,0,0.0,-0.021685
C000334,4,166.55,4,bronze,1,0,0.0,-0.016508
C000335,6,276.04,2,silver,0,1,236.71,-0.101255
C000336,11,153.02,5,silver,0,0,0.0,0.164847
C000337,10,283.68,3,silver,0,0,0.0,-0.075984
C000338,4,197.13,3,silver,0,1,150.58,-0.15442
C000339,7,122.23,4,gold,1,0,0.0,-0.127128
C000340,1,241.9,1,silver,0,0,0.0,-0.037995
C000341,5,84.22,3,silver,1,1,97.82,0.120379
C000342,5,38.43,4,silver,0,0,0.0,-0.003403
C000343,7,208.26,2,bronze,1,0,0.0,0.03688
C000344,9,117.61,3,silver,0,0,0.0,-0.008479
C000345,1,115.52,4,silver,1,0,0.0,0.012538
C000346,6,176.33,5,silver,1,0,0.0,0.12524
C000347,7,145.32,6,silver,0,1,50.92,0.033895
C000348,3,189.67,3,silver,0,0,0.0,-0.443434
C000349,6,131.0,6,silver,1,0,0.0,0.133146
C000350,5,140.71,3,gold,1,0,0.0,0.148422
C000351,0,141.79,5,bronze,1,0,0.0,-0.006435
C000352,6,142.17,4,bronze,0,0,0.0,0.034839
C000353,1,47.27,1,gold,0,1,102.19,-0.087023
C000354,4,86.73,5,silver,1,0,0.0,-0.006868
C000355,4,201.08,4,silver,1,0,0.0,0.065718
C000356,9,107.94,7,silver,1,1,111.64,0.168285
C000357,8,76.97,4,silver,1,1,80.38,-0.004364
C000358,3,159.66,0,silver,0,0,0.0,-0.067815
C000359,8,85.1,3,gold,1,1,244.58,0.127877
C000360,7,85.0,5,silver,1,0,0.0,0.049543
C000361,8,136.78,2,bronze,1,0,0.0,-0.050112
C000362,9,118.12,4,bronze,0,0,0.0,0.081939
C000363,5,141.64,5,bronze,0,0,0.0,0.017891
C000364,7,202.29,6,silver,1,0,0.0,0.06326
C000365,2,102.3,5,gold,0,0,0.0,0.04436
C000366,1,160.61,7,bronze,0,0,0.0,0.019292
C000367,7,243.61,7,silver,0,1,11.44,-0.034322
C000368,7,102.84,9,silver,1,0,0.0,0.136512
C000369,8,50.55,4,gold,0,1,288.84,0.198091
C000370,3,34.87,6,bronze,1,0,0.0,0.013527
C000371,2,110.62,5,gold,0,1,102.2,-0.04051
C000372,5,76.67,6,bronze,1,0,0.0,0.032741
C000373,4,187.98,2,silver,1,0,0.0,0.024082
C000374,4,17.15,4,bronze,1,0,0.0,-0.002046
C000375,10,108.58,5,gold,1,0,0.0,-0.009037
C000376,7,59.5,7,gold,0,1,122.33,0.28715
C000377,7,132.01,5,silver,0,0,0.0,-0.023214
C000378,4,72.82,3,silver,1,0,0.0,0.000439
C000379,8,88.96,5,silver,0,0,0.0,0.322178
C000380,7,230.47,3,bronze,1,0,0.0,0.174572
C000381,0,136.3,3,silver,1,0,0.0,-0.049127
C000382,6,59.69,2,bronze,0,0,0.0,-0.013791
C000383,3,64.77,8,silver,0,0,0.0,0.040632
C000384,13,193.81,5,silver,0,1,66.34,0.341004
C000385,2,103.83,1,bronze,0,0,0.0,0.000478
C000386,11,145.42,4,silver,0,0,0.0,-0.131149
C000387,8,216.95,6,gold,0,0,0.0,0.190526
C000388,6,53.84,5,gold,0,1,285.63,0.224602
C000389,11,50.5,7,bronze,0,0,0.0,0.155898
C000390,3,334.07,4,silver,0,0,0.0,-0.063739
C000391,4,123.95,7,bronze,0,0,0.0,0.002985
C000392,7,71.11,7,gold,1,1,249.75,-0.30729
C000393,7,30.85,2,bronze,0,0,0.0,0.020945
C000394,7,252.87,3,silver,0,0,0.0,0.050625
C000395,5,194.88,4,gold,0,0,0.0,-0.00827
C000396,0,56.82,6,bronze,0,0,0.0,-0.013877
C000397,12,212.32,4,bronze,1,0,0.0,0.133184
C000398,6,140.63,2,silver,0,1,121.77,-0.098903
C000399,1,119.72,6,gold,1,1,290.14,-0.05513
C000400,8,217.93,2,gold,1,1,216.21,-0.054647
C000401,6,150.22,3,silver,1,0,0.0,-0.051342
C000402,1,6.21,3,silver,0,0,0.0,-0.183005
C000403,4,74.32,5,silver,1,0,0.0,-0.014351
C000404,5,41.05,5,silver,0,1,25.4,0.082735
C000405,1,111.57,8,gold,1,0,0.0,-0.104738
C000406,5,135.11,5,silver,0,0,0.0,-0.176216
C000407,8,91.38,5,silver,1,1,2.6,-0.041119
C000408,5,116.6,6,bronze,1,0,0.0,0.011981
C000409,6,167.88,5,gold,0,1,42.87,0.058281
C000410,5,152.87,3,gold,0,1,130.66,0.153347
C000411,8,171.2,4,gold,0,0,0.0,0.300663
C000412,10,147.54,6,silver,0,0,0.0,0.161604
C000413,11,170.32,7,bronze,1,0,0.0,0.171127
C000414,0,143.39,3,gold,0,0,0.0,-0.095534
C000415,5,43.91,5,gold,1,0,0.0,-0.111206
C000416,9,98.74,4,silver,0,0,0.0,-0.150821
C000417,10,118.42,2,silver,1,0,0.0,-0.141484
C000418,12,79.05,1,silver,1,0,0.0,-0.127609
C000419,4,106.85,4,gold,0,0,0.0,-0.091942
C000420,3,84.73,6,silver,1,0,0.0,-0.007199
C000421,7,0.0,1,bronze,1,0,0.0,-0.003858
C000422,5,186.01,4,bronze,1,0,0.0,0.025185
C000423,10,110.78,2,bronze,1,0,0.0,0.020524
C000424,7,96.27,2,silver,1,1,57.58,0.044271
C000425,4,35.12,4,silver,1,0,0.0,-0.037638
C000426,7,194.6,3,silver,0,0,0.0,0.111773
C000427,4,127.66,7,gold,0,1,144.28,-0.142739
C000428,4,38.89,4,bronze,1,0,0.0,-0.012317
C000429,4,119.53,2,silver,1,0,0.0,-0.119911
C000430,8,144.74,5,silver,1,0,0.0,0.005618
C000431,8,87.43,1,silver,0,0,0.0,-0.144182
C000432,5,249.07,7,silver,0,0,0.0,0.072943
C000433,6,140.83,5,gold,0,0,0.0,0.024383
C000434,6,89.17,4,bronze,1,0,0.0,0.066598
C000435,9,124.42,4,bronze,0,0,0.0,0.146557
C000436,7,113.18,5,bronze,1,0,0.0,0.06474
C000437,8,0.0,2,bronze,1,0,0.0,-0.049942
C000438,6,59.21,6,silver,1,0,0.0,0.043146
C000439,2,119.4,2,silver,0,0,0.0,-0.074455
C000440,5,147.68,4,bronze,0,0,0.0,0.054721
C000441,3,118.56,5,silver,1,0,0.0,-0.001619
C000442,2,63.64,4,gold,1,0,0.0,-0.049709
C000443,7,97.82,7,gold,1,0,0.0,0.453056
C000444,4,107.58,3,silver,1,0,0.0,-0.124995
C000445,4,237.37,2,silver,1,0,0.0,-0.024651
C000446,5,86.57,2,silver,1,0,0.0,0.013727
C000447,8,96.87,4,silver,0,0,0.0,0.124179
C000448,3,167.57,6,silver,1,0,0.0,0.071297
C000449,3,87.49,3,silver,1,0,0.0,-0.147748
C000450,6,0.0,2,silver,1,0,0.0,-0.013255
C000451,11,250.83,4,gold,0,1,30.87,0.074315
C000452,7,147.47,0,gold,0,0,0.0,-0.071449
C000453,5,123.47,6,silver,1,0,0.0,0.021296
C000454,9,148.38,2,silver,1,0,0.0,0.140528
C000455,11,114.78,5,bronze,0,0,0.0,0.076451
C000456,9,247.14,3,bronze,1,0,0.0,0.118142
C000457,6,2.87,3,bronze,1,0,0.0,-0.04672
C000458,7,40.53,5,silver,1,1,138.05,0.056847
C000459,2,55.8,3,silver,1,0,0.0,-0.074313
C000460,3,171.52,3,silver,0,1,284.93,-0.068223
C000461,4,167.23,5,silver,1,0,0.0,-0.001276
C000462,0,138.83,7,silver,0,0,0.0,0.006851
C000463,2,75.77,3,bronze,0,0,0.0,-0.009394
C000464,3,16.36,3,gold,1,0,0.0,-0.196807
C000465,7,129.26,3,silver,1,1,135.41,0.278507
C000466,2,203.68,1,bronze,1,0,0.0,-0.004549
C000467,1,0.0,5,silver,1,0,0.0,-0.072356
C000468,9,169.47,3,silver,0,0,0.0,0.112179
C000469,4,208.11,3,gold,0,0,0.0,0.116549
C000470,6,53.25,2,bronze,1,0,0.0,-0.002374
C000471,2,132.13,0,bronze,1,0,0.0,0.005875
C000472,8,69.61,3,bronze,1,0,0.0,0.018796
C000473,7,68.32,4,bronze,1,0,0.0,0.022881
C000474,5,98.63,5,silver,0,0,0.0,0.203721
C000475,2,170.33,1,gold,1,1,91.14,-0.14949
C000476,4,82.59,8,gold,1,0,0.0,0.179063
C000477,0,200.51,5,bronze,1,0,0.0,-0.031042
C000478,7,207.96,5,gold,1,0,0.0,0.01544
C000479,12,17.77,4,gold,1,1,107.92,0.104383
C000480,10,174.82,5,silver,1,1,154.37,0.44169
C000481,0,86.31,4,silver,1,0,0.0,-0.020268
C000482,2,239.72,0,bronze,0,0,0.0,-0.018527
C000483,5,96.47,2,bronze,1,0,0.0,-0.016776
C000484,7,114.53,2,silver,0,0,0.0,0.031388
C000485,8,150.03,6,gold,0,0,0.0,0.208821
C000486,6,79.12,6,gold,0,0,0.0,-0.308453
C000487,4,90.83,4,silver,0,0,0.0,0.057334
C000488,7,78.88,10,silver,0,0,0.0,0.030478
C000489,9,171.77,3,silver,1,1,107.85,0.125384
C000490,7,208.38,5,silver,1,1,70.2,0.070729
C000491,0,189.46,3,silver,0,0,0.0,-0.00363
C000492,6,171.44,3,silver,1,0,0.0,0.008929
C000493,5,117.05,4,silver,0,0,0.0,0.049171
C000494,10,147.9,3,silver,0,0,0.0,-0.072679
C000495,6,79.31,7,silver,1,0,0.0,0.094703
C000496,3,246.5,4,gold,0,1,55.69,-0.040918
C000497,4,157.94,4,bronze,1,0,0.0,0.000578
C000498,9,140.88,6,silver,0,0,0.0,-0.146635
C000499,3,148.74,3,silver,1,0,0.0,0.126906
C000500,9,186.69,5,silver,0,0,0.0,0.234626
C000501,5,132.13,1,bronze,1,0,0.0,-0.008315
C000502,6,45.29,4,bronze,0,0,0.0,0.019106
C000503,12,127.44,6,gold,0,1,11.79,-0.124277
C000504,8,41.44,9,silver,0,0,0.0,-0.148895
C000505,10,22.65,3,bronze,0,0,0.0,-0.07683
C000506,4,109.32,5,bronze,0,0,0.0,0.021548
C000507,5,126.03,4,gold,1,1,63.67,0.282722
C000508,10,32.21,4,silver,1,1,93.96,0.0272
C000509,5,9.11,7,bronze,0,0,0.0,0.068455
C000510,7,36.13,5,silver,0,0,0.0,0.060527
C000511,7,145.2,1,gold,0,0,0.0,0.104067
C000512,5,0.0,7,bronze,0,0,0.0,0.006849
C000513,3,232.85,5,gold,0,0,0.0,-0.123778
C000514,3,12.81,1,bronze,0,0,0.0,-0.004262
C000515,7,114.56,3,gold,1,1,28.74,0.145494
C000516,8,183.63,2,silver,1,0,0.0,-0.068916
C000517,13,233.3,6,silver,0,0,0.0,0.099695
C000518,4,36.32,2,silver,0,0,0.0,-0.040628
C000519,6,195.36,3,bronze,1,0,0.0,0.042602
C000520,7,141.29,4,bronze,1,0,0.0,0.068067
C000521,3,115.51,7,silver,1,0,0.0,-0.067362
C000522,11,112.65,7,gold,1,0,0.0,0.332678
C000523,6,132.21,5,gold,1,0,0.0,0.152479
C000524,11,0.0,4,silver,1,0,0.0,0.069997
C000525,5,8.92,2,silver,1,0,0.0,0.007725
C000526,4,75.56,6,silver,1,0,0.0,-0.025686
C000527,8,58.78,4,silver,1,1,71.27,0.199221
C000528,12,69.45,4,gold,1,1,30.19,-0.256282
C000529,6,191.85,3,silver,1,0,0.0,0.13526
C000530,10,77.96,4,gold,0,1,83.72,0.06014
C000531,4,200.72,6,bronze,1,0,0.0,0.023554
C000532,1,90.57,5,bronze,1,0,0.0,-0.005241
C000533,2,133.4,3,silver,1,0,0.0,-0.063202
C000534,6,174.11,4,silver,0,1,160.3,-0.032067
C000535,3,161.7,3,silver,1,0,0.0,0.002114
C000536,2,77.84,6,gold,1,0,0.0,0.011481
C000537,0,165.08,4,silver,1,0,0.0,-0.010641
C000538,8,139.07,6,silver,0,0,0.0,-0.189427
C000539,5,129.37,8,silver,0,1,290.49,0.122183
C000540,8,15.38,5,silver,0,1,97.02,0.076695
C000541,4,176.34,2,bronze,1,0,0.0,-0.072333
C000542,5,101.51,3,gold,1,1,215.27,0.031545
C000543,0,131.23,1,gold,1,0,0.0,-0.072994
C000544,8,20.59,3,bronze,0,0,0.0,0.03566
C000545,2,78.59,3,silver,1,0,0.0,0.002342
C000546,4,157.32,4,silver,1,0,0.0,0.107066
C000547,8,1.95,4,bronze,0,0,0.0,0.04643
C000548,3,194.5,6,gold,0,1,83.05,-0.177054
C000549,0,105.11,8,bronze,0,0,0.0,0.004885
C000550,9,50.13,4,gold,0,1,169.68,0.041037
C000551,6,296.8,4,bronze,0,0,0.0,0.133
C000552,2,112.25,5,silver,0,0,0.0,0.018546
C000553,5,162.26,3,bronze,1,0,0.0,0.020265
C000554,8,198.86,4,gold,1,0,0.0,0.176313
C000555,1,154.62,6,bronze,1,0,0.0,-0.0015
C000556,11,178.3,2,gold,0,1,91.51,0.119032
C000557,0,170.96,4,silver,0,0,0.0,-0.045154
C000558,11,76.84,2,silver,0,0,0.0,-0.105992
C000559,9,147.49,3,bronze,0,0,0.0,0.070224
C000560,4,102.49,3,bronze,1,0,0.0,0.034143
C000561,5,20.34,1,silver,0,0,0.0,0.077789
C000562,6,113.58,5,silver,1,0,0.0,0.144053
C000563,9,171.33,5,silver,1,0,0.0,0.11072
C000564,7,67.86,0,silver,1,0,0.0,0.043182
C000565,3,87.08,2,silver,0,0,0.0,-0.049099
C000566,4,90.89,0,silver,0,0,0.0,-0.002278
C000567,10,136.13,2,gold,1,0,0.0,-0.051558
C000568,6,146.64,3,bronze,1,0,0.0,0.026511
C000569,0,55.92,3,bronze,0,0,0.0,-0.008302
C000570,4,54.68,7,silver,1,0,0.0,0.067038
C000571,10,138.75,2,bronze,1,0,0.0,0.002932
C000572,8,189.09,6,gold,1,1,34.56,0.078549
C000573,6,250.12,6,bronze,1,0,0.0,0.125661
C000574,4,170.19,5,bronze,1,0,0.0,0.061815
C000575,8,164.71,6,gold,1,1,29.5,0.053565
C000576,4,57.24,5,silver,1,1,113.84,-0.112454
C000577,0,34.62,7,bronze,1,0,0.0,0.004849
C000578,14,145.89,3,silver,0,0,0.0,0.142095
C000579,4,137.98,4,silver,1,0,0.0,0.02355
C000580,12,134.6,4,bronze,1,0,0.0,0.043682
C000581,7,42.95,3,silver,1,0,0.0,-0.029916
C000582,4,170.73,5,silver,1,0,0.0,-0.133987
C000583,5,91.14,2,bronze,1,0,0.0,-0.017825
C000584,6,169.0,5,silver,1,1,163.88,0.052763
C000585,4,12.21,6,bronze,0,0,0.0,-0.043512
C000586,4,127.27,4,silver,1,0,0.0,0.005294
C000587,5,98.82,7,silver,1,0,0.0,0.076439
C000588,0,107.38,6,gold,1,1,27.33,-0.128258
C000589,9,171.44,6,bronze,0,0,0.0,0.090461
C000590,10,125.9,4,silver,0,0,0.0,0.118448
C000591,10,109.58,4,silver,0,0,0.0,0.013601
C000592,7,167.83,5,silver,0,0,0.0,0.189202
C000593,7,138.73,4,bronze,1,0,0.0,0.104009
C000594,7,9.35,3,silver,0,0,0.0,0.13296
C000595,8,0.0,6,silver,0,1,20.71,-0.010422
C000596,8,11.27,0,silver,0,0,0.0,-0.080822
C000597,4,181.59,6,gold,0,0,0.0,0.080229
C000598,11,157.03,3,silver,0,0,0.0,0.219592
C000599,5,82.25,7,bronze,0,0,0.0,0.041162
C000600,1,145.82,8,bronze,0,0,0.0,0.011387
C000601,9,13.42,7,bronze,0,0,0.0,0.078194
C000602,9,152.64,8,bronze,0,0,0.0,0.050304
C000603,2,121.0,1,gold,0,0,0.0,-0.392404
C000604,4,175.03,6,gold,1,0,0.0,-0.179934
C000605,8,192.25,4,gold,1,1,119.6,0.043483
C000606,4,53.42,4,silver,1,0,0.0,0.14114
C000607,10,0.0,4,silver,1,1,189.78,-0.127246
C000608,3,32.49,5,bronze,1,0,0.0,0.002621
C000609,10,155.29,6,bronze,0,0,0.0,0.072772
C000610,3,81.24,6,silver,1,0,0.0,-0.013719
C000611,4,254.87,3,bronze,0,0,0.0,0.003576
C000612,8,91.93,5,silver,0,0,0.0,0.014147
C000613,6,204.94,4,silver,1,0,0.0,0.246524
C000614,2,74.58,5,bronze,1,0,0.0,0.005199
C000615,3,252.45,7,bronze,0,0,0.0,0.004288
C000616,6,162.17,5,silver,1,0,0.0,-0.025482
C000617,7,131.68,3,silver,0,0,0.0,0.027688
C000618,7,128.47,3,silver,0,0,0.0,0.130398
C000619,10,44.21,5,silver,1,1,41.05,0.08326
C000620,8,146.55,4,silver,1,0,0.0,0.224151
C000621,7,44.65,4,silver,1,0,0.0,0.131161
C000622,8,105.61,5,silver,0,0,0.0,-0.008465
C000623,10,109.65,4,bronze,0,0,0.0,0.047678
C000624,3,21.36,9,silver,0,0,0.0,0.016707
C000625,5,91.69,7,bronze,1,0,0.0,0.017119
C000626,5,102.92,6,silver,0,0,0.0,-0.009912
C000627,9,0.0,8,gold,0,1,82.35,0.35299
C000628,4,166.76,2,silver,1,0,0.0,-0.165728
C000629,6,185.57,0,silver,0,0,0.0,0.012092
C000630,8,159.72,5,bronze,0,0,0.0,0.045358
C000631,4,194.54,0,gold,1,0,0.0,0.022374
C000632,7,206.23,2,silver,0,0,0.0,-0.024106
C000633,5,58.14,6,bronze,1,0,0.0,0.003931
C000634,12,158.5,6,gold,1,0,0.0,-0.080211
C000635,5,83.71,5,gold,1,1,198.04,-0.071064
C000636,13,155.69,2,silver,1,1,55.63,-0.137461
C000637,9,109.16,3,silver,0,1,19.36,0.097509
C000638,8,47.14,5,silver,1,0,0.0,0.144933
C000639,13,16.98,2,silver,1,1,70.17,-0.207503
C000640,10,87.27,3,silver,1,1,27.71,0.09118
C000641,2,183.13,5,gold,0,1,44.2,-0.217286
C000642,4,190.73,1,silver,0,0,0.0,-0.007688
C000643,3,205.0,5,gold,1,1,27.19,0.123893
C000644,9,117.41,3,bronze,1,0,0.0,0.068325
C000645,5,36.73,6,silver,0,0,0.0,0.114139
C000646,8,43.44,4,silver,1,0,0.0,-0.133788
C000647,6,61.75,3,silver,1,0,0.0,0.14618
C000648,8,183.79,7,bronze,0,0,0.0,0.085994
C000649,5,154.59,1,gold,1,1,214.62,-0.434986
C000650,12,47.58,3,bronze,0,0,0.0,-0.028325
C000651,3,149.91,4,gold,0,0,0.0,0.149182
C000652,9,144.65,5,bronze,1,0,0.0,0.038676
C000653,7,62.01,3,bronze,1,0,0.0,0.035364
C000654,7,98.59,0,silver,1,0,0.0,-0.012282
C000655,8,88.66,3,silver,0,0,0.0,0.132009
C000656,4,170.24,3,silver,0,0,0.0,0.015035
C000657,3,128.49,5,silver,0,1,399.9,-0.06142
C000658,5,33.95,7,gold,1,0,0.0,0.321225
C000659,3,96.8,5,gold,1,1,62.6,-0.180845
C000660,6,113.48,4,gold,0,0,0.0,-0.209466
C000661,5,158.91,1,silver,0,1,183.22,-0.167019
C000662,5,201.85,5,gold,1,0,0.0,-0.055381
C000663,4,93.73,5,bronze,0,0,0.0,-0.023394
C000664,4,132.03,4,silver,1,1,62.7,-0.038885
C000665,6,154.3,5,bronze,1,0,0.0,-0.001959
C000666,6,29.01,4,gold,0,0,0.0,0.182366
C000667,3,170.39,2,gold,1,0,0.0,-0.269158
C000668,7,108.31,5,gold,1,1,407.98,0.261668
C000669,4,20.85,3,silver,0,0,0.0,0.025697
C000670,10,172.8,4,silver,0,1,28.43,0.131242
C000671,6,130.86,5,silver,1,0,0.0,0.062172
C000672,4,108.31,5,bronze,0,0,0.0,0.000321
C000673,4,156.81,3,bronze,1,0,0.0,0.005441
C000674,7,158.51,3,silver,1,0,0.0,0.023449
C000675,5,141.29,2,gold,1,0,0.0,-0.164277
C000676,6,47.52,4,gold,1,1,48.68,0.131724
C000677,4,263.44,3,gold,0,0,0.0,0.000571
C000678,8,88.17,4,silver,0,1,185.26,0.161694
C000679,2,107.34,4,bronze,0,0,0.0,-0.00286
C000680,6,125.5,4,gold,0,0,0.0,-0.08576
C000681,2,146.76,3,bronze,0,0,0.0,0.009579
C000682,8,49.57,3,silver,1,0,0.0,0.074798
C000683,7,51.56,4,silver,1,0,0.0,-0.065109
C000684,7,138.73,7,bronze,1,1,2.84,0.075907
C000685,4,118.08,4,bronze,1,0,0.0,0.033809
C000686,10,137.86,2,bronze,0,0,0.0,-0.026632
C000687,3,37.54,4,silver,0,0,0.0,0.001135
C000688,5,225.7,3,silver,1,1,76.08,0.028688
C000689,9,167.68,6,silver,1,0,0.0,0.151145
C000690,4,77.41,5,bronze,0,0,0.0,0.014952
C000691,3,98.11,3,silver,1,0,0.0,-0.058435
C000692,12,238.6,5,silver,1,1,118.61,0.161508
C000693,6,157.82,0,silver,0,1,226.22,-0.163751
C000694,2,122.0,9,bronze,0,0,0.0,-0.002716
C000695,8,128.16,5,gold,1,0,0.0,-0.040185
C000696,4,196.27,6,gold,0,1,107.87,-0.200832
C000697,3,91.81,4,silver,1,0,0.0,-0.010858
C000698,7,91.19,5,bronze,1,1,106.31,0.012382
C000699,8,157.53,4,silver,0,0,0.0,0.372324
C000700,4,54.54,0,bronze,0,0,0.0,-0.001552
C000701,1,32.74,5,silver,1,0,0.0,-0.062906
C000702,13,139.75,7,bronze,1,0,0.0,0.074051
C000703,10,89.13,2,silver,0,0,0.0,0.032585
C000704,13,263.8,2,silver,1,0,0.0,-0.16724
C000705,8,96.22,3,gold,0,0,0.0,0.152166
C000706,11,140.46,2,gold,1,1,186.98,-0.030182
C000707,8,97.68,5,bronze,1,0,0.0,0.03164
C000708,5,86.24,6,silver,1,0,0.0,0.030067
C000709,9,146.14,4,silver,0,0,0.0,-0.008659
C000710,4,183.98,5,bronze,0,0,0.0,0.121168
C000711,9,213.67,7,bronze,0,0,0.0,0.098367
C000712,7,0.0,3,silver,1,0,0.0,0.141906
C000713,5,145.44,4,silver,1,0,0.0,-0.031951
C000714,7,194.39,7,silver,0,0,0.0,0.029755
C000715,3,94.19,1,gold,1,0,0.0,-0.127517
C000716,5,126.81,3,silver,1,0,0.0,-0.033236
C000717,7,43.13,2,gold,0,0,0.0,0.107302
C000718,1,158.38,1,silver,0,0,0.0,-0.030539
C000719,6,132.33,6,bronze,0,1,183.27,0.011669
C000720,2,154.28,1,bronze,0,0,0.0,-0.00115
C000721,4,61.91,2,gold,1,0,0.0,0.047824
C000722,1,172.74,1,silver,1,0,0.0,-0.091318
C000723,6,4.31,2,silver,1,0,0.0,-0.007898
C000724,9,72.88,5,gold,0,1,125.76,0.012049
C000725,3,159.57,5,bronze,0,0,0.0,-0.049562
C000726,4,1.43,5,gold,0,0,0.0,-0.214718
C000727,6,65.61,5,silver,1,0,0.0,0.105065
C000728,5,0.0,2,silver,0,0,0.0,-0.128586
C000729,6,142.61,7,silver,0,0,0.0,-0.030415
C000730,5,75.11,1,bronze,1,0,0.0,-0.012987
C000731,4,59.81,4,bronze,1,0,0.0,-0.000212
C000732,8,154.78,1,gold,1,1,117.39,0.024676
C000733,6,153.33,5,bronze,1,0,0.0,0.053962
C000734,3,29.15,4,silver,1,0,0.0,-0.009821
C000735,4,129.21,1,gold,0,0,0.0,-0.121927
C000736,5,41.25,4,bronze,0,0,0.0,-0.006172
C000737,3,120.61,3,silver,1,0,0.0,-0.024575
C000738,7,77.71,1,silver,1,0,0.0,-0.217703
C000739,6,156.23,2,bronze,0,0,0.0,-0.054328
C000740,7,178.27,3,bronze,1,0,0.0,0.108215
C000741,2,0.0,4,bronze,0,0,0.0,-0.00833
C000742,4,159.17,5,silver,0,0,0.0,0.065951
C000743,10,166.76,1,gold,1,0,0.0,-0.213391
C000744,9,131.49,4,silver,0,0,0.0,0.054619
C000745,6,318.34,3,silver,0,0,0.0,-0.05277
C000746,6,172.89,3,bronze,0,0,0.0,-0.006759
C000747,5,80.01,4,silver,0,1,92.83,-0.027297
C000748,2,104.12,5,silver,1,0,0.0,-0.048026
C000749,1,150.24,5,silver,0,0,0.0,-0.036822
C000750,6,117.27,3,silver,0,1,16.36,-0.028134
C000751,5,69.11,5,bronze,0,0,0.0,-0.000198
C000752,7,63.0,6,silver,0,0,0.0,0.006126
C000753,4,232.01,6,bronze,0,0,0.0,0.029644
C000754,5,138.95,2,silver,0,0,0.0,0.117957
C000755,3,158.24,4,silver,1,0,0.0,0.04848
C000756,8,43.14,5,silver,1,0,0.0,0.016025
C000757,5,112.63,5,bronze,0,0,0.0,0.074557
C000758,6,117.5,3,silver,0,0,0.0,-0.053577
C000759,8,169.52,7,silver,1,1,59.73,0.312852
C000760,7,148.08,4,bronze,1,0,0.0,0.023125
C000761,1,251.99,4,bronze,1,0,0.0,0.008397
C000762,3,174.07,4,bronze,1,0,0.0,-0.0054
C000763,4,97.63,3,gold,1,0,0.0,-0.369387
C000764,3,132.14,5,silver,1,0,0.0,-0.036653
C000765,9,112.86,3,gold,1,1,27.36,-0.314633
C000766,8,104.01,7,gold,0,1,166.81,0.116254
C000767,6,121.64,1,gold,0,1,213.27,-0.181612
C000768,6,124.9,5,silver,1,1,45.48,-0.052921
C000769,9,208.79,5,gold,1,1,66.92,0.350269
C000770,4,112.24,1,gold,1,0,0.0,0.013547
C000771,5,103.07,3,bronze,0,0,0.0,0.029127
C000772,4,115.41,1,silver,0,1,192.3,-0.044683
C000773,0,227.54,4,silver,0,0,0.0,0.00832
C000774,4,107.63,2,silver,1,0,0.0,0.033209
C000775,7,90.46,2,silver,1,0,0.0,0.031568
C000776,7,152.48,6,bronze,1,0,0.0,0.027974
C000777,12,43.27,2,silver,1,0,0.0,0.117965
C000778,15,121.25,0,silver,1,0,0.0,-0.087661
C000779,4,0.0,6,silver,1,0,0.0,-0.138726
C000780,8,114.98,2,gold,0,1,95.03,0.078575
C000781,6,43.49,3,gold,0,1,82.08,0.043972
C000782,12,219.7,4,silver,0,0,0.0,-0.002382
C000783,11,128.16,7,bronze,1,0,0.0,0.064219
C000784,1,152.22,7,gold,1,0,0.0,-0.172206
C000785,7,155.86,1,bronze,1,0,0.0,0.022239
C000786,5,65.57,5,silver,1,0,0.0,0.108542
C000787,8,225.21,0,gold,0,0,0.0,-0.214836
C000788,9,93.53,6,silver,0,0,0.0,-0.149651
C000789,9,23.04,0,silver,1,0,0.0,-0.08422
C000790,4,73.28,8,silver,0,0,0.0,-0.049563
C000791,9,208.57,3,silver,0,0,0.0,0.143133
C000792,5,134.86,4,silver,1,0,0.0,0.025727
C000793,7,99.45,5,gold,0,1,47.97,-0.163238
C000794,8,167.08,4,silver,1,1,53.71,0.016675
C000795,6,192.73,6,gold,1,0,0.0,-0.105194
C000796,7,274.39,3,gold,0,0,0.0,0.050268
C000797,7,187.96,5,silver,1,1,63.22,0.000471
C000798,8,238.62,4,gold,1,0,0.0,-0.276237
C000799,5,107.17,8,silver,0,0,0.0,0.008189
C000800,4,191.64,2,silver,0,0,0.0,-0.051167
C000801,6,223.09,0,bronze,1,0,0.0,0.012206
C000802,11,117.83,4,gold,1,1,139.82,-0.20203
C000803,4,5.29,0,bronze,1,0,0.0,-0.033706
C000804,6,103.86,8,silver,1,0,0.0,0.101165
C000805,9,136.44,7,bronze,1,0,0.0,0.047306
C000806,0,184.04,4,bronze,1,0,0.0,-0.000575
C000807,6,94.71,4,silver,0,1,9.74,0.007351
C000808,4,82.12,4,bronze,1,0,0.0,0.002279
C000809,7,122.03,2,gold,1,0,0.0,-0.024104
C000810,12,188.31,6,silver,0,1,75.82,0.17525
C000811,11,140.11,5,silver,0,0,0.0,0.124476
C000812,4,138.4,3,silver,1,0,0.0,0.008355
C000813,8,125.84,2,silver,1,1,36.8,-0.053087
C000814,11,44.7,4,gold,0,1,28.32,-0.009295
C000815,7,151.86,6,bronze,1,0,0.0,0.033433
C000816,0,191.4,1,silver,1,0,0.0,-0.046372
C000817,3,202.79,4,bronze,0,0,0.0,0.058218
C000818,3,201.78,1,silver,0,0,0.0,-0.030895
C000819,7,121.72,5,gold,1,0,0.0,0.106869
C000820,8,46.1,4,gold,1,1,32.88,0.072103
C000821,8,129.74,2,silver,0,0,0.0,-0.233894
C000822,6,190.81,8,silver,1,1,18.13,-0.106283
C000823,1,68.05,5,bronze,0,0,0.0,-0.006296
C000824,5,128.53,5,gold,0,0,0.0,-0.051573
C000825,8,161.67,3,silver,0,1,29.84,0.168063
C000826,4,68.45,2,silver,1,0,0.0,0.024021
C000827,11,269.53,1,bronze,0,0,0.0,-0.009924
C000828,9,183.85,5,gold,1,1,40.46,0.142737
C000829,7,276.02,4,bronze,1,0,0.0,0.081048
C000830,2,103.67,3,bronze,0,0,0.0,-0.001959
C000831,3,123.89,2,silver,0,0,0.0,-0.048234
C000832,6,219.94,1,silver,1,0,0.0,0.105175
C000833,3,114.22,1,silver,0,1,194.77,0.001561
C000834,0,139.55,4,silver,1,0,0.0,-0.051539
C000835,9,202.73,6,silver,0,0,0.0,0.098267
C000836,3,109.89,3,silver,1,0,0.0,-0.035288
C000837,3,285.55,3,gold,1,0,0.0,0.010161
C000838,2,200.31,6,bronze,0,0,0.0,-0.000316
C000839,1,104.99,4,silver,0,0,0.0,-0.108518
C000840,4,102.56,4,bronze,1,0,0.0,0.001749
C000841,0,246.55,5,bronze,1,0,0.0,-0.028203
C000842,9,108.14,6,bronze,0,1,63.62,0.104274
C000843,6,233.04,8,silver,1,0,0.0,-0.148311
C000844,2,78.85,6,silver,0,0,0.0,-0.086901
C000845,7,199.86,5,silver,0,0,0.0,-0.014137
C000846,10,158.2,6,silver,1,1,146.13,0.082358
C000847,6,0.0,5,silver,1,0,0.0,0.113452
C000848,9,108.74,4,silver,1,0,0.0,0.065197
C000849,6,132.03,4,silver,0,0,0.0,0.067694
C000850,6,88.52,3,bronze,0,0,0.0,-0.008531
C000851,6,42.8,4,silver,0,0,0.0,0.18724
C000852,5,136.44,3,bronze,1,0,0.0,0.114889
C000853,6,177.08,3,bronze,1,0,0.0,0.084464
C000854,9,118.14,1,silver,0,0,0.0,-0.020782
C000855,6,39.76,6,silver,0,0,0.0,-0.242373
C000856,3,158.35,1,silver,1,0,0.0,-0.019275
C000857,9,142.12,5,bronze,0,0,0.0,0.246063
C000858,6,233.94,3,silver,1,0,0.0,0.062773
C000859,4,97.1,2,silver,0,0,0.0,0.063022
C000860,5,122.14,6,silver,1,0,0.0,0.03852
C000861,9,99.4,8,silver,0,0,0.0,0.010715
C000862,7,63.88,2,silver,1,0,0.0,-0.009594
C000863,6,130.72,7,silver,0,0,0.0,-0.129121
C000864,8,160.76,4,gold,1,0,0.0,-0.244255
C000865,2,117.64,1,silver,1,0,0.0,-0.041601
C000866,8,160.14,5,gold,1,1,62.17,0.475999
C000867,6,143.48,5,silver,0,0,0.0,-0.089046
C000868,5,85.66,0,bronze,0,0,0.0,0.006295
C000869,7,0.0,0,silver,1,0,0.0,-0.018539
C000870,9,47.95,3,gold,1,0,0.0,0.042451
C000871,9,1.76,4,bronze,0,0,0.0,0.016025
C000872,8,148.32,3,gold,0,0,0.0,-0.171074
C000873,2,116.28,4,gold,1,1,57.23,-0.18106
C000874,6,234.25,0,silver,1,0,0.0,0.115222
C000875,3,187.2,11,silver,0,0,0.0,0.023889
C000876,9,173.75,9,bronze,0,0,0.0,0.06376
C000877,8,35.53,2,silver,0,0,0.0,0.018541
C000878,6,180.26,9,gold,1,1,74.81,-0.155218
C000879,3,153.17,4,bronze,0,1,4.26,-0.015858
C000880,5,54.99,3,bronze,0,0,0.0,0.006192
C000881,7,124.2,3,silver,1,0,0.0,0.077536
C000882,0,88.27,4,silver,1,0,0.0,-0.176228
C000883,7,180.85,5,silver,1,0,0.0,0.008912
C000884,6,125.22,6,bronze,1,0,0.0,0.025676
C000885,7,61.93,3,silver,1,0,0.0,0.155968
C000886,0,45.6,7,bronze,0,0,0.0,-0.00139
C000887,1,0.0,0,silver,1,0,0.0,-0.027938
C000888,10,72.65,5,silver,0,0,0.0,0.08023
C000889,5,86.28,5,silver,0,0,0.0,0.084656
C000890,6,88.87,10,silver,0,0,0.0,0.023996
C000891,1,78.1,7,silver,1,0,0.0,-0.079003
C000892,7,116.36,3,bronze,1,0,0.0,0.035293
C000893,6,271.1,0,gold,0,0,0.0,0.13504
C000894,5,41.39,6,gold,0,0,0.0,0.042463
C000895,8,163.63,8,silver,1,0,0.0,-0.039355
C000896,8,13.62,4,silver,1,1,46.57,-0.223318
C000897,3,144.12,3,bronze,1,0,0.0,-0.019939
C000898,11,39.39,7,silver,0,1,108.71,0.082833
C000899,3,119.3,4,silver,1,0,0.0,0.029514
C000900,9,111.12,4,silver,0,0,0.0,-0.013089
C000901,11,170.33,7,silver,1,0,0.0,0.146279
C000902,11,205.22,3,silver,1,1,10.91,0.076574
C000903,5,69.94,4,silver,1,1,35.8,0.219852
C000904,2,117.58,3,silver,0,0,0.0,-0.040176
C000905,7,110.53,4,silver,1,0,0.0,0.267704
C000906,7,45.78,4,bronze,0,0,0.0,-0.002852
C000907,8,123.3,2,silver,1,0,0.0,-0.080514
C000908,3,92.12,6,silver,0,0,0.0,0.105383
C000909,7,197.24,3,silver,1,0,0.0,0.051839
C000910,5,115.91,4,bronze,1,0,0.0,0.033343
C000911,9,112.1,2,bronze,0,0,0.0,0.007743
C000912,4,163.81,2,bronze,0,0,0.0,-0.017871
C000913,4,19.15,4,silver,1,0,0.0,-0.018968
C000914,7,137.93,9,gold,1,1,54.46,-0.13642
C000915,10,109.25,7,bronze,0,0,0.0,0.137195
C000916,3,29.1,2,gold,1,0,0.0,0.161176
C000917,7,152.46,2,silver,1,0,0.0,-0.167092
C000918,4,63.12,5,gold,1,0,0.0,0.00491
C000919,4,101.3,1,silver,0,0,0.0,0.118662
C000920,10,171.61,7,silver,1,1,105.36,-0.106504
C000921,3,156.5,4,silver,0,0,0.0,-0.077709
C000922,3,157.12,8,bronze,0,0,0.0,-0.004303
C000923,7,186.68,4,gold,1,1,18.86,-0.146455
C000924,8,83.53,8,bronze,0,0,0.0,0.109453
C000925,2,88.9,6,gold,0,1,58.67,-0.014948
C000926,4,229.02,5,silver,1,1,26.85,-0.074188
C000927,4,77.5,6,gold,0,0,0.0,-0.104885
C000928,9,110.01,10,gold,1,1,17.55,-0.056541
C000929,5,111.84,5,silver,0,0,0.0,0.129755
C000930,8,0.0,7,bronze,1,0,0.0,0.032815
C000931,6,114.84,4,silver,0,0,0.0,0.190905
C000932,5,175.78,3,silver,0,0,0.0,0.270397
C000933,10,142.54,1,silver,0,1,114.86,-0.080727
C000934,5,160.24,1,silver,0,0,0.0,0.022625
C000935,1,237.72,3,bronze,1,0,0.0,0.008095
C000936,11,149.49,5,bronze,1,1,39.98,0.043916
C000937,3,163.69,3,silver,0,0,0.0,-0.056655
C000938,5,172.67,6,gold,0,1,116.09,-0.243257
C000939,8,131.18,2,gold,0,0,0.0,-0.073826
C000940,4,168.46,8,gold,1,0,0.0,-0.137558
C000941,5,110.51,5,silver,1,0,0.0,0.024616
C000942,6,110.96,6,silver,1,1,267.01,0.069005
C000943,7,54.29,2,silver,0,1,72.2,0.084899
C000944,1,43.33,6,silver,0,1,48.42,-0.078479
C000945,11,61.3,6,bronze,0,0,0.0,-0.05151
C000946,7,160.3,7,gold,0,1,10.05,0.114733
C000947,3,79.16,4,gold,0,1,51.66,-0.062097
C000948,7,140.75,7,silver,1,0,0.0,0.069518
C000949,0,185.44,1,silver,0,0,0.0,-0.034296
C000950,7,227.3,6,silver,0,0,0.0,0.000147
C000951,7,148.97,4,silver,0,0,0.0,-0.141626
C000952,9,143.08,4,bronze,1,0,0.0,0.098612
C000953,11,232.08,7,bronze,0,0,0.0,0.093089
C000954,9,124.53,4,silver,0,0,0.0,-0.01338
C000955,8,81.59,4,bronze,0,0,0.0,0.023815
C000956,7,168.99,6,silver,1,0,0.0,0.168427
C000957,6,216.32,2,silver,0,0,0.0,0.189456
C000958,6,86.32,6,silver,1,0,0.0,0.127953
C000959,12,140.89,4,silver,0,0,0.0,-0.167248
C000960,5,64.52,2,silver,0,0,0.0,-0.066208
C000961,11,220.42,1,bronze,0,0,0.0,0.016211
C000962,3,277.78,4,bronze,0,0,0.0,0.03266
C000963,12,128.31,2,bronze,0,1,74.08,-0.168333
C000964,3,184.12,6,gold,0,0,0.0,-0.171797
C000965,6,258.1,6,silver,1,0,0.0,-0.078536
C000966,8,86.15,6,silver,0,0,0.0,0.117648
C000967,8,65.55,4,gold,1,1,118.62,0.065551
C000968,7,170.44,3,bronze,0,0,0.0,0.022778
C000969,3,212.45,7,silver,1,0,0.0,-0.09052
C000970,5,126.45,3,silver,0,0,0.0,-0.052867
C000971,7,222.33,5,gold,1,1,346.06,0.280626
C000972,9,18.22,3,gold,1,1,9.19,-0.096993
C000973,5,118.38,7,bronze,1,0,0.0,0.047931
C000974,3,157.52,6,silver,0,0,0.0,0.074548
C000975,10,33.11,6,gold,0,1,107.1,0.171169
C000976,8,104.48,5,bronze,1,0,0.0,0.085507
C000977,5,189.69,3,gold,1,0,0.0,-0.423404
C000978,9,51.54,5,silver,0,0,0.0,0.099092
C000979,6,117.56,7,bronze,1,1,11.5,0.079967
C000980,6,0.0,1,bronze,1,0,0.0,-0.017028
C000981,3,197.34,7,gold,0,0,0.0,0.161716
C000982,3,82.49,2,silver,0,0,0.0,-0.00217
C000983,10,277.35,0,bronze,1,0,0.0,-0.004207
C000984,4,151.86,0,bronze,0,0,0.0,-0.008933
C000985,5,155.97,5,bronze,0,0,0.0,0.035723
C000986,8,118.76,3,silver,0,0,0.0,0.127659
C000987,9,92.23,3,silver,0,0,0.0,-0.001541
C000988,7,79.5,4,gold,1,0,0.0,0.131919
C000989,9,319.63,2,gold,1,1,41.73,0.177189
C000990,1,190.92,2,silver,1,0,0.0,-0.091343
C000991,6,73.28,1,bronze,1,0,0.0,-0.002674
C000992,9,87.67,5,silver,1,0,0.0,0.047149
C000993,12,72.97,0,silver,0,0,0.0,-0.226397
C000994,8,133.52,2,bronze,1,0,0.0,-0.149052
C000995,10,98.89,3,silver,0,1,64.14,0.057771
C000996,6,90.62,6,silver,1,0,0.0,0.162331
C000997,1,73.11,3,gold,0,1,23.42,-0.090557
C000998,0,0.0,4,silver,0,0,0.0,-0.006891
C000999,9,186.08,1,silver,0,0,0.0,-0.026404
C001000,4,115.38,3,gold,1,0,0.0,-0.181215
C001001,5,48.92,4,gold,1,0,0.0,0.074805
C001002,7,54.75,5,gold,0,0,0.0,0.062189
C001003,6,151.4,1,silver,1,0,0.0,-0.007442
C001004,4,179.37,4,silver,0,0,0.0,0.051209
C001005,12,90.05,2,gold,0,1,97.94,-0.072346
C001006,10,96.76,3,gold,1,1,85.76,0.079401
C001007,8,160.83,5,silver,1,1,63.67,0.035853
C001008,6,41.15,3,gold,0,1,81.86,-0.069137
C001009,3,121.91,6,silver,0,0,0.0,-0.107348
C001010,4,74.96,4,silver,1,0,0.0,0.030092
C001011,7,159.03,3,bronze,1,0,0.0,0.129674
C001012,8,131.11,3,gold,1,1,81.48,0.049573
C001013,0,157.12,7,silver,0,0,0.0,0.008889
C001014,8,168.89,1,bronze,0,0,0.0,-0.092278
C001015,6,119.37,3,silver,0,0,0.0,-0.120109
C001016,3,223.42,1,silver,1,0,0.0,-0.134093
C001017,5,115.14,9,bronze,0,0,0.0,0.205473
C001018,5,94.92,4,gold,0,0,0.0,-0.160731
C001019,12,219.11,2,silver,0,0,0.0,0.009382
C001020,0,0.0,4,silver,1,0,0.0,-0.117555
C001021,1,194.11,5,silver,1,0,0.0,-0.085627
C001022,6,207.79,4,gold,1,0,0.0,0.138477
C001023,7,0.0,4,bronze,0,0,0.0,0.003218
C001024,2,163.11,1,gold,0,1,62.26,-0.395231
C001025,5,231.25,5,silver,1,1,97.55,0.215619
C001026,7,228.29,3,silver,0,0,0.0,0.068529
C001027,5,0.0,4,silver,1,0,0.0,0.019802
C001028,4,98.59,4,bronze,0,0,0.0,0.022041
C001029,1,67.27,6,bronze,1,0,0.0,-0.010606
C001030,7,59.25,8,silver,1,0,0.0,0.088019
C001031,3,86.48,6,bronze,0,0,0.0,-0.023819
C001032,6,81.51,5,bronze,1,0,0.0,0.051357
C001033,2,61.0,3,silver,0,0,0.0,-0.024936
C001034,4,103.86,2,bronze,1,0,0.0,-0.057943
C001035,8,38.85,0,bronze,0,0,0.0,-0.046709
C001036,6,172.95,5,bronze,1,0,0.0,0.055079
C001037,0,211.91,3,silver,0,0,0.0,-0.085326
C001038,7,202.28,7,silver,0,0,0.0,0.219805
C001039,3,149.67,8,gold,1,1,130.63,-0.114312
C001040,2,62.45,5,gold,0,0,0.0,-0.019555
C001041,5,68.5,2,bronze,1,0,0.0,-0.026284
C001042,2,163.74,1,silver,1,0,0.0,-0.032042
C001043,3,112.98,5,gold,0,0,0.0,-0.178444
C001044,10,54.22,3,bronze,0,0,0.0,-0.019071
C001045,9,68.65,6,silver,1,0,0.0,0.018354
C001046,7,21.44,0,silver,1,0,0.0,-0.042821
C001047,8,81.43,4,silver,1,0,0.0,0.156478
C001048,8,178.71,8,gold,1,0,0.0,0.18234
C001049,6,52.0,8,bronze,1,0,0.0,0.062738
C001050,12,191.23,5,silver,0,0,0.0,0.468802
C001051,10,107.09,5,silver,0,0,0.0,-0.00738
C001052,4,0.0,5,silver,0,0,0.0,-0.007329
C001053,8,75.3,3,silver,1,0,0.0,-0.034824
C001054,4,188.04,4,silver,1,0,0.0,0.002094
C001055,0,0.0,0,silver,0,0,0.0,-0.072096
C001056,8,196.3,7,gold,1,0,0.0,0.155129
C001057,6,113.11,8,silver,1,0,0.0,0.0223
C001058,4,134.24,4,gold,1,0,0.0,-0.048967
C001059,11,75.98,1,silver,1,0,0.0,-0.088356
C001060,8,60.49,7,silver,1,0,0.0,0.062011
C001061,6,8.11,6,silver,0,0,0.0,-0.031579
C001062,9,114.68,3,bronze,1,0,0.0,0.044534
C001063,4,269.44,2,silver,1,0,0.0,0.177505
C001064,8,102.54,9,silver,0,0,0.0,-0.194667
C001065,6,179.4,8,silver,1,1,110.51,0.010424
C001066,6,82.22,7,silver,0,0,0.0,0.022263
C001067,2,176.32,3,bronze,0,0,0.0,0.002205
C001068,9,67.88,7,silver,1,0,0.0,0.048532
C001069,8,162.91,5,gold,1,0,0.0,-0.292059
C001070,11,123.15,4,silver,1,0,0.0,-0.019277
C001071,8,142.51,5,silver,1,0,0.0,0.040141
C001072,6,113.34,7,silver,0,0,0.0,0.026922
C001073,10,27.31,3,silver,0,0,0.0,0.047872
C001074,10,96.81,5,gold,0,1,72.71,0.301989
C001075,8,131.93,3,silver,0,0,0.0,0.131187
C001076,6,158.83,5,gold,0,1,36.27,0.295625
C001077,3,137.36,7,bronze,1,0,0.0,0.022746
C001078,4,86.68,0,bronze,1,0,0.0,-0.000631
C001079,3,133.24,4,silver,1,0,0.0,0.165967
C001080,4,224.59,2,bronze,1,0,0.0,-0.059541
C001081,4,247.74,6,silver,1,0,0.0,-0.217478
C001082,7,150.69,4,silver,0,0,0.0,-0.031044
C001083,6,38.48,0,gold,0,1,147.67,0.115898
C001084,5,112.04,3,silver,0,0,0.0,0.133706
C001085,6,152.05,5,silver,0,0,0.0,0.019871
C001086,11,75.14,3,silver,0,0,0.0,0.022912
C001087,8,68.85,7,silver,0,0,0.0,0.073481
C001088,4,208.74,4,gold,0,0,0.0,-0.093023
C001089,6,81.84,5,bronze,1,0,0.0,0.034558
C001090,3,48.23,6,gold,1,1,205.83,-0.017141
C001091,4,235.51,4,silver,1,1,4.15,0.009804
C001092,8,147.47,4,silver,1,0,0.0,0.301233
C001093,3,120.76,4,gold,1,0,0.0,-0.227179
C001094,2,44.27,5,silver,0,0,0.0,-0.061398
C001095,11,24.98,2,silver,1,0,0.0,-0.142433
C001096,9,161.78,2,silver,0,0,0.0,0.017082
C001097,6,218.36,5,silver,0,0,0.0,-0.013728
C001098,5,232.21,6,gold,0,1,86.14,-0.050852
C001099,4,240.37,5,silver,0,0,0.0,0.095906
C001100,4,119.32,1,silver,1,0,0.0,-0.063663
C001101,2,126.91,5,bronze,1,0,0.0,0.018801
C001102,4,0.0,2,bronze,0,0,0.0,-0.043232
C001103,9,128.47,3,bronze,0,0,0.0,0.042614
C001104,8,81.92,4,bronze,0,0,0.0,0.021742
C001105,6,61.65,3,bronze,0,0,0.0,0.037293
C001106,7,0.0,2,gold,0,0,0.0,-0.015517
C001107,0,118.97,3,silver,0,0,0.0,-0.007758
C001108,8,113.98,5,gold,1,1,24.15,0.303187
C001109,7,88.04,5,silver,1,0,0.0,0.032698
C001110,2,91.88,3,silver,1,0,0.0,-0.040473
C001111,6,148.82,5,bronze,1,1,48.2,-0.048275
C001112,0,82.49,2,gold,1,0,0.0,-0.000978
C001113,0,126.32,6,gold,1,0,0.0,-0.132214
C001114,4,121.79,6,bronze,1,0,0.0,-0.00724
C001115,3,27.45,5,silver,0,0,0.0,-0.043808
C001116,8,111.12,3,silver,1,0,0.0,0.166464
C001117,5,88.25,3,silver,0,0,0.0,-0.07265
C001118,8,199.32,4,bronze,0,1,95.5,0.048938
C001119,15,25.53,4,silver,1,1,53.25,0.285007
C001120,2,158.51,7,gold,0,1,212.16,-0.142504
C001121,4,137.62,2,silver,0,0,0.0,0.204007
C001122,9,41.88,3,silver,0,0,0.0,0.144642
C001123,3,252.26,9,silver,1,1,183.5,0.021608
C001124,11,173.54,8,gold,0,1,318.39,-0.187874
C001125,7,149.84,6,silver,0,0,0.0,0.223535
C001126,0,163.34,1,silver,0,0,0.0,-0.030481
C001127,1,195.5,4,silver,1,0,0.0,-0.054119
C001128,1,74.38,8,bronze,1,0,0.0,0.014109
C001129,12,99.81,5,silver,0,0,0.0,0.174365
C001130,3,22.65,1,silver,0,0,0.0,0.004001
C001131,7,193.02,3,silver,0,0,0.0,0.002116
C001132,5,180.68,9,gold,1,1,86.22,0.076457
C001133,2,69.91,7,silver,1,0,0.0,0.037056
C001134,3,47.01,6,silver,0,0,0.0,-0.170033
C001135,2,115.03,4,gold,1,1,127.04,-0.015142
C001136,3,177.13,1,gold,1,1,36.09,-0.20115
C001137,1,185.28,6,gold,0,1,114.58,-0.09864
C001138,6,112.67,1,gold,0,1,88.93,0.162986
C001139,4,197.64,5,silver,1,0,0.0,0.124221
C001140,2,143.4,6,gold,0,0,0.0,-0.218714
C001141,12,103.78,6,bronze,0,0,0.0,0.020028
C001142,5,0.0,2,bronze,0,0,0.0,-0.013356
C001143,5,166.45,4,silver,1,0,0.0,-0.004775
C001144,7,109.66,5,silver,1,0,0.0,0.215598
C001145,6,151.47,3,silver,1,0,0.0,0.019986
C001146,8,28.36,0,gold,1,1,153.5,-0.003004
C001147,7,67.25,4,bronze,0,0,0.0,0.085805
C001148,9,98.47,5,bronze,0,0,0.0,0.061157
C001149,5,15.86,5,gold,1,0,0.0,0.188429
C001150,4,156.41,4,silver,0,0,0.0,0.022741
C001151,5,35.28,1,bronze,1,0,0.0,0.00251
C001152,8,136.18,2,silver,1,1,62.38,0.060445
C001153,8,125.9,10,gold,1,1,92.01,0.095145
C001154,3,171.54,4,gold,0,0,0.0,-0.010892
C001155,5,136.85,1,gold,1,1,112.56,-0.083485
C001156,12,34.14,4,bronze,1,0,0.0,0.033973
C001157,4,155.72,8,silver,0,0,0.0,0.076154
C001158,3,91.27,2,silver,1,0,0.0,-0.103307
C001159,4,128.78,0,gold,0,1,107.67,0.113613
C001160,5,46.99,2,bronze,0,0,0.0,0.026231
C001161,2,141.16,5,bronze,1,0,0.0,-0.021351
C001162,5,158.41,4,silver,1,0,0.0,0.324464
C001163,7,84.65,2,gold,0,0,0.0,0.004657
C001164,1,174.39,6,gold,0,0,0.0,-0.340779
C001165,9,199.4,3,silver,0,0,0.0,0.084534
C001166,6,33.49,8,gold,1,1,54.26,0.032568
C001167,0,119.27,1,silver,1,0,0.0,-0.045339
C001168,0,103.96,6,silver,0,0,0.0,0.000118
C001169,5,86.18,8,silver,1,0,0.0,0.086811
C001170,6,27.08,7,silver,0,0,0.0,0.056269
C001171,9,80.71,1,silver,0,0,0.0,-0.074991
C001172,10,110.23,5,silver,1,1,61.76,0.237681
C001173,2,195.99,6,silver,0,0,0.0,-0.046391
C001174,3,284.28,3,silver,0,0,0.0,0.060451
C001175,2,203.8,5,gold,0,1,99.7,-0.033445
C001176,7,163.1,6,gold,1,0,0.0,0.058559
C001177,0,76.84,3,gold,0,1,87.71,0.080327
C001178,1,52.7,0,silver,0,0,0.0,-0.03317
C001179,3,180.89,2,gold,1,0,0.0,-0.549296
C001180,5,71.75,0,gold,1,1,21.26,-0.139584
C001181,4,46.65,4,silver,0,1,114.37,-0.003622
C001182,11,75.18,1,bronze,0,0,0.0,-0.021247
C001183,4,215.79,6,silver,0,0,0.0,-0.20495
C001184,3,101.49,5,gold,0,0,0.0,0.077302
C001185,5,68.11,3,silver,1,0,0.0,0.03049
C001186,1,83.12,2,bronze,0,1,65.7,-0.009837
C001187,5,108.61,8,bronze,0,0,0.0,-0.000114
C001188,6,266.08,3,silver,0,0,0.0,-0.021302
C001189,9,0.0,0,bronze,0,0,0.0,0.005177
C001190,10,42.19,1,silver,1,0,0.0,-0.017501
C001191,6,123.48,6,bronze,1,0,0.0,0.108527
C001192,4,60.69,2,bronze,1,0,0.0,0.000664
C001193,0,323.59,1,silver,1,0,0.0,-0.028511
C001194,11,18.17,1,bronze,1,0,0.0,-0.038976
C001195,14,122.23,6,silver,1,0,0.0,0.019233
C001196,6,91.19,3,gold,0,1,84.69,0.194217
C001197,5,25.38,3,bronze,1,0,0.0,0.026136
C001198,12,84.0,6,bronze,0,0,0.0,0.072972
C001199,5,147.0,2,gold,0,0,0.0,0.115969
C001200,0,69.44,8,bronze,1,0,0.0,0.005262
C001201,3,67.83,2,silver,0,0,0.0,-0.031939
C001202,0,221.47,3,silver,1,0,0.0,-0.057987
C001203,7,119.44,5,silver,0,0,0.0,-0.173065
C001204,2,61.24,4,silver,1,0,0.0,-0.061266
C001205,4,94.01,1,silver,1,0,0.0,-0.046244
C001206,6,141.52,9,silver,0,0,0.0,0.107306
C001207,0,0.0,6,silver,1,1,96.01,-0.133385
C001208,4,144.63,4,gold,0,0,0.0,-0.116352
C001209,6,175.15,2,gold,0,0,0.0,-0.030483
C001210,6,145.51,4,bronze,1,0,0.0,0.034117
C001211,7,102.33,2,silver,1,0,0.0,-0.063891
C001212,4,130.64,4,gold,1,0,0.0,-0.351281
C001213,4,124.01,4,silver,1,0,0.0,0.032829
C001214,8,321.28,5,silver,1,0,0.0,0.208382
C001215,7,48.32,4,bronze,0,0,0.0,-0.02156
C001216,1,29.79,3,gold,0,0,0.0,-0.132242
C001217,0,30.74,0,bronze,0,0,0.0,-0.019901
C001218,7,159.68,5,silver,1,0,0.0,0.006922
C001219,4,229.47,6,silver,1,0,0.0,0.12831
C001220,13,99.19,4,gold,1,0,0.0,0.177999
C001221,11,33.4,7,silver,1,1,103.61,0.008587
C001222,8,158.96,2,bronze,0,0,0.0,0.049559
C001223,5,67.18,6,silver,0,0,0.0,0.013224
C001224,3,106.97,5,gold,0,0,0.0,-0.145558
C001225,9,88.6,1,bronze,0,0,0.0,-0.063067
C001226,3,60.05,2,silver,1,0,0.0,0.005782
C001227,6,234.44,3,gold,0,0,0.0,-0.239554
C001228,10,95.22,6,silver,0,0,0.0,-0.003743
C001229,6,142.15,7,silver,1,0,0.0,0.084081
C001230,6,160.33,1,gold,0,0,0.0,0.016017
C001231,3,151.24,5,gold,0,0,0.0,-0.117862
C001232,4,74.83,3,bronze,1,0,0.0,-0.011246
C001233,10,112.23,3,bronze,0,0,0.0,0.042064
C001234,10,61.95,2,silver,1,0,0.0,-0.055067
C001235,9,94.82,4,silver,1,1,88.49,-0.124411
C001236,11,131.21,7,gold,1,1,135.17,0.070019
C001237,4,199.22,6,silver,1,0,0.0,0.046694
C001238,10,10.0,5,bronze,1,0,0.0,0.044401
C001239,13,200.92,3,silver,1,0,0.0,0.154335
C001240,11,130.3,2,bronze,0,0,0.0,-0.201135
C001241,5,105.96,4,gold,0,0,0.0,-0.166175
C001242,3,80.58,7,silver,1,1,219.27,-0.001273
C001243,9,75.06,6,gold,1,1,24.44,0.331665
C001244,6,97.13,4,silver,0,0,0.0,-0.032831
C001245,2,139.29,6,bronze,1,0,0.0,-0.007018
C001246,7,163.92,7,bronze,0,0,0.0,0.015203
C001247,9,59.93,4,gold,1,1,99.33,-0.118017
C001248,8,111.58,7,silver,1,0,0.0,0.122963
C001249,8,262.25,7,silver,1,1,137.09,0.095637
C001250,9,87.36,6,silver,1,0,0.0,0.099312
C001251,3,124.24,4,bronze,1,0,0.0,0.004444
C001252,2,172.07,4,silver,0,0,0.0,-0.013497
C001253,6,144.44,4,gold,1,0,0.0,0.098197
C001254,8,90.78,0,bronze,0,0,0.0,-0.000623
C001255,7,75.66,4,silver,0,0,0.0,0.04993
C001256,4,90.26,5,silver,1,0,0.0,0.021055
C001257,6,170.73,5,silver,1,0,0.0,0.072805
C001258,4,121.25,7,silver,0,0,0.0,0.103714
C001259,5,32.08,6,bronze,1,0,0.0,0.039082
C001260,8,8.77,5,bronze,0,0,0.0,0.017532
C001261,8,215.81,6,gold,0,1,20.54,-0.126956
C001262,6,29.94,6,silver,0,1,89.45,0.233589
C001263,14,92.83,6,gold,1,1,142.02,0.179471
C001264,3,199.56,5,silver,1,0,0.0,0.008976
C001265,0,141.47,7,bronze,0,0,0.0,-0.000899
C001266,9,145.23,8,silver,1,0,0.0,0.174186
C001267,12,161.26,7,bronze,0,0,0.0,0.088824
C001268,11,195.71,1,bronze,1,1,48.07,-0.065616
C001269,10,77.29,6,gold,1,1,100.87,0.158684
C001270,5,222.0,5,bronze,1,0,0.0,0.095862
C001271,11,194.29,3,gold,1,1,38.09,-0.156674
C001272,7,104.96,5,bronze,1,1,161.54,0.114281
C001273,0,61.68,4,gold,1,0,0.0,-0.274976
C001274,9,49.99,6,bronze,0,0,0.0,0.059881
C001275,4,114.0,5,gold,0,0,0.0,0.273244
C001276,8,212.08,2,bronze,1,0,0.0,0.00637
C001277,8,226.99,6,gold,0,0,0.0,-0.056297
C001278,9,10.44,5,silver,1,0,0.0,0.037277
C001279,7,190.56,6,gold,0,0,0.0,0.112937
C001280,4,34.77,5,bronze,0,0,0.0,0.029655
C001281,6,151.67,5,silver,0,0,0.0,0.236232
C001282,0,183.92,5,bronze,0,0,0.0,0.002384
C001283,7,140.56,2,silver,0,0,0.0,0.055937
C001284,6,220.84,7,silver,1,0,0.0,0.136746
C001285,4,37.42,4,gold,1,1,235.15,-0.01064
C001286,10,143.42,1,bronze,0,0,0.0,-0.026191
C001287,4,49.08,3,silver,1,0,0.0,-0.108087
C001288,4,78.71,5,bronze,0,0,0.0,0.028322
C001289,5,89.96,5,gold,0,1,29.8,-0.050893
C001290,5,104.08,3,bronze,0,0,0.0,0.070041
C001291,6,129.71,6,gold,0,0,0.0,-0.048368
C001292,8,131.52,3,gold,0,0,0.0,-0.183088
C001293,4,24.67,1,gold,1,0,0.0,0.022161
C001294,6,83.3,5,bronze,0,0,0.0,0.048842
C001295,6,115.0,4,gold,0,0,0.0,0.024105
C001296,7,159.11,7,bronze,0,0,0.0,0.027138
C001297,6,40.39,3,silver,1,0,0.0,0.006088
C001298,3,137.47,2,gold,1,0,0.0,0.04128
C001299,5,152.99,0,bronze,1,0,0.0,0.000788
C001300,6,145.22,3,silver,0,0,0.0,0.061925
C001301,5,6.92,4,silver,1,0,0.0,-0.007529
C001302,2,127.41,4,bronze,0,0,0.0,0.005217
C001303,6,151.19,2,bronze,0,0,0.0,0.069747
C001304,6,91.64,4,silver,0,0,0.0,0.015768
C001305,7,135.4,4,silver,1,0,0.0,0.086972
C001306,12,145.33,3,silver,1,1,37.86,0.306378
C001307,5,142.19,5,bronze,1,0,0.0,0.056269
C001308,9,206.96,2,silver,0,0,0.0,-0.021843
C001309,5,98.54,3,silver,1,0,0.0,-0.027828
C001310,4,164.12,4,silver,0,0,0.0,0.014038
C001311,8,252.87,5,silver,0,1,80.77,0.134502
C001312,6,163.9,2,silver,1,0,0.0,-0.373354
C001313,5,124.39,4,bronze,0,0,0.0,-0.014492
C001314,8,97.8,0,silver,0,0,0.0,-0.099797
C001315,8,90.07,5,silver,0,0,0.0,-0.122481
C001316,7,165.92,4,bronze,0,0,0.0,0.08061
C001317,2,129.83,6,bronze,1,0,0.0,0.052254
C001318,4,134.2,2,silver,0,0,0.0,-0.116525
C001319,4,111.25,3,gold,0,1,165.5,-0.154136
C001320,6,159.27,4,gold,1,0,0.0,0.036095
C001321,6,135.96,4,silver,1,0,0.0,-0.020796
C001322,6,101.35,4,bronze,0,0,0.0,0.064741
C001323,5,74.62,3,silver,0,0,0.0,-0.004285
C001324,9,0.0,7,bronze,1,0,0.0,0.050001
C001325,7,175.01,7,bronze,0,0,0.0,-0.001211
C001326,7,203.83,0,silver,0,0,0.0,-0.004447
C001327,15,195.47,6,bronze,0,0,0.0,0.110389
C001328,3,176.37,2,silver,1,0,0.0,-0.065117
C001329,9,117.15,3,silver,1,1,160.68,0.189606
C001330,6,80.43,3,silver,1,0,0.0,-0.002701
C001331,12,117.84,5,silver,1,1,98.3,0.13117
C001332,5,113.79,5,gold,0,0,0.0,-0.104919
C001333,5,87.13,5,bronze,0,0,0.0,0.021697
C001334,5,67.15,2,silver,0,0,0.0,-0.06112
C001335,11,222.99,3,gold,1,0,0.0,-0.023635
C001336,4,176.67,8,bronze,1,0,0.0,0.055022
C001337,4,263.76,2,bronze,1,0,0.0,-0.020972
C001338,3,25.11,1,silver,1,0,0.0,-0.023235
C001339,8,52.09,5,gold,1,0,0.0,0.166791
C001340,5,69.9,7,silver,0,0,0.0,0.010409
C001341,10,37.71,3,silver,0,0,0.0,-0.07959
C001342,6,174.09,6,silver,0,0,0.0,0.062654
C001343,7,132.49,6,bronze,0,1,161.2,0.10785
C001344,6,27.74,7,bronze,0,0,0.0,0.012885
C001345,6,184.69,6,gold,1,0,0.0,0.110786
C001346,0,54.03,4,silver,0,0,0.0,-0.08793
C001347,5,229.13,6,bronze,0,0,0.0,0.030071
C001348,11,135.66,6,gold,1,1,46.64,0.157843
C001349,7,121.0,6,silver,1,1,138.41,0.070032
C001350,1,140.86,1,silver,1,0,0.0,-0.097832
C001351,3,234.04,2,silver,1,0,0.0,0.167115
C001352,6,112.39,4,silver,1,0,0.0,-0.055787
C001353,7,116.18,3,bronze,1,0,0.0,0.138111
C001354,8,175.03,5,silver,1,0,0.0,0.038188
C001355,0,207.38,4,gold,1,0,0.0,-0.232135
C001356,4,148.8,1,silver,0,0,0.0,-0.090543
C001357,6,41.81,3,bronze,1,1,147.74,0.028016
C001358,9,156.1,4,bronze,1,0,0.0,0.1053
C001359,3,175.51,2,silver,1,0,0.0,-0.072662
C001360,7,186.36,4,silver,1,0,0.0,0.0484
C001361,11,82.23,6,silver,1,0,0.0,-0.082694
C001362,6,144.62,8,silver,1,1,95.13,-0.030883
C001363,10,181.71,5,silver,1,0,0.0,0.468876
C001364,6,106.3,3,silver,1,0,0.0,-0.01672
C001365,7,141.28,4,gold,0,0,0.0,-0.045169
C001366,5,66.49,3,gold,1,0,0.0,0.191092
C001367,4,73.98,5,silver,1,0,0.0,-0.048167
C001368,5,138.81,3,bronze,1,0,0.0,0.018805
C001369,6,119.1,6,silver,0,0,0.0,0.013906
C001370,7,150.82,2,gold,0,1,139.47,0.176853
C001371,5,204.64,1,silver,0,0,0.0,-0.017506
C001372,6,223.19,5,silver,1,0,0.0,0.049449
C001373,4,0.0,5,silver,0,1,87.58,-0.170117
C001374,7,166.3,4,silver,0,0,0.0,0.196002
C001375,1,169.85,6,gold,0,0,0.0,-0.057247
C001376,10,129.57,6,bronze,1,1,77.89,0.155953
C001377,7,24.43,4,bronze,0,0,0.0,0.026044
C001378,4,44.48,2,silver,1,0,0.0,-0.090811
C001379,6,31.0,2,gold,1,1,114.96,0.014529
C001380,6,154.6,7,silver,0,0,0.0,-0.01613
C001381,8,67.68,5,silver,1,0,0.0,0.016576
C001382,0,134.75,4,silver,0,0,0.0,-0.01474
C001383,5,20.15,4,bronze,1,0,0.0,-0.00216
C001384,8,125.86,3,bronze,0,0,0.0,0.03917
C001385,9,61.25,4,silver,0,0,0.0,0.076803
C001386,10,112.41,2,silver,0,1,141.35,-0.03538
C001387,8,231.71,6,bronze,1,1,115.71,0.154356
C001388,1,178.87,2,bronze,0,0,0.0,-0.0121
C001389,7,146.63,6,bronze,1,0,0.0,0.078075
C001390,1,158.52,4,silver,0,0,0.0,-0.004329
C001391,6,159.52,5,silver,0,0,0.0,-0.118853
C001392,14,55.6,5,gold,0,1,284.6,0.095037
C001393,9,101.49,5,bronze,1,0,0.0,0.011077
C001394,11,0.0,5,silver,0,0,0.0,0.030592
C001395,3,141.53,5,bronze,0,0,0.0,-0.089354
C001396,7,248.72,0,silver,0,0,0.0,0.006363
C001397,4,70.2,6,bronze,0,0,0.0,-0.017953
C001398,13,89.63,4,bronze,0,0,0.0,0.109845
C001399,9,126.34,4,silver,1,0,0.0,-0.033607
C001400,9,229.1,2,silver,0,0,0.0,0.050395
C001401,4,85.01,3,bronze,0,0,0.0,0.018364
C001402,3,205.82,6,gold,0,0,0.0,-0.086926
C001403,2,141.54,4,gold,1,1,95.74,-0.206598
C001404,2,211.47,1,silver,0,0,0.0,-0.113
C001405,5,30.44,1,gold,0,0,0.0,0.162929
C001406,7,172.24,1,bronze,0,0,0.0,0.003216
C001407,7,74.49,6,gold,0,0,0.0,0.116413
C001408,11,76.48,5,silver,0,0,0.0,0.180798
C001409,13,258.1,4,bronze,0,0,0.0,-0.002311
C001410,7,152.97,2,silver,0,0,0.0,-0.207408
C001411,10,155.38,3,silver,0,0,0.0,0.245667
C001412,3,121.74,2,silver,1,0,0.0,-0.010618
C001413,7,224.06,4,silver,0,0,0.0,0.246435
C001414,1,72.51,4,silver,0,0,0.0,-0.131795
C001415,2,135.24,4,silver,1,0,0.0,0.039641
C001416,4,205.3,5,gold,1,0,0.0,0.080436
C001417,4,47.92,2,silver,1,0,0.0,-0.031446
C001418,5,239.73,9,gold,0,0,0.0,0.461114
C001419,6,55.53,6,bronze,0,0,0.0,0.029202
C001420,9,164.53,3,bronze,0,0,0.0,0.076871
C001421,5,123.49,4,silver,1,0,0.0,0.04172
C001422,2,151.08,3,bronze,1,0,0.0,-0.030637
C001423,6,87.54,4,silver,1,0,0.0,0.044061
C001424,2,73.92,1,bronze,1,0,0.0,-0.006863
C001425,7,91.15,5,silver,1,0,0.0,-0.029356
C001426,11,195.44,3,gold,0,0,0.0,0.090422
C001427,9,64.52,3,silver,0,0,0.0,-0.038149
C001428,10,148.78,1,silver,1,0,0.0,-0.130384
C001429,10,0.0,4,bronze,0,0,0.0,0.085161
C001430,5,102.29,4,bronze,0,0,0.0,0.013955
C001431,8,143.44,4,silver,1,0,0.0,0.068279
C001432,6,123.94,6,silver,1,0,0.0,0.045102
C001433,3,20.81,7,gold,0,1,109.91,0.068589
C001434,4,201.05,4,gold,0,0,0.0,-0.319859
C001435,8,156.06,4,silver,0,0,0.0,-0.034123
C001436,4,0.0,5,silver,0,0,0.0,-0.137258
C001437,8,132.38,4,bronze,1,1,4.01,0.095387
C001438,8,223.84,2,silver,0,1,96.57,-0.089935
C001439,5,162.57,4,gold,1,1,56.04,0.264296
C001440,11,157.21,4,bronze,0,0,0.0,0.038643
C001441,8,107.61,4,gold,0,1,157.69,-0.100377
C001442,6,175.6,2,silver,1,0,0.0,0.061433
C001443,12,76.85,2,silver,1,1,122.41,-0.016913
C001444,6,0.0,4,silver,0,0,0.0,-0.126839
C001445,10,191.01,3,bronze,0,0,0.0,-0.034084
C001446,3,44.46,5,silver,0,0,0.0,-0.076194
C001447,9,17.11,1,bronze,1,0,0.0,-0.018456
C001448,0,112.02,7,gold,1,0,0.0,-0.077617
C001449,7,87.57,7,silver,1,0,0.0,0.059818
C001450,8,8.1,5,silver,1,0,0.0,-0.245033
C001451,8,211.81,2,bronze,1,0,0.0,-0.041799
C001452,7,161.45,4,silver,0,0,0.0,0.057857
C001453,11,148.45,8,bronze,0,0,0.0,0.025149
C001454,8,240.03,0,silver,0,1,13.62,-0.089997
C001455,0,135.95,3,silver,0,0,0.0,-0.17672
C001456,10,179.81,3,silver,0,1,50.68,0.217059
C001457,8,122.0,5,silver,0,0,0.0,0.175769
C001458,2,242.86,6,bronze,0,0,0.0,0.004433
C001459,10,86.91,4,gold,0,1,14.59,-0.033359
C001460,1,202.02,4,silver,0,0,0.0,-0.047932
C001461,2,87.43,5,silver,0,0,0.0,-0.034156
C001462,4,64.19,5,silver,1,1,61.17,0.085816
C001463,4,136.21,5,silver,0,0,0.0,0.108313
C001464,5,123.97,8,bronze,0,0,0.0,0.030328
C001465,4,92.37,1,silver,0,0,0.0,-0.014881
C001466,1,42.76,4,bronze,0,0,0.0,-0.002409
C001467,5,91.85,2,bronze,1,0,0.0,-0.017065
C001468,9,77.25,6,silver,0,1,65.51,0.048559
C001469,8,145.93,3,silver,0,1,54.9,0.279976
C001470,6,109.28,5,silver,0,0,0.0,0.245894
C001471,6,172.32,6,silver,1,0,0.0,0.122465
C001472,11,0.0,6,bronze,0,0,0.0,-0.01253
C001473,10,58.55,9,silver,0,1,58.53,-0.070578
C001474,0,135.07,3,bronze,0,0,0.0,-0.000598
C001475,10,74.29,6,silver,0,0,0.0,0.083067
C001476,8,111.33,3,silver,1,1,65.36,-0.068236
C001477,5,74.36,4,silver,1,1,110.52,0.091013
C001478,3,47.14,5,silver,0,0,0.0,-0.085012
C001479,2,260.75,2,bronze,0,0,0.0,0.004011
C001480,10,177.84,3,silver,1,0,0.0,0.051922
C001481,10,88.86,7,silver,0,0,0.0,-0.039158
C001482,6,84.98,3,gold,1,1,13.91,0.01133
C001483,7,168.09,9,bronze,0,0,0.0,0.130854
C001484,4,73.45,3,bronze,1,1,120.49,-0.009224
C001485,6,129.66,4,bronze,1,0,0.0,0.031601
C001486,6,156.3,7,gold,1,0,0.0,0.119683
C001487,8,71.12,3,silver,1,0,0.0,0.064207
C001488,10,147.06,0,silver,1,0,0.0,-0.061321
C001489,11,102.04,3,silver,1,0,0.0,-0.086258
C001490,7,202.21,4,bronze,1,0,0.0,0.074382
C001491,7,114.45,5,bronze,0,0,0.0,0.029019
C001492,7,147.82,4,silver,0,0,0.0,0.358233
C001493,6,135.74,5,gold,0,1,127.2,0.303679
C001494,7,204.96,6,silver,1,0,0.0,0.063077
C001495,6,151.42,2,silver,1,0,0.0,0.089134
C001496,9,184.47,6,bronze,1,1,305.08,0.074413
C001497,5,154.4,3,silver,0,0,0.0,-0.022321
C001498,7,42.04,4,silver,0,0,0.0,0.037103
C001499,0,154.78,0,silver,0,0,0.0,-0.045349
C001500,8,67.79,3,bronze,0,0,0.0,-0.010015
C001501,0,80.23,5,silver,0,0,0.0,-0.168519
C001502,8,0.0,3,gold,0,1,206.09,0.023115
C001503,10,124.15,6,bronze,1,0,0.0,0.045686
C001504,6,87.48,2,gold,1,0,0.0,-0.209042
C001505,4,196.1,3,bronze,0,0,0.0,-0.033858
C001506,2,122.33,3,silver,0,0,0.0,-0.099737
C001507,5,112.9,4,silver,1,0,0.0,-0.004598
C001508,10,56.0,6,silver,1,0,0.0,-0.241552
C001509,3,145.45,3,silver,0,1,83.01,0.044111
C001510,5,160.66,6,gold,1,0,0.0,0.09089
C001511,5,177.31,5,bronze,1,1,113.94,-0.011989
C001512,5,141.4,4,silver,0,0,0.0,0.05754
C001513,8,144.12,1,bronze,1,0,0.0,-0.009778
C001514,6,14.75,5,silver,0,0,0.0,-0.007623
C001515,6,105.82,7,gold,0,0,0.0,-0.006498
C001516,7,201.91,3,gold,1,0,0.0,0.030792
C001517,9,69.26,2,silver,1,0,0.0,-0.048736
C001518,6,73.91,4,silver,1,0,0.0,-0.005044
C001519,0,211.72,5,silver,0,1,86.67,-0.011647
C001520,11,10.92,5,silver,1,0,0.0,0.025909
C001521,7,188.65,0,gold,1,0,0.0,0.185653
C001522,0,190.02,7,bronze,1,0,0.0,0.014086
C001523,2,278.12,2,bronze,1,0,0.0,-0.000678
C001524,6,88.19,3,silver,0,0,0.0,-0.021984
C001525,6,188.47,7,gold,1,1,27.45,0.236452
C001526,3,87.29,4,silver,0,0,0.0,-0.070598
C001527,5,153.74,2,bronze,0,0,0.0,0.010775
C001528,3,172.13,3,silver,0,0,0.0,0.028407
C001529,6,203.37,0,silver,1,0,0.0,0.0359
C001530,5,169.52,4,gold,1,1,217.51,0.136321
C001531,3,248.76,2,silver,1,0,0.0,-0.014089
C001532,4,198.01,5,bronze,0,0,0.0,0.015754
C001533,7,164.67,5,gold,0,0,0.0,-0.309576
C001534,5,85.86,9,silver,0,1,32.49,0.084086
C001535,11,149.23,6,silver,1,0,0.0,0.110983
C001536,3,124.47,2,bronze,0,1,30.44,-0.028701
C001537,10,83.43,4,bronze,0,0,0.0,0.037557
C001538,13,82.51,7,bronze,0,0,0.0,0.018769
C001539,3,135.32,3,silver,1,0,0.0,-0.040028
C001540,11,127.75,6,silver,1,1,52.49,0.097409
C001541,8,90.16,3,silver,0,0,0.0,-0.093813
C001542,4,160.32,4,silver,0,1,19.53,0.013279
C001543,10,95.34,6,silver,1,0,0.0,0.030317
C001544,6,80.55,2,bronze,0,0,0.0,0.031948
C001545,5,111.39,6,silver,0,0,0.0,-0.00058
C001546,11,44.65,4,silver,0,0,0.0,-0.015884
C001547,6,74.88,4,bronze,1,0,0.0,-0.089549
C001548,6,186.08,5,silver,0,0,0.0,0.104265
C001549,12,137.85,2,bronze,1,0,0.0,-0.002368
C001550,10,123.94,4,bronze,1,0,0.0,0.064251
C001551,1,127.91,1,silver,1,0,0.0,-0.052135
C001552,0,181.78,4,silver,0,0,0.0,-0.015706
C001553,8,229.18,3,silver,0,0,0.0,0.094813
C001554,3,118.43,4,silver,0,0,0.0,-0.036081
C001555,10,114.43,5,gold,0,0,0.0,-0.174522
C001556,9,157.27,6,bronze,1,0,0.0,0.058598
C001557,8,140.69,8,gold,1,0,0.0,0.160377
C001558,4,147.07,4,bronze,1,0,0.0,0.036051
C001559,1,116.95,10,silver,0,0,0.0,-0.012312
C001560,3,121.47,1,silver,1,0,0.0,-0.071905
C001561,5,71.88,3,silver,0,1,100.11,-0.014291
C001562,8,111.14,4,gold,0,0,0.0,0.249835
C001563,8,147.45,4,silver,1,1,49.0,-0.000783
C001564,12,87.18,4,bronze,1,0,0.0,0.187216
C001565,2,132.27,5,bronze,0,0,0.0,-0.015082
C001566,6,62.67,4,silver,0,0,0.0,0.001241
C001567,9,189.84,3,silver,1,0,0.0,0.222181
C001568,10,96.63,2,silver,0,0,0.0,0.031672
C001569,10,76.09,3,silver,0,0,0.0,-0.080083
C001570,3,31.4,5,silver,0,0,0.0,-0.031571
C001571,11,104.97,5,bronze,0,0,0.0,0.044367
C001572,11,76.31,4,silver,0,0,0.0,0.279477
C001573,3,120.92,3,silver,0,0,0.0,-0.046738
C001574,5,255.83,2,silver,1,0,0.0,-0.093787
C001575,3,130.99,5,gold,0,1,194.63,-0.082025
C001576,2,162.23,2,silver,1,0,0.0,-0.063422
C001577,5,105.32,3,gold,1,1,88.69,-0.017065
C001578,3,116.3,3,silver,1,1,49.08,-0.028135
C001579,7,128.44,1,silver,1,0,0.0,-0.039029
C001580,8,82.99,2,gold,0,0,0.0,0.012462
C001581,3,126.91,5,bronze,1,0,0.0,0.014237
C001582,10,163.93,2,gold,1,0,0.0,-0.206673
C001583,9,7.8,3,silver,1,0,0.0,0.005444
C001584,10,0.0,3,gold,0,1,23.45,-0.423651
C001585,5,125.18,6,silver,1,0,0.0,-0.034071
C001586,7,91.89,1,silver,1,0,0.0,-0.020045
C001587,9,195.36,4,bronze,1,0,0.0,0.141621
C001588,9,43.5,1,gold,0,0,0.0,0.243124
C001589,12,17.91,5,bronze,1,0,0.0,0.054932
C001590,1,41.7,2,silver,0,0,0.0,-0.035857
C001591,4,75.35,4,bronze,1,0,0.0,0.008876
C001592,1,134.71,3,gold,0,0,0.0,-0.053367
C001593,5,93.3,3,gold,0,1,135.23,-0.03147
C001594,4,186.62,8,silver,1,0,0.0,-0.111671
C001595,5,151.94,5,silver,1,0,0.0,0.008736
C001596,6,31.57,3,silver,0,0,0.0,-0.11822
C001597,6,73.66,5,silver,0,0,0.0,0.009861
C001598,5,182.48,3,gold,0,0,0.0,0.027371
C001599,5,162.36,1,bronze,1,0,0.0,0.0137
C001600,6,68.16,5,bronze,1,0,0.0,-0.11712
C001601,6,111.78,4,bronze,0,0,0.0,0.072783
C001602,5,84.89,8,bronze,1,0,0.0,0.015294
C001603,3,223.51,3,bronze,0,0,0.0,0.002341
C001604,6,105.15,0,bronze,1,0,0.0,-0.004723
C001605,2,132.09,3,bronze,0,0,0.0,-0.008378
C001606,9,62.53,3,silver,0,0,0.0,0.203143
C001607,5,188.48,1,silver,1,0,0.0,0.034182
C001608,7,97.82,1,silver,1,0,0.0,0.092008
C001609,4,172.51,4,bronze,1,0,0.0,0.016223
C001610,6,197.44,8,silver,0,1,215.7,0.195758
C001611,9,0.0,7,silver,0,0,0.0,-0.218137
C001612,5,68.1,2,bronze,0,0,0.0,0.001048
C001613,4,94.64,5,silver,0,0,0.0,0.092349
C001614,7,177.16,9,gold,1,0,0.0,0.30307
C001615,9,36.32,2,silver,1,0,0.0,-0.00705
C001616,2,122.51,3,silver,0,0,0.0,0.049412
C001617,0,94.42,4,silver,0,0,0.0,-0.016376
C001618,9,150.23,6,bronze,1,0,0.0,0.016875
C001619,1,197.59,5,bronze,0,0,0.0,-0.010968
C001620,7,148.54,5,silver,0,1,56.07,-0.0641
C001621,9,83.02,5,bronze,1,0,0.0,0.059681
C001622,4,97.66,2,silver,1,1,296.19,-0.022302
C001623,4,70.84,1,gold,0,0,0.0,0.038042
C001624,0,168.73,3,silver,1,0,0.0,-0.011595
C001625,6,144.28,4,silver,0,0,0.0,-0.0406
C001626,8,205.92,7,silver,1,0,0.0,0.021743
C001627,6,123.14,3,bronze,0,0,0.0,0.02794
C001628,13,0.0,4,gold,0,1,15.74,0.064549
C001629,11,157.21,4,silver,0,0,0.0,0.136184
C001630,10,205.37,2,silver,1,0,0.0,0.032342
C001631,4,71.95,5,silver,1,0,0.0,-0.222111
C001632,2,0.0,3,silver,0,0,0.0,-0.026473
C001633,8,19.72,6,silver,1,0,0.0,-0.041958
C001634,5,152.76,4,gold,1,1,33.24,-0.284005
C001635,3,56.38,8,gold,0,1,76.11,0.071858
C001636,3,130.2,4,silver,1,0,0.0,-0.079303
C001637,5,198.59,2,silver,1,0,0.0,-0.059832
C001638,10,223.71,6,silver,1,0,0.0,-0.004262
C001639,5,222.21,6,gold,1,1,137.29,-0.003802
C001640,6,175.15,2,silver,0,0,0.0,-0.067742
C001641,5,110.97,5,gold,1,1,189.86,-0.277037
C001642,3,117.04,6,bronze,1,0,0.0,-0.014011
C001643,8,172.81,3,silver,1,1,77.66,0.071378
C001644,6,36.47,4,bronze,1,0,0.0,0.03894
C001645,5,169.71,6,silver,1,0,0.0,0.027094
C001646,6,72.8,7,silver,1,1,226.59,0.076036
C001647,5,66.64,3,silver,0,0,0.0,0.031329
C001648,7,163.95,4,silver,0,0,0.0,-0.026254
C001649,7,141.89,5,bronze,1,0,0.0,0.035405
C001650,12,131.0,0,bronze,0,0,0.0,-0.010422
C001651,3,68.5,2,bronze,1,0,0.0,-0.037789
C001652,11,50.63,6,bronze,1,0,0.0,0.03217
C001653,10,93.44,4,silver,0,0,0.0,0.175348
C001654,3,152.94,2,silver,1,0,0.0,-0.087916
C001655,2,139.25,3,bronze,0,0,0.0,0.008898
C001656,11,175.85,0,gold,1,1,73.15,0.021258
C001657,8,58.36,4,bronze,0,0,0.0,0.059603
C001658,9,37.41,4,bronze,0,0,0.0,0.022259
C001659,3,110.19,2,bronze,1,0,0.0,0.001334
C001660,5,193.21,3,silver,1,0,0.0,-0.043876
C001661,8,110.75,5,bronze,0,1,100.12,0.173046
C001662,4,81.6,3,bronze,0,0,0.0,0.021474
C001663,6,136.37,4,silver,1,0,0.0,0.033737
C001664,6,118.92,5,silver,0,0,0.0,0.018012
C001665,7,77.88,4,silver,1,0,0.0,0.25252
C001666,3,0.29,2,silver,1,0,0.0,-0.031492
C001667,5,2.58,3,gold,0,1,49.75,0.255461
C001668,2,32.6,3,silver,1,0,0.0,-0.023058
C001669,4,113.53,3,silver,1,0,0.0,0.145725
C001670,7,84.78,4,gold,0,1,10.15,0.137657
C001671,5,203.55,1,bronze,1,0,0.0,0.00771
C001672,8,186.19,5,silver,0,0,0.0,0.404653
C001673,10,193.32,4,gold,1,1,81.83,-0.023428
C001674,0,1.18,6,silver,0,0,0.0,-0.03388
C001675,8,207.54,2,silver,1,0,0.0,0.019262
C001676,7,176.2,5,gold,0,1,45.08,0.153361
C001677,8,58.9,4,bronze,1,0,0.0,-0.044659
C001678,6,81.96,4,silver,1,0,0.0,0.14144
C001679,11,160.15,1,silver,0,0,0.0,-0.096888
C001680,3,189.96,5,gold,0,1,116.89,-0.147771
C001681,2,49.5,1,gold,0,0,0.0,-0.105855
C001682,3,118.93,4,silver,1,0,0.0,0.042345
C001683,3,80.03,4,silver,0,0,0.0,-0.011555
C001684,5,121.84,5,silver,0,0,0.0,0.043864
C001685,0,254.37,5,gold,0,1,114.41,-0.137656
C001686,6,102.84,0,bronze,1,0,0.0,-0.042384
C001687,9,123.57,1,silver,1,0,0.0,-0.081864
C001688,12,101.66,8,bronze,0,0,0.0,0.08052
C001689,2,113.24,4,silver,1,0,0.0,-0.057155
C001690,8,223.48,4,gold,0,1,133.69,-0.269257
C001691,5,174.04,4,gold,0,0,0.0,-0.039202
C001692,7,161.05,5,silver,0,1,18.22,0.111645
C001693,3,131.38,5,bronze,1,0,0.0,0.007342
C001694,6,153.64,6,silver,1,0,0.0,0.122026
C001695,7,86.94,2,silver,0,0,0.0,-0.042425
C001696,5,148.83,6,bronze,1,0,0.0,0.042757
C001697,3,120.2,7,silver,0,0,0.0,0.0093
C001698,6,133.28,3,silver,0,1,237.92,0.14602
C001699,9,129.5,2,bronze,1,0,0.0,0.005627
C001700,7,45.89,0,bronze,1,0,0.0,-0.008039
C001701,9,169.47,6,gold,1,0,0.0,0.070259
C001702,7,136.12,7,gold,1,1,60.86,0.22193
C001703,8,161.14,0,bronze,1,0,0.0,-0.013149
C001704,7,174.27,7,bronze,0,0,0.0,0.149035
C001705,4,150.67,4,silver,1,0,0.0,0.026867
C001706,0,20.57,3,silver,1,0,0.0,-0.007659
C001707,5,63.3,4,silver,0,0,0.0,0.049732
C001708,5,119.87,2,silver,0,0,0.0,-0.034887
C001709,8,135.29,5,silver,1,0,0.0,-0.094041
C001710,7,65.16,4,silver,1,1,176.47,0.122668
C001711,13,108.18,2,gold,0,0,0.0,-0.033486
C001712,9,117.88,3,silver,0,1,84.88,0.16381
C001713,3,188.97,3,silver,1,0,0.0,-0.036371
C001714,6,166.4,4,gold,0,0,0.0,-0.008632
C001715,6,186.36,3,silver,1,0,0.0,0.056368
C001716,14,93.0,3,bronze,1,0,0.0,0.045445
C001717,5,56.51,2,gold,0,1,86.87,0.120743
C001718,7,126.7,2,gold,0,1,192.12,0.033801
C001719,10,159.36,3,silver,0,0,0.0,0.168091
C001720,5,156.77,2,bronze,0,0,0.0,0.119103
C001721,5,201.91,3,bronze,1,0,0.0,-0.007595
C001722,9,84.96,3,silver,1,0,0.0,0.213997
C001723,9,213.47,8,bronze,0,0,0.0,0.106636
C001724,3,81.06,4,bronze,0,0,0.0,0.025736
C001725,0,193.35,4,silver,1,0,0.0,-0.043595
C001726,1,223.1,4,silver,1,0,0.0,-0.082033
C001727,5,58.69,2,bronze,1,0,0.0,-0.014231
C001728,4,48.96,3,silver,1,0,0.0,-0.027352
C001729,1,36.4,5,silver,0,0,0.0,0.025176
C001730,10,221.95,5,bronze,1,0,0.0,0.010893
C001731,4,51.63,4,bronze,0,0,0.0,-0.003725
C001732,5,133.77,4,silver,0,0,0.0,-0.016152
C001733,3,154.58,3,silver,1,0,0.0,-0.02362
C001734,7,154.55,5,silver,1,0,0.0,-0.134387
C001735,3,145.78,5,silver,0,0,0.0,-0.061526
C001736,9,119.94,3,silver,1,0,0.0,-0.054034
C001737,9,165.58,7,silver,1,0,0.0,0.297302
C001738,9,256.53,6,silver,1,1,15.15,0.047571
C001739,7,75.3,3,bronze,1,0,0.0,0.021421
C001740,6,86.4,3,silver,0,0,0.0,0.133967
C001741,4,69.96,4,bronze,0,0,0.0,0.009232
C001742,1,102.98,3,silver,1,0,0.0,-0.007481
C001743,3,69.73,4,silver,0,0,0.0,-0.008308
C001744,8,87.71,6,silver,1,0,0.0,0.03547
C001745,8,212.07,0,gold,0,0,0.0,-0.313751
C001746,10,105.12,0,silver,0,0,0.0,-0.083913
C001747,0,104.65,3,gold,1,0,0.0,-0.071865
C001748,14,171.32,3,silver,0,0,0.0,0.091612
C001749,7,212.62,0,gold,0,1,76.72,-0.22664
C001750,0,74.16,6,bronze,1,0,0.0,0.004747
C001751,3,231.16,3,gold,1,0,0.0,-0.024325
C001752,3,95.5,6,silver,1,0,0.0,0.028607
C001753,0,108.41,4,silver,1,0,0.0,-0.01805
C001754,2,68.47,7,silver,0,0,0.0,-0.002576
C001755,4,130.68,5,silver,1,0,0.0,0.015381
C001756,11,102.93,6,silver,0,0,0.0,0.085016
C001757,10,107.8,4,silver,0,0,0.0,0.325982
C001758,5,89.29,3,gold,1,0,0.0,-0.119234
C001759,11,193.44,0,silver,1,0,0.0,-0.10366
C001760,8,195.98,5,silver,0,0,0.0,0.02612
C001761,6,45.58,2,bronze,0,0,0.0,-0.017641
C001762,3,32.91,4,gold,1,0,0.0,-0.051541
C001763,4,147.03,2,silver,0,0,0.0,0.043211
C001764,8,152.65,3,gold,1,1,75.55,0.009357
C001765,6,177.3,4,bronze,1,0,0.0,0.008863
C001766,7,151.03,4,bronze,0,0,0.0,0.037126
C001767,2,117.8,2,gold,0,0,0.0,-0.168568
C001768,6,67.66,6,bronze,1,0,0.0,0.022653
C001769,8,105.99,5,silver,1,0,0.0,0.082343
C001770,9,81.58,3,silver,1,0,0.0,0.106868
C001771,5,88.65,5,bronze,0,0,0.0,0.073215
C001772,10,0.0,5,gold,1,0,0.0,-0.277203
C001773,7,160.89,5,bronze,0,0,0.0,-0.005606
C001774,1,101.12,5,gold,0,0,0.0,-0.176899
C001775,9,135.65,3,bronze,0,0,0.0,0.085234
C001776,12,62.97,4,silver,0,1,161.31,0.091436
C001777,5,40.45,0,gold,0,0,0.0,-0.065626
C001778,5,63.68,5,bronze,0,0,0.0,0.047808
C001779,0,251.62,3,silver,1,0,0.0,0.011512
C001780,4,71.04,4,silver,0,1,125.38,-0.031892
C001781,8,109.69,3,silver,0,0,0.0,-0.235509
C001782,4,76.38,3,silver,1,0,0.0,-0.117883
C001783,9,104.07,5,bronze,0,0,0.0,0.084275
C001784,1,92.23,3,gold,1,0,0.0,-0.193982
C001785,14,174.44,5,gold,1,1,28.07,-0.112021
C001786,2,58.36,4,gold,1,1,92.74,0.203613
C001787,4,1.92,2,silver,1,0,0.0,0.015461
C001788,4,31.34,7,silver,0,0,0.0,-0.012743
C001789,3,111.62,3,silver,0,0,0.0,-0.082395
C001790,0,217.34,0,gold,0,0,0.0,-0.168069
C001791,3,134.87,6,silver,0,1,103.03,0.009068
C001792,3,114.87,5,silver,1,0,0.0,-0.042588
C001793,6,68.59,2,silver,0,0,0.0,-0.076933
C001794,2,64.49,6,silver,0,0,0.0,-0.003903
C001795,2,43.97,4,bronze,1,0,0.0,-0.009173
C001796,0,40.36,3,gold,0,0,0.0,-0.292771
C001797,15,37.43,2,silver,1,0,0.0,-0.382201
C001798,7,74.67,3,gold,1,1,46.62,0.011754
C001799,7,136.74,2,bronze,1,0,0.0,0.04508
C001800,1,48.22,2,gold,0,0,0.0,-0.047529
C001801,9,148.57,5,silver,0,1,100.85,-0.055525
C001802,4,106.26,5,silver,0,0,0.0,0.100138
C001803,8,115.84,6,gold,1,1,70.17,0.075791
C001804,9,133.94,5,bronze,0,0,0.0,0.202173
C001805,11,88.8,3,gold,1,0,0.0,0.10046
C001806,6,43.8,6,silver,1,0,0.0,0.071066
C001807,8,122.21,4,silver,1,0,0.0,0.026681
C001808,13,154.19,5,silver,1,0,0.0,0.033894
C001809,8,41.3,6,gold,0,1,258.44,-0.220622
C001810,7,91.94,1,bronze,0,0,0.0,0.000355
C001811,7,57.2,3,silver,0,1,97.47,0.096289
C001812,8,137.54,8,silver,1,0,0.0,0.053982
C001813,4,174.29,0,silver,0,1,36.53,0.004409
C001814,7,125.39,4,silver,0,0,0.0,0.248082
C001815,8,124.65,5,silver,1,0,0.0,-0.026009
C001816,7,92.48,2,gold,1,0,0.0,0.006398
C001817,7,69.4,3,silver,1,0,0.0,-0.014755
C001818,11,119.39,3,gold,1,1,59.16,0.148203
C001819,0,163.38,1,silver,0,1,42.85,-0.05175
C001820,10,0.0,1,bronze,1,0,0.0,-0.020523
C001821,0,167.89,3,silver,0,0,0.0,-0.00656
C001822,11,0.0,4,silver,1,0,0.0,0.264473
C001823,11,49.28,5,gold,1,0,0.0,-0.281886
C001824,5,71.09,4,silver,0,0,0.0,0.187334
C001825,10,125.44,5,silver,0,1,181.35,0.091879
C001826,11,179.58,3,bronze,0,0,0.0,0.0833
C001827,8,0.0,3,gold,0,1,149.69,0.022227
C001828,6,117.1,4,silver,1,1,202.83,-0.087585
C001829,7,77.55,3,silver,0,0,0.0,0.03048
C001830,6,70.76,3,gold,1,0,0.0,0.193167
C001831,2,0.0,2,gold,0,1,32.21,-0.158357
C001832,11,106.49,6,bronze,0,0,0.0,-0.032123
C001833,10,71.54,6,bronze,0,0,0.0,0.056675
C001834,5,215.92,6,bronze,0,0,0.0,0.002512
C001835,7,125.9,6,gold,0,0,0.0,-0.032844
C001836,5,85.02,6,silver,0,0,0.0,0.011816
C001837,4,0.0,6,silver,1,0,0.0,0.073625
C001838,4,90.25,5,silver,0,0,0.0,0.075539
C001839,4,179.3,5,bronze,1,0,0.0,0.010563
C001840,5,110.52,5,bronze,0,0,0.0,0.052007
C001841,7,114.5,7,bronze,0,0,0.0,0.120746
C001842,6,203.11,5,silver,1,0,0.0,-0.018538
C001843,10,65.25,5,bronze,0,0,0.0,0.132844
C001844,4,105.09,6,silver,0,0,0.0,0.004343
C001845,9,87.02,5,silver,1,1,225.63,0.108577
C001846,7,140.11,3,bronze,1,0,0.0,0.072224
C001847,5,68.89,8,silver,1,0,0.0,0.088741
C001848,4,29.79,1,silver,1,0,0.0,0.060473
C001849,5,142.55,3,silver,0,0,0.0,0.012843
C001850,9,83.21,2,silver,1,0,0.0,-0.068309
C001851,3,63.6,4,silver,1,0,0.0,-0.022698
C001852,5,126.37,3,silver,0,0,0.0,-0.006612
C001853,6,177.78,3,gold,0,1,150.16,-0.100878
C001854,7,91.4,0,silver,1,0,0.0,-0.046959
C001855,8,72.24,10,silver,0,0,0.0,0.260013
C001856,4,72.48,3,silver,1,0,0.0,-0.032911
C001857,1,170.46,9,gold,0,0,0.0,-0.198125
C001858,5,11.52,0,silver,0,1,15.76,-0.035855
C001859,11,164.14,6,silver,1,0,0.0,-0.240176
C001860,6,177.91,4,gold,0,1,40.23,-0.112459
C001861,8,132.63,6,silver,0,0,0.0,0.172727
C001862,6,86.12,0,bronze,0,0,0.0,-0.00768
C001863,4,117.49,4,silver,0,0,0.0,0.108259
C001864,8,0.0,6,bronze,1,0,0.0,0.031432
C001865,2,118.09,3,bronze,0,0,0.0,0.012773
C001866,8,146.15,7,silver,0,0,0.0,0.313128
C001867,10,80.96,0,silver,0,0,0.0,-0.046446
C001868,1,145.09,5,silver,0,0,0.0,0.005695
C001869,5,235.15,5,silver,1,0,0.0,0.128951
C001870,7,178.69,3,silver,1,0,0.0,0.116978
C001871,3,235.11,7,bronze,1,0,0.0,-0.009422
C001872,11,135.36,4,silver,1,1,519.26,-0.010511
C001873,4,137.43,3,gold,1,1,5.01,-0.008426
C001874,6,197.04,3,gold,0,0,0.0,0.116073
C001875,7,87.82,1,gold,1,0,0.0,-0.125177
C001876,10,242.53,5,silver,0,0,0.0,0.070323
C001877,9,68.47,7,silver,1,0,0.0,-0.081723
C001878,14,165.53,5,bronze,0,0,0.0,0.050943
C001879,5,77.6,3,silver,0,0,0.0,-0.061718
C001880,5,80.09,3,gold,1,1,136.79,-0.13516
C001881,7,174.9,5,silver,0,0,0.0,0.163399
C001882,0,220.51,3,bronze,0,0,0.0,-0.003341
C001883,6,55.14,5,gold,0,0,0.0,-0.113111
C001884,5,202.78,4,gold,0,1,55.99,-0.158627
C001885,6,103.09,1,bronze,0,0,0.0,0.017786
C001886,3,137.22,5,bronze,0,0,0.0,0.018937
C001887,5,71.75,8,silver,1,0,0.0,-0.009021
C001888,9,115.17,7,silver,1,0,0.0,0.223314
C001889,5,143.29,6,silver,1,0,0.0,0.210857
C001890,7,97.82,5,bronze,1,0,0.0,0.116237
C001891,3,155.94,2,silver,1,0,0.0,-0.068419
C001892,5,40.84,4,bronze,0,0,0.0,-0.000467
C001893,5,101.44,10,bronze,1,0,0.0,-0.014386
C001894,6,154.91,4,gold,1,0,0.0,-0.035382
C001895,12,94.58,7,bronze,1,0,0.0,0.061763
C001896,4,92.44,3,gold,0,0,0.0,0.393398
C001897,3,104.89,2,bronze,0,0,0.0,-0.060346
C001898,2,73.97,6,gold,0,0,0.0,-0.082794
C001899,5,126.05,3,silver,1,0,0.0,0.062912
C001900,0,0.0,4,silver,0,0,0.0,-0.074588
C001901,7,117.01,4,silver,0,0,0.0,-0.037509
C001902,2,106.53,2,silver,1,0,0.0,-0.070625
C001903,2,35.05,4,silver,1,0,0.0,-0.049015
C001904,8,104.47,6,silver,1,0,0.0,-0.087779
C001905,6,164.89,5,silver,0,1,79.05,0.087935
C001906,4,108.86,7,silver,1,0,0.0,0.188758
C001907,6,123.9,5,gold,1,0,0.0,-0.174205
C001908,8,205.9,2,silver,0,0,0.0,-0.072044
C001909,6,172.87,1,silver,1,0,0.0,-0.000915
C001910,4,173.98,4,bronze,0,0,0.0,0.025272
C001911,8,30.04,3,bronze,1,0,0.0,0.013618
C001912,10,72.88,6,gold,1,1,310.86,-0.080124
C001913,11,97.91,5,silver,0,0,0.0,0.116607
C001914,4,134.56,0,silver,1,0,0.0,-0.03618
C001915,7,66.79,3,silver,1,0,0.0,0.053251
C001916,12,130.78,5,bronze,1,1,191.45,0.227471
C001917,4,121.32,6,silver,0,0,0.0,0.078459
C001918,1,142.66,8,gold,1,1,79.74,0.090337
C001919,10,178.42,6,silver,0,0,0.0,0.172276
C001920,3,135.71,4,silver,1,0,0.0,-0.04488
C001921,0,23.69,6,bronze,0,0,0.0,-0.004005
C001922,2,206.07,0,bronze,0,0,0.0,-0.002914
C001923,3,205.58,2,silver,1,0,0.0,-0.1605
C001924,8,119.31,2,bronze,0,0,0.0,0.103145
C001925,7,109.41,2,silver,1,0,0.0,-0.054575
C001926,5,61.63,5,gold,1,1,59.29,-0.065669
C001927,10,12.82,1,silver,0,0,0.0,-0.222477
C001928,5,102.12,6,silver,0,0,0.0,0.018135
C001929,5,40.58,4,silver,1,0,0.0,0.032547
C001930,6,144.77,2,gold,0,0,0.0,-0.052445
C001931,0,107.05,5,bronze,0,0,0.0,-0.007001
C001932,5,194.64,4,bronze,0,0,0.0,0.027831
C001933,4,270.1,3,silver,1,0,0.0,0.084661
C001934,0,135.91,2,bronze,1,0,0.0,-0.014703
C001935,2,176.92,6,bronze,1,0,0.0,0.013004
C001936,5,106.48,4,bronze,1,0,0.0,0.085536
C001937,2,122.52,3,silver,1,0,0.0,-0.03875
C001938,3,90.3,3,bronze,0,0,0.0,-0.029403
C001939,3,226.76,4,gold,0,1,93.71,-0.089816
C001940,3,109.88,5,silver,1,0,0.0,-0.049294
C001941,6,41.74,5,silver,1,0,0.0,-0.010604
C001942,1,144.32,2,bronze,0,0,0.0,0.003955
C001943,8,142.12,7,bronze,1,0,0.0,0.161905
C001944,7,109.98,6,silver,1,0,0.0,-0.0174
C001945,1,172.46,2,silver,1,0,0.0,-0.115808
C001946,1,226.85,3,silver,0,0,0.0,-0.019668
C001947,7,83.49,7,silver,0,0,0.0,0.059321
C001948,7,81.41,5,gold,0,0,0.0,0.183504
C001949,8,118.56,5,gold,1,0,0.0,-0.16029
C001950,8,66.1,6,gold,0,1,17.94,0.063307
C001951,12,176.62,3,gold,0,0,0.0,0.11926
C001952,4,167.98,4,silver,0,0,0.0,-0.059955
C001953,6,155.19,5,silver,1,0,0.0,0.080364
C001954,4,0.0,3,gold,0,1,92.76,0.13577
C001955,7,66.37,5,silver,1,0,0.0,0.213021
C001956,1,0.0,3,silver,1,0,0.0,-0.015424
C001957,6,77.34,5,gold,0,0,0.0,0.016096
C001958,12,105.99,4,silver,0,0,0.0,0.036389
C001959,12,32.11,4,silver,1,0,0.0,0.205638
C001960,7,144.38,2,bronze,0,0,0.0,0.115278
C001961,9,263.6,5,bronze,0,0,0.0,0.015665
C001962,2,0.0,1,silver,1,0,0.0,-0.10085
C001963,5,191.68,4,silver,0,0,0.0,-0.057616
C001964,12,134.8,3,silver,1,0,0.0,0.21516
C001965,5,95.0,4,silver,0,0,0.0,0.006257
C001966,6,58.4,4,bronze,0,0,0.0,0.061736
C001967,6,70.08,3,silver,1,1,148.0,0.30926
C001968,1,73.31,1,silver,0,0,0.0,0.027916
C001969,5,83.58,1,gold,0,0,0.0,-0.027885
C001970,6,66.58,1,bronze,1,0,0.0,0.023594
C001971,6,162.99,3,gold,0,0,0.0,-0.153046
C001972,10,172.62,6,silver,0,0,0.0,0.006758
C001973,9,159.55,6,bronze,1,0,0.0,0.132046
C001974,4,182.89,3,silver,0,0,0.0,-0.060357
C001975,9,70.65,2,silver,0,0,0.0,-0.145455
C001976,0,70.2,4,silver,0,0,0.0,-0.07956
C001977,9,200.94,3,silver,1,0,0.0,0.095008
C001978,4,92.68,0,silver,0,0,0.0,-0.01557
C001979,4,208.51,9,silver,1,0,0.0,-0.167226
C001980,3,199.82,2,silver,1,0,0.0,-0.048364
C001981,12,97.71,3,bronze,1,0,0.0,0.004065
C001982,3,86.35,1,bronze,1,0,0.0,-0.011316
C001983,8,79.51,1,silver,1,0,0.0,-0.134921
C001984,5,108.51,4,bronze,1,0,0.0,0.004934
C001985,6,282.28,6,gold,0,0,0.0,-0.032038
C001986,1,44.07,7,gold,0,0,0.0,-0.074286
C001987,4,187.55,3,bronze,1,0,0.0,0.007172
C001988,7,92.25,6,bronze,0,0,0.0,0.028845
C001989,3,280.53,4,silver,0,0,0.0,0.010442
C001990,7,246.64,4,silver,0,0,0.0,0.209817
C001991,5,171.91,5,gold,1,1,70.76,-0.137109
C001992,6,151.36,4,gold,0,0,0.0,-0.10899
C001993,12,176.87,1,silver,0,0,0.0,-0.182038
C001994,4,222.06,4,gold,1,0,0.0,0.144701
C001995,3,0.0,4,silver,1,0,0.0,0.103869
C001996,2,60.85,6,silver,1,0,0.0,-0.285438
C001997,13,144.7,3,silver,1,0,0.0,-0.033393
C001998,5,52.16,5,silver,1,0,0.0,-0.141126
C001999,6,204.71,6,bronze,1,0,0.0,0.099484
C002000,9,120.27,4,silver,1,1,96.79,0.004502
C002001,1,175.18,0,silver,1,0,0.0,-0.062698
C002002,3,62.3,4,bronze,0,0,0.0,0.006245
C002003,3,161.08,6,silver,0,0,0.0,-0.149207
C002004,5,117.69,3,silver,0,1,78.98,0.029524
C002005,4,163.64,4,silver,0,0,0.0,0.032632
C002006,9,182.32,4,silver,0,0,0.0,0.180373
C002007,1,11.37,3,bronze,0,0,0.0,-0.008649
C002008,2,88.9,2,gold,0,1,213.83,-0.076141
C002009,4,157.87,6,bronze,0,0,0.0,0.050928
C002010,5,153.04,4,silver,1,0,0.0,0.315077
C002011,5,43.35,4,silver,1,0,0.0,0.011606
C002012,8,162.94,3,silver,1,0,0.0,0.105127
C002013,11,6.24,4,silver,0,1,44.82,0.023355
C002014,7,202.75,8,silver,1,0,0.0,0.196708
C002015,7,152.99,4,bronze,1,0,0.0,0.026761
C002016,6,206.3,6,bronze,0,0,0.0,0.035719
C002017,10,7.28,5,silver,1,0,0.0,-0.040741
C002018,8,88.37,3,silver,0,0,0.0,-0.060658
C002019,2,113.83,3,gold,1,0,0.0,0.025401
C002020,2,36.53,4,silver,0,0,0.0,0.002556
C002021,6,25.69,0,bronze,0,0,0.0,0.000357
C002022,12,33.32,3,silver,0,0,0.0,-0.086903
C002023,8,325.25,6,silver,0,0,0.0,0.08817
C002024,3,163.71,1,silver,0,0,0.0,-0.114029
C002025,9,76.46,8,gold,0,0,0.0,-0.032661
C002026,5,184.51,5,silver,0,0,0.0,-0.171493
C002027,8,191.85,6,bronze,0,0,0.0,0.121222
C002028,6,246.64,4,silver,1,0,0.0,0.208868
C002029,6,86.74,3,silver,0,0,0.0,0.031573
C002030,5,77.58,8,silver,0,1,84.11,0.101735
C002031,7,167.09,5,silver,1,0,0.0,0.139229
C002032,9,62.4,6,bronze,0,0,0.0,-0.009013
C002033,3,75.49,5,silver,0,0,0.0,0.021407
C002034,6,144.96,6,silver,1,0,0.0,-0.001507
C002035,3,126.06,5,silver,0,1,21.61,-0.120928
C002036,1,184.4,3,bronze,0,0,0.0,-0.001323
C002037,6,106.91,4,gold,0,0,0.0,0.159232
C002038,3,151.81,0,silver,0,0,0.0,-0.113573
C002039,6,46.67,2,bronze,1,0,0.0,-0.039424
C002040,9,40.23,1,bronze,1,0,0.0,-0.011632
C002041,8,214.58,7,bronze,0,0,0.0,0.090082
C002042,3,0.0,3,bronze,1,0,0.0,-0.011326
C002043,9,59.04,7,silver,0,0,0.0,-0.214165
C002044,3,188.42,4,silver,1,0,0.0,-0.009395
C002045,5,141.66,7,silver,1,0,0.0,0.021372
C002046,8,126.45,2,gold,0,0,0.0,0.186379
C002047,1,156.99,5,silver,1,0,0.0,-0.201537
C002048,9,223.95,7,bronze,0,0,0.0,0.062643
C002049,11,88.95,3,silver,0,0,0.0,-0.02524
C002050,7,97.43,7,silver,1,0,0.0,0.083619
C002051,12,145.6,4,bronze,1,0,0.0,0.137424
C002052,9,22.34,5,bronze,0,0,0.0,0.077145
C002053,5,173.21,7,bronze,1,0,0.0,0.002099
C002054,5,99.97,1,silver,0,0,0.0,-0.100434
C002055,0,188.46,0,bronze,1,0,0.0,-0.004608
C002056,6,136.87,6,silver,0,0,0.0,-0.156456
C002057,7,146.87,8,silver,0,0,0.0,0.030306
C002058,4,24.5,5,bronze,0,0,0.0,0.027379
C002059,1,94.19,5,silver,0,1,8.78,-0.04689
C002060,6,113.13,5,bronze,1,0,0.0,0.092175
C002061,1,178.06,1,silver,1,0,0.0,-0.045167
C002062,7,251.97,4,gold,1,0,0.0,0.126305
C002063,5,21.82,5,bronze,0,0,0.0,0.004278
C002064,8,135.09,4,gold,0,1,92.09,0.0199
C002065,4,217.51,7,silver,1,0,0.0,-0.023064
C002066,10,149.26,0,bronze,1,0,0.0,-0.024058
C002067,5,200.37,3,silver,1,1,294.06,0.125846
C002068,2,139.29,4,silver,1,0,0.0,-0.005145
C002069,10,169.89,3,gold,1,1,39.26,0.078967
C002070,3,84.34,0,silver,1,1,133.99,0.013962
C002071,2,68.8,3,silver,0,0,0.0,-0.148455
C002072,5,152.13,6,silver,1,0,0.0,0.068033
C002073,6,219.05,0,gold,0,1,45.96,-0.091319
C002074,2,168.34,5,silver,1,0,0.0,0.03143
C002075,3,61.13,5,gold,1,0,0.0,-0.095529
C002076,10,99.15,3,silver,0,0,0.0,0.350716
C002077,6,185.34,3,silver,1,0,0.0,0.221654
C002078,8,131.64,3,bronze,1,0,0.0,0.049071
C002079,11,119.15,5,bronze,1,0,0.0,0.154433
C002080,5,132.73,4,silver,0,0,0.0,0.033597
C002081,8,29.16,2,gold,0,0,0.0,0.027834
C002082,6,64.22,7,silver,0,0,0.0,-0.021301
C002083,7,51.23,6,silver,0,0,0.0,-0.008353
C002084,11,87.09,5,silver,1,0,0.0,0.083446
C002085,4,89.18,4,bronze,0,0,0.0,-0.006637
C002086,7,97.46,5,silver,1,0,0.0,0.170615
C002087,5,197.6,5,silver,1,0,0.0,-0.045028
C002088,5,72.4,7,silver,0,0,0.0,0.016669
C002089,5,139.85,2,silver,1,0,0.0,-0.027779
C002090,7,140.46,5,gold,0,1,85.55,0.26779
C002091,9,150.73,5,gold,0,1,51.49,0.281016
C002092,7,107.56,5,silver,1,0,0.0,-0.015503
C002093,4,88.97,5,silver,0,0,0.0,0.024099
C002094,3,172.0,5,silver,1,0,0.0,0.016271
C002095,8,125.77,4,bronze,1,0,0.0,0.048335
C002096,4,98.98,5,silver,1,0,0.0,-0.097944
C002097,6,101.74,6,silver,1,1,200.98,0.151524
C002098,7,198.27,3,silver,0,0,0.0,0.117253
C002099,10,0.0,7,silver,0,1,123.6,-0.106751
C002100,9,117.4,4,bronze,0,0,0.0,0.043596
C002101,9,81.49,7,bronze,0,0,0.0,0.047388
C002102,3,106.07,1,silver,1,1,119.13,-0.131451
C002103,10,176.28,5,gold,0,1,147.51,0.125866
C002104,7,83.1,3,gold,1,1,41.92,-0.01154
C002105,3,128.15,5,bronze,1,0,0.0,-0.024098
C002106,9,91.76,6,silver,1,1,34.18,0.229048
C002107,4,242.32,4,bronze,0,0,0.0,0.018245
C002108,7,130.06,2,gold,0,1,88.0,-0.169782
C002109,4,123.25,3,silver,0,0,0.0,0.025509
C002110,14,162.76,6,gold,1,1,62.2,0.093018
C002111,3,91.0,5,bronze,0,0,0.0,0.000288
C002112,3,138.19,5,silver,0,0,0.0,-0.013532
C002113,7,162.35,9,silver,0,0,0.0,-0.000888
C002114,6,112.56,1,bronze,0,0,0.0,0.001654
C002115,4,79.3,6,silver,0,1,20.05,-0.097991
C002116,7,165.98,4,bronze,0,0,0.0,0.223757
C002117,6,101.25,1,silver,0,0,0.0,-0.014103
C002118,8,228.36,0,silver,1,0,0.0,-0.176704
C002119,11,182.01,5,gold,1,0,0.0,-0.003783
C002120,6,123.54,4,silver,0,1,144.83,-0.347535
C002121,3,79.38,7,silver,0,0,0.0,0.02483
C002122,3,0.0,5,gold,1,1,27.1,0.199125
C002123,10,169.53,3,silver,0,0,0.0,0.251318
C002124,4,155.5,5,silver,0,0,0.0,0.060186
C002125,6,90.56,4,bronze,1,0,0.0,0.033909
C002126,7,43.22,6,gold,1,0,0.0,0.224963
C002127,3,59.5,4,bronze,0,0,0.0,0.016502
C002128,5,95.74,5,silver,0,0,0.0,-0.048697
C002129,4,96.5,7,silver,1,0,0.0,0.009396
C002130,9,154.19,4,silver,1,0,0.0,0.114698
C002131,9,198.74,1,silver,0,1,103.09,-0.12044
C002132,3,163.44,5,gold,0,0,0.0,-0.216091
C002133,7,174.59,6,bronze,1,0,0.0,0.112779
C002134,8,205.2,5,bronze,1,1,185.72,-0.007715
C002135,5,116.71,4,silver,0,0,0.0,0.045478
C002136,1,173.33,5,silver,1,0,0.0,-0.111645
C002137,6,182.05,4,bronze,1,0,0.0,-0.00344
C002138,3,77.84,3,silver,0,0,0.0,0.060064
C002139,15,73.98,1,bronze,1,0,0.0,-0.061222
C002140,5,157.24,5,bronze,0,1,45.3,0.052706
C002141,0,145.6,2,bronze,1,0,0.0,-0.018138
C002142,8,133.6,3,gold,1,1,12.89,-0.00771
C002143,9,107.37,3,gold,1,0,0.0,-0.0208
C002144,1,104.59,0,silver,0,0,0.0,-0.035909
C002145,5,76.76,3,silver,0,0,0.0,-0.042717
C002146,4,123.67,5,bronze,0,0,0.0,0.01776
C002147,8,132.52,4,bronze,1,0,0.0,0.00604
C002148,11,83.49,7,silver,1,0,0.0,0.084769
C002149,3,51.56,5,silver,0,0,0.0,-0.079618
C002150,8,147.72,4,bronze,0,0,0.0,0.057144
C002151,1,122.39,3,silver,0,0,0.0,-0.025578
C002152,4,202.18,4,silver,1,0,0.0,0.077726
C002153,5,125.55,5,bronze,1,0,0.0,0.002979
C002154,8,160.91,6,silver,1,0,0.0,0.12361
C002155,6,76.49,2,silver,0,0,0.0,0.033082
C002156,8,215.04,5,bronze,1,0,0.0,0.054202
C002157,7,221.16,4,silver,0,0,0.0,0.143058
C002158,9,130.57,4,silver,0,0,0.0,0.104476
C002159,4,184.64,2,silver,1,0,0.0,0.254824
C002160,6,220.46,5,silver,0,0,0.0,-0.007486
C002161,5,0.15,1,gold,0,1,22.58,0.129525
C002162,7,140.17,5,silver,1,1,133.27,0.099643
C002163,1,54.7,5,bronze,1,0,0.0,0.003041
C002164,3,174.04,6,gold,1,1,33.22,0.141249
C002165,2,164.39,1,silver,1,0,0.0,-0.097779
C002166,3,97.09,4,gold,1,0,0.0,0.065798
C002167,9,94.04,6,gold,1,0,0.0,-0.093412
C002168,7,69.3,6,silver,1,1,42.34,0.189018
C002169,7,136.94,3,silver,0,1,31.76,0.068745
C002170,6,122.44,4,silver,0,0,0.0,0.363247
C002171,2,50.34,5,gold,1,0,0.0,-0.102472
C002172,6,38.51,6,gold,1,1,200.66,-0.0054
C002173,3,99.56,0,bronze,0,0,0.0,-0.015693
C002174,4,102.72,2,silver,1,0,0.0,-0.019675
C002175,7,106.66,4,bronze,0,0,0.0,0.028782
C002176,10,115.49,2,silver,0,0,0.0,-0.047012
C002177,9,161.95,2,silver,1,1,138.73,0.033326
C002178,2,81.92,7,silver,0,0,0.0,0.039131
C002179,5,118.25,0,silver,0,0,0.0,-0.118587
C002180,3,27.17,6,silver,0,0,0.0,-0.087046
C002181,10,257.67,4,silver,1,0,0.0,0.232337
C002182,6,197.79,2,silver,1,0,0.0,-0.039405
C002183,9,189.23,5,silver,0,0,0.0,-0.031869
C002184,2,161.18,3,bronze,0,0,0.0,-0.003038
C002185,0,170.12,6,bronze,1,0,0.0,0.004422
C002186,10,176.76,3,bronze,1,1,137.06,0.050206
C002187,5,85.51,6,silver,1,0,0.0,0.065523
C002188,3,96.32,1,silver,1,0,0.0,-0.012579
C002189,5,124.01,7,silver,1,0,0.0,0.039849
C002190,5,222.17,1,gold,0,0,0.0,-0.054085
C002191,2,79.04,4,silver,1,0,0.0,-0.082991
C002192,8,173.86,4,gold,0,1,131.97,0.013419
C002193,7,0.0,6,gold,1,0,0.0,0.061681
C002194,7,161.81,1,bronze,0,0,0.0,0.048805
C002195,8,0.0,3,gold,1,0,0.0,-0.161734
C002196,2,84.06,3,gold,0,0,0.0,-0.147612
C002197,12,133.32,2,silver,1,1,63.57,0.026046
C002198,4,0.0,5,gold,0,0,0.0,0.205729
C002199,3,118.56,2,silver,1,0,0.0,-0.02088
C002200,2,167.04,0,bronze,1,0,0.0,0.006257
C002201,5,168.29,3,gold,1,1,111.74,-0.059186
C002202,6,10.71,6,bronze,0,0,0.0,-0.033471
C002203,11,64.95,5,gold,1,1,53.61,0.178576
C002204,6,23.18,3,silver,0,1,201.9,0.195295
C002205,8,46.0,6,silver,0,0,0.0,-0.167683
C002206,8,152.3,2,gold,1,0,0.0,-0.040032
C002207,5,97.37,7,gold,1,0,0.0,0.551874
C002208,3,174.54,6,gold,0,1,142.49,0.043988
C002209,4,252.31,6,silver,1,0,0.0,0.093826
C002210,5,179.36,8,silver,0,0,0.0,0.012767
C002211,5,119.72,6,silver,0,0,0.0,-0.06449
C002212,4,89.26,2,gold,1,0,0.0,-0.345091
C002213,3,137.91,3,silver,1,0,0.0,-0.069393
C002214,6,115.01,3,silver,0,0,0.0,0.189971
C002215,6,157.43,4,silver,0,0,0.0,0.384313
C002216,8,67.03,6,gold,0,0,0.0,-0.020791
C002217,9,37.9,5,silver,0,0,0.0,0.072839
C002218,6,73.04,3,bronze,0,0,0.0,-0.020641
C002219,9,88.28,3,silver,0,0,0.0,-0.040075
C002220,5,154.38,2,silver,0,0,0.0,-0.065763
C002221,9,37.07,4,bronze,0,0,0.0,0.091412
C002222,7,10.74,3,gold,0,0,0.0,-0.150971
C002223,12,78.32,6,silver,0,0,0.0,0.036027
C002224,9,166.48,4,bronze,0,0,0.0,0.170224
C002225,5,122.29,7,silver,0,0,0.0,0.081854
C002226,1,128.02,0,silver,1,0,0.0,-0.023684
C002227,7,135.18,3,gold,1,0,0.0,0.072665
C002228,5,103.03,2,bronze,0,1,142.8,-0.005769
C002229,2,29.93,7,silver,1,0,0.0,-0.025207
C002230,7,132.52,7,silver,1,0,0.0,0.140311
C002231,3,111.66,3,silver,0,0,0.0,-0.021916
C002232,8,213.54,5,bronze,0,0,0.0,0.057695
C002233,0,179.37,5,silver,0,0,0.0,0.028811
C002234,3,21.43,6,silver,0,0,0.0,0.044629
C002235,5,182.19,2,bronze,0,0,0.0,0.001693
C002236,0,110.04,7,gold,1,0,0.0,-0.149457
C002237,9,118.81,4,gold,1,0,0.0,-0.102305
C002238,6,98.45,5,bronze,1,0,0.0,0.01734
C002239,4,144.71,3,silver,0,0,0.0,-0.027372
C002240,4,184.61,3,silver,0,0,0.0,0.029846
C002241,9,155.3,3,silver,1,1,112.03,0.238587
C002242,11,89.75,5,silver,0,0,0.0,0.052122
C002243,6,161.51,5,silver,0,0,0.0,-0.118232
C002244,8,35.48,2,gold,0,0,0.0,0.004067
C002245,12,158.69,5,silver,0,1,233.22,0.181332
C002246,10,91.53,2,bronze,0,0,0.0,0.061267
C002247,10,67.05,4,bronze,0,0,0.0,0.043779
C002248,7,135.71,5,bronze,0,0,0.0,0.072694
C002249,10,20.54,8,gold,0,1,116.62,0.06648
C002250,4,115.57,4,gold,1,1,63.61,-0.010194
C002251,10,114.66,4,bronze,0,0,0.0,0.025887
C002252,6,164.27,3,bronze,1,0,0.0,-0.007194
C002253,4,183.26,1,silver,1,0,0.0,-0.039046
C002254,8,36.87,3,silver,0,0,0.0,0.080206
C002255,2,95.74,0,silver,1,0,0.0,-0.021957
C002256,8,192.74,3,silver,0,0,0.0,0.001739
C002257,6,237.17,7,bronze,1,0,0.0,0.081056
C002258,3,118.62,2,gold,0,0,0.0,-0.281517
C002259,5,84.77,4,silver,1,0,0.0,0.107546
C002260,4,173.19,6,silver,1,0,0.0,-0.070654
C002261,0,202.23,5,gold,1,0,0.0,-0.074458
C002262,6,63.35,0,silver,0,0,0.0,-0.099775
C002263,1,144.68,0,bronze,0,0,0.0,-0.003808
C002264,4,78.69,3,gold,1,0,0.0,-0.234985
C002265,2,214.64,5,silver,0,0,0.0,-0.108514
C002266,3,0.0,6,bronze,0,0,0.0,-0.019154
C002267,10,88.78,0,silver,1,0,0.0,0.018679
C002268,3,47.18,4,silver,1,0,0.0,-0.028185
C002269,0,129.42,5,gold,1,0,0.0,-0.060366
C002270,2,160.15,5,bronze,0,0,0.0,0.002655
C002271,3,108.83,6,bronze,0,0,0.0,0.101229
C002272,9,9.6,5,gold,1,1,272.73,0.076945
C002273,7,120.56,4,bronze,1,1,71.99,0.030506
C002274,2,147.26,3,silver,0,0,0.0,-0.073317
C002275,6,287.88,5,silver,1,1,171.01,0.227898
C002276,12,61.09,5,silver,1,0,0.0,0.072801
C002277,8,275.41,3,bronze,1,0,0.0,0.063642
C002278,3,100.66,7,bronze,1,0,0.0,0.002927
C002279,2,107.99,7,silver,0,0,0.0,0.03242
C002280,5,140.67,3,bronze,1,0,0.0,0.033472
C002281,7,160.19,5,silver,1,0,0.0,-0.010353
C002282,4,163.48,1,gold,0,0,0.0,0.103134
C002283,5,108.52,3,gold,1,1,24.99,0.133965
C002284,4,178.68,3,bronze,0,0,0.0,-0.066147
C002285,4,144.38,6,silver,0,0,0.0,0.019029
C002286,5,144.34,0,bronze,1,0,0.0,-0.056172
C002287,5,99.5,4,silver,1,0,0.0,-0.077993
C002288,0,133.45,4,gold,0,1,80.6,-0.096303
C002289,5,104.06,1,silver,0,0,0.0,0.031828
C002290,3,79.43,3,silver,1,0,0.0,-0.018096
C002291,6,55.34,7,gold,0,0,0.0,0.05993
C002292,6,134.53,7,bronze,0,0,0.0,0.034271
C002293,2,99.13,6,bronze,1,0,0.0,0.002874
C002294,8,11.94,0,bronze,0,0,0.0,-0.045076
C002295,6,104.52,4,bronze,1,0,0.0,0.047409
C002296,3,66.0,1,bronze,1,0,0.0,-0.061425
C002297,9,123.23,4,bronze,1,0,0.0,0.11592
C002298,8,167.61,4,gold,1,1,438.7,0.054543
C002299,7,122.79,6,bronze,1,0,0.0,0.059677
C002300,4,78.79,7,bronze,1,0,0.0,-0.001959
C002301,7,55.97,3,silver,0,0,0.0,0.092889
C002302,5,85.35,2,silver,1,0,0.0,-0.011561
C002303,5,120.7,4,silver,1,0,0.0,0.028615
C002304,4,107.56,6,silver,1,0,0.0,-0.124853
C002305,5,140.38,8,gold,0,1,34.63,0.127102
C002306,6,173.8,2,gold,0,0,0.0,-0.175647
C002307,10,246.4,4,gold,1,1,8.79,-0.413506
C002308,8,52.15,3,bronze,1,0,0.0,0.065719
C002309,0,144.52,3,gold,0,1,196.54,-0.072574
C002310,5,8.24,5,gold,0,1,97.79,0.183445
C002311,0,173.52,5,bronze,1,0,0.0,0.010118
C002312,4,61.05,4,gold,0,0,0.0,-0.291477
C002313,1,95.48,4,silver,1,0,0.0,0.001456
C002314,7,90.35,5,silver,0,0,0.0,0.279671
C002315,9,149.93,3,silver,1,0,0.0,0.109654
C002316,12,118.96,4,gold,1,1,13.03,0.450039
C002317,2,35.25,5,silver,0,0,0.0,-0.02223
C002318,10,110.96,5,silver,1,0,0.0,0.326571
C002319,5,140.2,4,silver,0,0,0.0,0.009578
C002320,11,83.64,7,silver,1,0,0.0,0.08148
C002321,8,23.92,3,gold,1,0,0.0,0.170468
C002322,5,128.58,5,silver,0,0,0.0,-0.035198
C002323,11,118.67,6,silver,1,0,0.0,0.08349
C002324,0,213.71,6,gold,0,1,213.81,-0.026554
C002325,6,214.63,3,silver,1,0,0.0,0.002195
C002326,5,69.29,5,silver,0,0,0.0,0.12346
C002327,3,58.29,3,silver,1,0,0.0,-0.080112
C002328,6,27.34,3,bronze,1,0,0.0,0.006478
C002329,8,42.33,0,bronze,1,0,0.0,0.000853
C002330,5,112.19,3,bronze,0,0,0.0,0.015814
C002331,7,13.95,7,gold,0,1,99.84,0.119137
C002332,8,160.15,7,silver,1,0,0.0,0.07522
C002333,5,171.59,1,silver,0,0,0.0,-0.075084
C002334,11,157.36,5,silver,0,0,0.0,0.031047
C002335,4,178.03,5,silver,1,0,0.0,0.076278
C002336,8,11.05,2,silver,0,0,0.0,-0.082411
C002337,13,190.08,2,silver,1,0,0.0,0.062776
C002338,7,187.85,6,gold,0,0,0.0,0.113504
C002339,8,129.84,4,gold,1,1,5.17,-0.104751
C002340,3,72.04,3,gold,1,0,0.0,-0.091315
C002341,8,177.26,0,silver,1,0,0.0,0.045754
C002342,10,129.22,4,silver,0,1,109.01,0.091181
C002343,9,103.72,2,gold,0,0,0.0,0.043838
C002344,3,3.36,1,bronze,1,0,0.0,-0.012782
C002345,2,180.76,4,gold,1,0,0.0,-0.149967
C002346,15,228.46,5,bronze,0,0,0.0,0.068393
C002347,3,116.25,1,gold,0,0,0.0,-0.198811
C002348,8,43.27,2,silver,1,1,39.46,-0.051067
C002349,1,189.97,4,silver,1,0,0.0,-0.018906
C002350,0,159.09,7,gold,1,0,0.0,-0.00999
C002351,6,121.26,4,silver,1,0,0.0,0.047
C002352,10,176.79,7,silver,0,0,0.0,0.101582
C002353,7,200.06,6,gold,0,1,51.21,-0.019115
C002354,5,52.27,4,bronze,1,0,0.0,-0.016589
C002355,11,184.54,4,silver,0,0,0.0,0.184705
C002356,6,155.8,2,silver,1,0,0.0,-0.127342
C002357,9,131.5,0,silver,1,0,0.0,-0.102161
C002358,5,239.84,4,silver,1,1,44.15,-0.035541
C002359,6,94.49,3,bronze,0,0,0.0,0.03882
C002360,0,88.73,1,silver,0,0,0.0,-0.073355
C002361,3,76.93,8,silver,0,0,0.0,0.019415
C002362,2,153.49,1,bronze,0,0,0.0,-0.006506
C002363,8,211.18,5,bronze,1,0,0.0,0.062304
C002364,8,161.02,5,gold,0,0,0.0,-0.031741
C002365,9,132.13,0,gold,0,0,0.0,-0.150392
C002366,10,88.82,4,silver,0,0,0.0,0.026163
C002367,6,220.5,5,gold,1,0,0.0,0.11907
C002368,6,135.09,4,gold,0,1,123.79,-0.133258
C002369,0,227.71,7,bronze,0,0,0.0,0.011241
C002370,4,187.3,4,bronze,1,0,0.0,0.037786
C002371,3,92.77,4,bronze,0,0,0.0,0.04294
C002372,11,202.49,3,gold,0,1,51.89,-0.18199
C002373,9,113.9,5,silver,1,1,108.52,-0.071269
C002374,11,84.15,0,bronze,0,0,0.0,-0.005154
C002375,8,150.19,2,silver,1,1,63.24,0.103661
C002376,8,173.92,3,silver,0,0,0.0,0.080963
C002377,8,179.5,6,silver,0,0,0.0,0.183902
C002378,8,124.08,8,silver,0,0,0.0,-0.007368
C002379,4,124.55,3,silver,0,0,0.0,-0.013511
C002380,8,139.78,6,gold,1,1,313.78,-0.071441
C002381,4,99.6,4,silver,0,0,0.0,0.044293
C002382,8,63.4,3,gold,0,0,0.0,-0.051894
C002383,0,13.22,2,silver,1,0,0.0,-0.060377
C002384,11,124.08,6,silver,1,0,0.0,0.210117
C002385,7,121.65,5,gold,0,1,21.82,0.391537
C002386,5,0.0,5,silver,1,0,0.0,-0.102915
C002387,4,33.09,2,gold,1,0,0.0,-0.052164
C002388,5,138.36,5,gold,1,0,0.0,-0.136548
C002389,8,54.6,4,bronze,0,0,0.0,0.062929
C002390,8,216.36,5,gold,1,0,0.0,-0.124727
C002391,9,0.0,3,bronze,0,0,0.0,0.033384
C002392,6,0.0,5,silver,0,0,0.0,-0.05761
C002393,9,81.98,2,bronze,0,0,0.0,0.021592
C002394,10,77.97,2,silver,1,1,171.16,-0.068436
C002395,7,39.54,3,bronze,1,0,0.0,0.026045
C002396,8,106.89,4,gold,1,1,279.19,0.015996
C002397,5,103.87,1,silver,0,0,0.0,-0.029265
C002398,6,54.63,5,silver,0,0,0.0,0.250768
C002399,9,133.9,1,bronze,0,0,0.0,-0.000466
C002400,1,128.19,3,gold,0,0,0.0,-0.091745
C002401,2,109.95,5,bronze,0,0,0.0,0.00451
C002402,7,63.21,2,bronze,0,0,0.0,-0.059317
C002403,8,131.89,5,bronze,0,0,0.0,0.057991
C002404,4,167.69,2,silver,0,0,0.0,0.091989
C002405,3,131.31,5,silver,0,0,0.0,-0.056263
C002406,5,190.73,3,bronze,0,0,0.0,0.022795
C002407,4,202.88,2,silver,0,0,0.0,0.055094
C002408,0,15.12,7,gold,0,0,0.0,-0.061516
C002409,3,93.32,2,bronze,0,0,0.0,-0.013626
C002410,9,157.89,4,gold,1,1,222.1,-0.011955
C002411,3,112.62,4,silver,1,0,0.0,-0.007212
C002412,13,116.0,5,silver,1,0,0.0,0.407914
C002413,4,140.33,5,silver,1,0,0.0,0.033432
C002414,6,107.36,5,silver,0,0,0.0,0.063028
C002415,9,92.7,3,silver,0,0,0.0,-0.09362
C002416,3,12.5,7,gold,0,0,0.0,-0.089579
C002417,8,16.96,3,bronze,1,1,260.46,-0.011479
C002418,8,98.48,2,bronze,0,0,0.0,0.017503
C002419,2,37.86,4,gold,0,0,0.0,-0.212168
C002420,5,21.58,0,silver,1,0,0.0,-0.084997
C002421,4,195.5,5,silver,0,0,0.0,0.044005
C002422,6,0.0,5,silver,1,0,0.0,-0.005486
C002423,7,188.38,4,gold,0,1,67.33,0.113105
C002424,11,82.39,1,bronze,0,0,0.0,0.014392
C002425,4,98.01,6,bronze,1,0,0.0,0.00727
C002426,0,147.51,5,bronze,1,0,0.0,-0.015666
C002427,4,267.15,5,silver,0,0,0.0,-0.046995
C002428,0,154.81,6,silver,0,0,0.0,-0.008792
C002429,3,188.92,4,bronze,1,0,0.0,-0.010093
C002430,4,235.84,5,bronze,1,0,0.0,-0.018255
C002431,9,81.25,1,silver,1,0,0.0,-0.026451
C002432,5,62.17,6,bronze,1,0,0.0,0.009907
C002433,8,50.68,6,gold,1,1,104.54,0.191967
C002434,6,135.52,1,gold,0,1,68.12,-0.143318
C002435,3,95.79,4,gold,0,1,83.89,0.017004
C002436,11,156.19,6,silver,1,0,0.0,0.273062
C002437,7,91.97,2,silver,1,0,0.0,-0.081988
C002438,5,47.93,6,bronze,1,0,0.0,0.001224
C002439,5,147.66,5,bronze,0,0,0.0,-0.010588
C002440,12,46.67,10,bronze,1,0,0.0,0.038652
C002441,5,42.83,4,silver,1,0,0.0,0.10382
C002442,6,163.34,7,gold,1,1,65.28,0.13453
C002443,6,73.74,3,gold,1,1,112.42,0.175281
C002444,9,224.01,3,silver,0,0,0.0,-0.135032
C002445,15,181.25,0,silver,0,1,224.64,0.121861
C002446,7,125.47,8,bronze,0,0,0.0,-0.001747
C002447,2,60.45,4,silver,1,0,0.0,-0.002638
C002448,9,32.65,4,silver,1,0,0.0,0.032742
C002449,1,157.55,7,gold,0,0,0.0,0.175261
C002450,4,167.76,3,gold,0,0,0.0,-0.195887
C002451,11,264.33,6,gold,1,1,57.22,0.221659
C002452,2,5.53,6,gold,0,1,105.81,-0.109588
C002453,8,127.66,7,gold,1,1,83.15,0.10955
C002454,6,196.36,5,bronze,0,0,0.0,0.054684
C002455,9,143.09,1,silver,1,0,0.0,-0.07109
C002456,8,187.02,1,gold,1,0,0.0,-0.07258
C002457,10,56.0,4,gold,0,1,71.03,0.224749
C002458,5,156.61,3,gold,0,1,162.57,-0.130857
C002459,5,44.96,6,silver,0,0,0.0,0.005583
C002460,9,109.22,0,silver,1,0,0.0,-0.09518
C002461,3,16.41,5,silver,1,0,0.0,-0.089583
C002462,8,174.69,2,silver,1,0,0.0,-0.011997
C002463,9,42.78,3,silver,0,0,0.0,0.029741
C002464,3,146.23,3,silver,1,0,0.0,0.006756
C002465,5,70.47,4,bronze,1,0,0.0,0.04334
C002466,7,85.7,5,silver,1,0,0.0,0.095579
C002467,5,198.37,3,silver,0,0,0.0,0.00977
C002468,1,59.18,2,silver,0,0,0.0,-0.106547
C002469,6,176.27,3,gold,1,1,57.88,-0.021833
C002470,5,182.01,6,silver,1,0,0.0,0.067484
C002471,8,30.27,2,silver,0,0,0.0,0.139733
C002472,5,150.11,1,bronze,1,0,0.0,-0.015067
C002473,2,192.96,5,gold,0,1,14.76,0.235812
C002474,0,95.57,2,silver,0,0,0.0,-0.051513
C002475,11,22.56,5,bronze,0,0,0.0,0.130587
C002476,3,29.6,5,gold,0,0,0.0,-0.142474
C002477,6,137.85,2,silver,0,0,0.0,-0.214022
C002478,6,65.26,7,silver,1,0,0.0,0.017733
C002479,9,101.31,6,silver,1,1,20.96,0.114809
C002480,3,0.0,7,bronze,0,0,0.0,0.003477
C002481,7,75.4,7,silver,1,0,0.0,0.192147
C002482,6,308.77,1,bronze,1,0,0.0,-0.036317
C002483,1,154.75,5,silver,0,0,0.0,0.004148
C002484,6,144.89,3,bronze,1,0,0.0,0.035367
C002485,8,89.01,3,bronze,1,0,0.0,0.033504
C002486,7,133.65,3,silver,1,0,0.0,0.254134
C002487,7,246.85,3,gold,1,0,0.0,0.127263
C002488,10,187.06,3,silver,1,0,0.0,-0.077245
C002489,8,27.27,4,silver,0,0,0.0,0.247199
C002490,9,89.22,0,silver,1,0,0.0,-0.002699
C002491,3,76.18,4,silver,1,0,0.0,-0.001078
C002492,5,70.88,6,gold,0,0,0.0,-0.015978
C002493,5,90.69,5,bronze,1,0,0.0,-0.057276
C002494,0,164.25,4,bronze,0,0,0.0,0.001496
C002495,3,181.32,4,bronze,1,0,0.0,-0.003952
C002496,2,60.2,8,silver,1,0,0.0,0.131495
C002497,4,157.89,3,bronze,0,0,0.0,0.008723
C002498,9,96.61,2,silver,1,1,236.68,0.059376
C002499,6,100.04,3,bronze,1,1,146.1,0.001414
C002500,11,222.63,8,gold,1,1,61.0,0.048617
C002501,3,6.85,4,bronze,1,0,0.0,0.017118
C002502,5,204.21,0,silver,1,0,0.0,0.002684
C002503,5,172.89,8,bronze,1,0,0.0,0.052908
C002504,1,102.45,3,bronze,0,0,0.0,0.009991
C002505,13,194.93,1,gold,0,0,0.0,-0.225146
C002506,7,63.95,3,silver,0,0,0.0,-0.129881
C002507,11,274.58,4,bronze,0,0,0.0,0.116666
C002508,9,155.51,3,bronze,1,0,0.0,0.021384
C002509,0,209.62,5,silver,0,0,0.0,0.030027
C002510,8,96.62,3,silver,1,0,0.0,0.010423
C002511,11,172.56,6,silver,0,0,0.0,0.0729
C002512,9,56.93,3,silver,1,0,0.0,0.124785
C002513,3,158.79,4,silver,1,0,0.0,-0.014207
C002514,5,39.25,3,silver,1,0,0.0,-0.004823
C002515,4,161.7,3,silver,1,0,0.0,-0.008526
C002516,2,193.21,5,silver,0,0,0.0,0.007564
C002517,5,137.5,4,gold,1,1,150.48,-0.157832
C002518,10,205.69,3,bronze,1,0,0.0,0.164222
C002519,5,79.91,0,silver,0,0,0.0,-0.019768
C002520,4,160.4,6,gold,1,0,0.0,0.130495
C002521,5,26.04,4,bronze,1,0,0.0,0.005101
C002522,6,125.42,5,bronze,1,0,0.0,0.049148
C002523,9,130.38,3,gold,1,0,0.0,0.242918
C002524,6,137.62,5,silver,0,0,0.0,-0.003756
C002525,13,203.45,1,gold,0,0,0.0,0.073572
C002526,5,50.56,2,silver,1,0,0.0,-0.139094
C002527,2,163.35,4,bronze,0,0,0.0,-0.033976
C002528,15,85.43,3,silver,0,0,0.0,0.034234
C002529,9,144.18,3,silver,1,0,0.0,0.167664
C002530,4,128.62,8,silver,1,1,187.77,0.091619
C002531,3,0.0,4,bronze,1,0,0.0,-0.002251
C002532,7,127.63,4,silver,0,0,0.0,0.052027
C002533,4,96.01,4,gold,0,1,161.11,0.081673
C002534,6,40.77,2,bronze,1,0,0.0,-0.116022
C002535,12,137.83,4,bronze,1,1,85.35,0.080999
C002536,6,136.29,3,silver,1,0,0.0,-0.056205
C002537,3,214.03,5,silver,0,0,0.0,-0.192459
C002538,7,128.1,7,bronze,1,0,0.0,0.073828
C002539,8,208.92,2,bronze,1,0,0.0,0.005289
C002540,10,187.65,4,gold,1,0,0.0,-0.036475
C002541,4,170.61,4,gold,1,0,0.0,-0.068128
C002542,7,123.54,2,silver,0,1,285.78,0.143445
C002543,6,163.81,10,gold,0,0,0.0,-0.027931
C002544,0,49.74,5,silver,0,0,0.0,-0.00187
C002545,9,35.58,6,silver,1,0,0.0,0.183282
C002546,6,78.89,4,silver,1,1,20.84,0.035125
C002547,0,144.97,3,silver,0,0,0.0,-0.058358
C002548,8,194.46,5,gold,0,1,75.32,-0.255542
C002549,2,183.1,4,bronze,1,0,0.0,-0.001372
C002550,5,107.47,9,gold,1,0,0.0,0.031118
C002551,6,89.24,4,bronze,1,0,0.0,-0.000302
C002552,4,67.32,3,silver,1,0,0.0,-0.032067
C002553,7,143.39,6,bronze,1,0,0.0,0.055238
C002554,7,114.69,3,bronze,0,0,0.0,-0.00437
C002555,7,169.11,4,silver,1,0,0.0,0.191861
C002556,4,118.32,2,silver,1,0,0.0,-0.029216
C002557,5,78.96,7,gold,0,1,26.84,0.350178
C002558,6,164.35,8,silver,0,0,0.0,0.054649
C002559,4,170.63,6,bronze,0,0,0.0,0.034215
C002560,3,112.82,7,gold,0,0,0.0,0.126895
C002561,7,71.93,4,silver,1,1,74.6,-0.024517
C002562,10,125.06,4,bronze,1,0,0.0,0.09936
C002563,7,27.47,5,silver,0,0,0.0,-0.005884
C002564,14,73.17,9,silver,0,1,207.65,0.03357
C002565,7,126.72,1,bronze,0,0,0.0,0.009137
C002566,11,162.66,4,gold,0,0,0.0,-0.143551
C002567,6,92.23,7,bronze,1,0,0.0,0.063561
C002568,6,159.06,4,gold,0,1,114.27,0.065328
C002569,8,202.81,3,silver,0,0,0.0,0.156456
C002570,8,86.28,1,bronze,1,0,0.0,-0.025188
C002571,9,222.78,2,silver,0,1,244.66,0.122658
C002572,9,242.11,0,bronze,1,0,0.0,0.003554
C002573,6,116.49,5,silver,1,0,0.0,0.234909
C002574,5,118.21,4,bronze,0,0,0.0,0.00569
C002575,3,30.81,3,bronze,1,0,0.0,-0.022895
C002576,5,241.58,2,silver,0,0,0.0,-0.006839
C002577,0,79.19,4,bronze,1,0,0.0,-0.026016
C002578,6,96.44,5,gold,1,0,0.0,-0.053404
C002579,5,110.59,1,bronze,1,0,0.0,-0.006815
C002580,4,105.77,3,silver,0,0,0.0,-0.021952
C002581,1,184.61,4,bronze,1,0,0.0,0.001423
C002582,8,43.98,3,gold,1,0,0.0,0.098822
C002583,7,88.33,2,bronze,1,0,0.0,0.067239
C002584,2,153.11,4,bronze,1,0,0.0,-0.0058
C002585,6,146.77,2,silver,1,0,0.0,0.001925
C002586,3,55.55,4,bronze,1,0,0.0,-0.006569
C002587,4,206.24,3,silver,0,0,0.0,0.009314
C002588,2,0.0,5,silver,1,0,0.0,-0.049222
C002589,10,112.67,4,silver,0,1,69.28,0.161494
C002590,5,112.06,2,bronze,0,0,0.0,-0.038051
C002591,0,129.55,4,gold,0,1,116.7,-0.219028
C002592,4,151.03,2,bronze,0,0,0.0,-0.07966
C002593,5,160.35,5,bronze,0,0,0.0,0.004634
C002594,8,199.87,1,silver,0,0,0.0,-0.104537
C002595,5,67.22,4,silver,1,0,0.0,0.106239
C002596,6,93.71,6,silver,0,0,0.0,0.065626
C002597,8,182.3,3,silver,0,0,0.0,0.115702
C002598,2,88.92,5,silver,1,0,0.0,-0.158583
C002599,4,75.69,5,silver,0,0,0.0,-0.154738
C002600,7,103.84,2,gold,1,1,53.02,0.097291
C002601,0,81.84,3,bronze,0,0,0.0,-0.005816
C002602,9,95.77,2,silver,1,0,0.0,0.048124
C002603,6,78.84,4,silver,0,0,0.0,0.206102
C002604,7,85.29,3,silver,0,0,0.0,0.068346
C002605,9,92.34,7,silver,1,0,0.0,0.035921
C002606,2,61.11,5,gold,1,1,87.5,0.088235
C002607,10,276.96,5,bronze,1,0,0.0,0.09403
C002608,8,160.66,9,silver,0,0,0.0,0.057684
C002609,8,40.3,6,silver,1,0,0.0,0.30639
C002610,8,215.89,4,silver,1,0,0.0,0.073975
C002611,2,72.18,2,silver,0,0,0.0,-0.054054
C002612,9,107.58,4,silver,1,0,0.0,0.129939
C002613,5,151.69,7,silver,1,0,0.0,0.030195
C002614,11,185.34,2,silver,0,0,0.0,-0.01353
C002615,3,54.19,4,bronze,0,0,0.0,-0.059916
C002616,8,138.3,4,gold,1,1,89.48,-0.020017
C002617,8,150.76,5,silver,0,0,0.0,0.175156
C002618,10,197.18,2,silver,0,0,0.0,-0.092454
C002619,2,148.52,2,bronze,0,0,0.0,-0.01028
C002620,6,154.46,4,gold,1,1,183.17,-0.075917
C002621,4,144.98,4,silver,0,0,0.0,-0.044339
C002622,9,49.17,2,silver,1,1,76.04,-0.472892
C002623,2,59.21,6,bronze,1,0,0.0,-0.006106
C002624,1,0.0,3,silver,0,0,0.0,-0.083605
C002625,7,226.59,4,gold,0,1,130.06,0.160058
C002626,4,47.8,2,silver,0,0,0.0,-0.026535
C002627,12,119.36,5,silver,1,0,0.0,0.141227
C002628,5,169.99,7,silver,0,0,0.0,0.166975
C002629,4,71.31,5,silver,0,0,0.0,0.007308
C002630,8,272.71,2,bronze,1,0,0.0,0.068928
C002631,7,177.09,3,silver,1,1,7.6,0.134878
C002632,9,140.61,5,gold,0,1,43.68,0.072093
C002633,8,184.2,3,silver,0,0,0.0,0.033387
C002634,5,7.64,6,silver,1,0,0.0,-0.087765
C002635,8,5.83,3,silver,0,0,0.0,0.059633
C002636,3,103.76,4,bronze,0,0,0.0,0.014279
C002637,6,109.19,5,bronze,1,0,0.0,-0.006028
C002638,11,176.98,2,gold,0,1,73.43,-0.360362
C002639,10,196.45,2,silver,1,0,0.0,0.198978
C002640,3,163.38,3,bronze,0,0,0.0,-0.010159
C002641,7,103.05,8,silver,0,0,0.0,0.041908
C002642,1,123.68,3,gold,1,1,20.78,-0.263694
C002643,0,14.02,4,gold,1,0,0.0,-0.119503
C002644,6,118.38,5,gold,0,0,0.0,-0.044178
C002645,6,85.14,2,bronze,1,0,0.0,-0.020137
C002646,8,45.44,2,gold,0,0,0.0,-0.221901
C002647,8,103.67,3,gold,0,1,121.28,0.155143
C002648,5,154.47,7,silver,0,0,0.0,-0.026159
C002649,4,265.79,3,silver,0,0,0.0,0.060735
C002650,5,148.17,5,silver,1,0,0.0,0.288997
C002651,17,14.9,3,bronze,1,0,0.0,0.023667
C002652,9,0.0,2,silver,0,0,0.0,0.225776
C002653,5,60.13,3,bronze,0,0,0.0,-0.043329
C002654,0,26.72,2,bronze,1,0,0.0,-0.057422
C002655,9,248.52,2,bronze,1,0,0.0,-0.096476
C002656,6,76.26,3,bronze,1,0,0.0,0.000659
C002657,13,33.18,5,silver,0,0,0.0,0.015355
C002658,2,29.78,4,silver,0,1,65.16,-0.0115
C002659,2,203.62,5,silver,1,0,0.0,-0.091162
C002660,2,89.85,2,silver,0,1,112.12,0.020634
C002661,14,142.69,4,bronze,1,1,37.72,0.119992
C002662,7,74.16,4,silver,0,0,0.0,0.068475
C002663,5,0.0,5,silver,0,0,0.0,0.021451
C002664,6,37.42,5,gold,1,0,0.0,0.23623
C002665,6,196.36,2,silver,1,0,0.0,0.006415
C002666,2,6.7,3,bronze,0,0,0.0,-0.009119
C002667,7,163.63,5,silver,1,0,0.0,0.179468
C002668,0,9.14,4,silver,0,1,131.51,-0.01661
C002669,8,109.75,6,bronze,0,0,0.0,0.102646
C002670,3,97.7,2,silver,0,0,0.0,-0.012293
C002671,7,116.78,1,silver,0,0,0.0,-0.191612
C002672,5,23.3,5,silver,1,1,104.46,-0.072014
C002673,6,139.25,3,silver,0,0,0.0,0.104964
C002674,7,88.34,7,silver,1,0,0.0,0.076651
C002675,9,191.15,3,silver,1,1,160.45,-0.096397
C002676,2,149.64,1,silver,1,0,0.0,-0.083991
C002677,10,102.71,4,silver,1,1,13.56,0.136809
C002678,12,199.12,4,gold,1,1,52.66,0.047206
C002679,8,167.55,4,silver,0,0,0.0,-0.01337
C002680,4,67.2,5,silver,1,0,0.0,0.167924
C002681,3,85.12,6,gold,1,0,0.0,-0.311225
C002682,0,204.5,6,bronze,0,0,0.0,-0.013643
C002683,4,143.73,2,silver,1,1,10.29,0.089291
C002684,0,93.77,7,gold,1,0,0.0,-0.015882
C002685,5,127.61,0,gold,0,0,0.0,0.082897
C002686,2,30.91,1,bronze,0,0,0.0,-0.005487
C002687,3,71.18,3,bronze,0,0,0.0,-0.050593
C002688,6,152.58,4,gold,1,0,0.0,0.001794
C002689,7,11.82,3,silver,1,0,0.0,-0.010544
C002690,8,250.78,7,bronze,0,0,0.0,0.159894
C002691,4,193.38,3,gold,0,0,0.0,-0.10649
C002692,11,178.9,7,gold,0,0,0.0,0.093197
C002693,3,132.93,10,silver,1,0,0.0,0.036015
C002694,3,184.58,3,silver,1,0,0.0,0.010262
C002695,5,214.67,4,silver,1,0,0.0,-0.145541
C002696,7,170.53,4,bronze,0,0,0.0,0.034203
C002697,7,210.32,5,silver,1,0,0.0,0.110889
C002698,2,174.85,3,gold,1,0,0.0,-0.257005
C002699,3,28.04,0,silver,1,0,0.0,-0.017129
C002700,0,87.79,2,bronze,0,0,0.0,-0.005292
C002701,6,102.76,3,gold,0,0,0.0,0.08509
C002702,6,256.54,5,silver,0,0,0.0,-0.006255
C002703,6,174.72,3,bronze,1,0,0.0,0.049844
C002704,6,144.28,5,silver,0,0,0.0,-0.047395
C002705,11,149.22,4,silver,0,0,0.0,0.293033
C002706,4,114.81,7,silver,1,0,0.0,0.017681
C002707,4,241.49,4,silver,1,0,0.0,0.034634
C002708,5,143.97,6,silver,1,0,0.0,-0.065605
C002709,6,71.51,5,gold,1,1,40.64,0.013106
C002710,9,124.89,6,silver,0,0,0.0,0.034121
C002711,5,14.57,5,silver,0,0,0.0,-0.020492
C002712,7,178.65,3,gold,1,0,0.0,0.447437
C002713,4,179.48,2,bronze,1,0,0.0,-0.0092
C002714,8,199.41,7,silver,1,0,0.0,0.164688
C002715,0,205.01,8,silver,0,0,0.0,-0.085287
C002716,5,132.47,4,silver,1,1,105.05,-0.17917
C002717,0,190.07,5,silver,1,0,0.0,-0.126668
C002718,9,130.39,5,gold,0,1,13.07,0.247417
C002719,4,123.92,3,silver,0,1,41.33,-0.032233
C002720,6,201.9,1,silver,0,0,0.0,0.02404
C002721,5,22.78,4,gold,0,0,0.0,0.044168
C002722,3,193.44,2,silver,0,0,0.0,-0.245717
C002723,5,148.51,3,bronze,1,0,0.0,0.06672
C002724,9,224.41,7,silver,1,0,0.0,-0.145676
C002725,6,150.95,7,gold,1,1,20.98,0.082539
C002726,9,60.11,4,bronze,1,0,0.0,0.00231
C002727,1,72.35,5,bronze,0,0,0.0,0.013049
C002728,6,58.05,4,bronze,0,0,0.0,0.014502
C002729,10,143.79,2,gold,0,1,67.21,-0.308173
C002730,1,77.37,5,silver,1,0,0.0,-0.011334
C002731,6,163.62,2,silver,0,0,0.0,0.07792
C002732,10,162.69,3,silver,1,1,70.47,0.092339
C002733,4,14.25,6,silver,0,0,0.0,0.018853
C002734,4,186.78,6,silver,1,1,62.15,-0.122938
C002735,4,46.15,6,silver,0,0,0.0,-0.127921
C002736,11,68.11,5,silver,0,0,0.0,0.071233
C002737,3,95.68,1,silver,0,0,0.0,-0.012042
C002738,10,135.69,5,bronze,1,0,0.0,0.139675
C002739,0,195.89,5,bronze,0,0,0.0,-0.01366
C002740,1,64.92,4,bronze,1,0,0.0,-0.009227
C002741,10,124.06,1,silver,1,0,0.0,-0.16842
C002742,12,90.29,4,silver,1,0,0.0,0.195203
C002743,5,66.62,7,bronze,1,1,126.29,0.017755
C002744,3,142.2,2,silver,1,0,0.0,-0.182328
C002745,2,119.37,5,silver,0,0,0.0,-0.068556
C002746,5,150.57,6,silver,1,1,57.83,0.207123
C002747,11,122.56,4,silver,1,1,50.41,0.182266
C002748,1,223.46,1,gold,1,0,0.0,-0.307064
C002749,10,111.16,6,silver,1,0,0.0,0.244064
C002750,12,78.75,6,gold,1,1,170.11,0.004379
C002751,5,35.18,3,gold,1,1,144.18,-0.077713
C002752,4,131.38,2,bronze,1,0,0.0,0.007244
C002753,5,77.37,6,bronze,0,0,0.0,0.003833
C002754,4,175.99,5,bronze,1,0,0.0,0.039948
C002755,0,80.92,6,silver,1,0,0.0,0.003787
C002756,5,61.58,2,bronze,0,0,0.0,0.000673
C002757,2,114.28,3,silver,1,0,0.0,0.004175
C002758,12,88.32,4,silver,1,0,0.0,-0.096343
C002759,1,89.76,5,bronze,1,0,0.0,-0.016377
C002760,6,125.65,4,silver,0,0,0.0,0.05119
C002761,10,279.84,4,gold,1,0,0.0,-0.109297
C002762,10,158.15,4,silver,1,0,0.0,0.313401
C002763,4,57.48,1,silver,0,0,0.0,-0.023613
C002764,6,179.67,5,bronze,1,0,0.0,0.185811
C002765,6,230.86,6,bronze,1,0,0.0,0.093874
C002766,3,22.69,8,bronze,1,0,0.0,0.017615
C002767,8,17.34,1,silver,0,0,0.0,-0.207991
C002768,9,151.66,6,bronze,0,0,0.0,0.112965
C002769,3,191.83,5,gold,1,0,0.0,-0.020344
C002770,11,102.9,3,silver,1,0,0.0,0.091166
C002771,7,188.57,4,silver,0,0,0.0,0.20737
C002772,11,147.31,4,bronze,0,0,0.0,0.094297
C002773,6,107.68,3,gold,1,0,0.0,0.240162
C002774,6,94.43,1,bronze,1,0,0.0,-0.023001
C002775,1,37.27,2,bronze,1,0,0.0,-0.014066
C002776,0,190.87,7,bronze,0,0,0.0,-0.016973
C002777,7,173.4,2,gold,1,0,0.0,-0.185164
C002778,11,101.84,5,gold,0,0,0.0,-0.169323
C002779,3,118.25,1,silver,1,0,0.0,-0.106762
C002780,8,124.0,3,gold,1,1,117.23,-0.021208
C002781,4,45.67,6,silver,1,1,65.44,-0.015271
C002782,11,165.62,6,silver,1,1,224.65,0.159647
C002783,1,92.82,3,gold,1,1,24.15,-0.177453
C002784,3,37.78,6,silver,1,0,0.0,0.006803
C002785,6,150.89,2,gold,0,0,0.0,-0.031727
C002786,9,163.65,4,silver,0,0,0.0,0.022588
C002787,7,66.48,6,bronze,1,0,0.0,0.027081
C002788,2,176.46,1,silver,1,0,0.0,-0.021188
C002789,2,60.09,2,silver,0,0,0.0,-0.055734
C002790,8,93.04,3,silver,0,0,0.0,-0.088191
C002791,8,160.34,4,silver,1,0,0.0,0.124787
C002792,8,11.74,5,silver,0,1,81.16,0.050411
C002793,11,86.09,5,gold,0,0,0.0,0.287843
C002794,5,53.81,5,bronze,1,0,0.0,0.059371
C002795,6,209.33,5,gold,0,0,0.0,-0.10164
C002796,7,64.68,0,silver,0,0,0.0,-0.042418
C002797,4,166.03,5,bronze,1,0,0.0,0.162941
C002798,5,83.79,5,bronze,0,0,0.0,0.100011
C002799,6,160.33,2,gold,0,1,130.2,-0.274755
C002800,4,17.46,6,silver,0,0,0.0,-0.15301
C002801,3,248.32,3,silver,1,0,0.0,0.054188
C002802,3,20.37,6,silver,0,1,111.68,-0.032993
C002803,7,49.96,7,bronze,0,0,0.0,0.018406
C002804,11,97.72,4,bronze,0,0,0.0,0.00394
C002805,7,154.17,4,silver,1,0,0.0,0.225408
C002806,5,58.46,2,silver,1,1,180.64,0.016646
C002807,4,13.24,0,silver,1,0,0.0,-0.074637
C002808,8,212.63,6,bronze,1,0,0.0,0.198745
C002809,4,101.57,6,silver,1,0,0.0,0.011106
C002810,7,139.82,3,silver,0,0,0.0,0.106196
C002811,6,87.84,4,gold,1,1,57.68,-0.158986
C002812,4,185.28,8,silver,1,0,0.0,0.06413
C002813,9,112.6,7,bronze,1,0,0.0,0.050231
C002814,7,42.46,0,gold,1,0,0.0,0.054945
C002815,2,189.71,3,silver,1,0,0.0,-0.007118
C002816,2,124.7,2,silver,0,0,0.0,-0.097349
C002817,8,126.64,4,silver,1,0,0.0,-0.010179
C002818,6,43.46,0,silver,1,0,0.0,-0.083616
C002819,7,151.64,5,silver,1,1,150.88,-0.110234
C002820,7,70.95,4,silver,0,0,0.0,-0.07862
C002821,8,58.05,3,bronze,0,0,0.0,0.001929
C002822,10,95.87,5,bronze,1,0,0.0,0.174604
C002823,1,84.44,2,silver,0,0,0.0,-0.010866
C002824,10,88.52,5,silver,1,1,316.96,0.167378
C002825,5,15.63,4,bronze,0,0,0.0,-0.066692
C002826,3,73.83,3,silver,1,0,0.0,0.045029
C002827,12,94.36,8,silver,1,1,44.23,0.220233
C002828,3,195.31,0,gold,0,1,99.66,-0.119927
C002829,1,175.87,2,silver,1,0,0.0,-0.021459
C002830,3,191.23,3,silver,0,1,79.86,-0.093091
C002831,2,53.63,5,silver,0,0,0.0,-0.028931
C002832,7,289.53,4,silver,1,1,232.02,0.118327
C002833,8,42.1,6,bronze,1,0,0.0,0.029173
C002834,5,56.52,3,silver,1,0,0.0,-0.010136
C002835,6,53.85,1,bronze,0,0,0.0,-0.001616
C002836,3,181.43,4,silver,0,0,0.0,-0.031819
C002837,10,176.39,2,silver,0,0,0.0,-0.012194
C002838,12,142.71,4,bronze,0,0,0.0,0.134088
C002839,3,80.17,5,bronze,1,0,0.0,0.002689
C002840,5,167.26,4,silver,0,0,0.0,0.045142
C002841,2,175.57,5,bronze,1,0,0.0,-0.00048
C002842,4,98.31,0,silver,1,0,0.0,-0.028017
C002843,12,150.14,2,gold,0,0,0.0,-0.062829
C002844,10,224.65,0,silver,1,0,0.0,-0.03975
C002845,5,0.0,5,bronze,0,0,0.0,-0.054311
C002846,6,170.64,2,bronze,0,0,0.0,0.00839
C002847,8,59.26,4,silver,0,0,0.0,-0.025151
C002848,5,93.45,2,silver,1,0,0.0,-0.062966
C002849,11,71.83,5,bronze,0,0,0.0,0.017835
C002850,13,62.77,5,silver,0,0,0.0,-0.000163
C002851,3,92.98,6,gold,0,0,0.0,-0.083349
C002852,1,106.56,2,silver,0,0,0.0,-0.042148
C002853,7,136.45,6,silver,1,0,0.0,0.134475
C002854,8,91.99,2,bronze,0,0,0.0,-0.018135
C002855,8,132.8,3,bronze,1,1,148.5,0.102022
C002856,6,138.38,4,gold,1,1,15.62,0.159272
C002857,8,44.46,3,bronze,0,0,0.0,0.030686
C002858,11,109.17,6,silver,0,0,0.0,0.29926
C002859,4,141.95,3,bronze,0,0,0.0,-0.01495
C002860,7,169.15,7,silver,1,0,0.0,0.098624
C002861,4,59.51,4,bronze,1,0,0.0,0.01602
C002862,8,184.28,3,bronze,1,0,0.0,0.090142
C002863,10,0.0,2,bronze,0,0,0.0,0.016755
C002864,6,53.47,2,silver,0,0,0.0,0.118779
C002865,7,143.61,7,silver,1,0,0.0,0.070245
C002866,0,134.67,8,gold,0,0,0.0,0.02745
C002867,2,76.54,3,silver,1,0,0.0,-0.035085
C002868,3,208.54,1,silver,1,0,0.0,-0.026876
C002869,5,57.19,3,silver,1,0,0.0,0.109302
C002870,4,71.07,2,silver,1,0,0.0,-0.03666
C002871,2,140.64,7,silver,1,0,0.0,-0.019805
C002872,2,113.29,6,silver,0,0,0.0,-0.007215
C002873,1,172.89,3,silver,0,0,0.0,-0.129247
C002874,11,29.16,4,gold,1,1,85.12,-0.062124
C002875,10,56.62,6,silver,0,1,155.32,-0.047234
C002876,8,122.29,3,silver,0,0,0.0,-0.103986
C002877,7,75.31,7,gold,0,0,0.0,0.247762
C002878,8,94.74,3,bronze,1,0,0.0,0.04305
C002879,6,188.51,6,silver,1,0,0.0,0.008061
C002880,8,241.61,8,silver,0,0,0.0,0.064813
C002881,6,99.53,4,silver,0,0,0.0,0.069982
C002882,6,116.12,7,silver,0,0,0.0,0.124613
C002883,2,130.77,4,silver,1,0,0.0,-0.028205
C002884,0,70.6,2,bronze,0,0,0.0,-0.003093
C002885,7,121.14,5,silver,1,0,0.0,0.093982
C002886,4,143.43,4,silver,0,0,0.0,0.130016
C002887,9,134.99,4,gold,1,1,92.1,0.088064
C002888,7,127.12,5,silver,1,1,50.65,0.228176
C002889,8,74.4,1,bronze,0,0,0.0,0.001553
C002890,3,127.74,6,silver,1,1,154.96,0.015759
C002891,5,130.86,1,silver,1,0,0.0,-0.069933
C002892,4,69.44,2,bronze,1,0,0.0,0.022644
C002893,12,109.5,3,silver,1,1,142.85,0.124408
C002894,6,95.62,0,silver,1,0,0.0,0.024233
C002895,4,139.21,7,silver,1,0,0.0,-0.052195
C002896,10,128.06,7,bronze,0,0,0.0,0.059371
C002897,10,66.77,3,silver,1,1,38.29,0.047621
C002898,7,55.5,2,bronze,0,0,0.0,0.032764
C002899,6,233.44,5,bronze,0,0,0.0,0.12101
C002900,5,67.16,6,bronze,0,0,0.0,0.087492
C002901,8,107.27,0,silver,1,0,0.0,-0.081388
C002902,4,40.94,4,silver,0,0,0.0,0.013897
C002903,10,69.06,5,bronze,1,0,0.0,-0.020841
C002904,10,58.74,5,silver,1,1,89.01,0.163538
C002905,3,20.73,2,silver,1,0,0.0,0.010056
C002906,2,212.18,6,bronze,0,0,0.0,-6.7e-05
C002907,7,140.26,7,silver,0,0,0.0,-0.054586
C002908,4,26.41,4,gold,1,1,91.92,-0.177489
C002909,8,150.84,8,silver,0,0,0.0,0.003695
C002910,7,157.63,6,bronze,1,0,0.0,0.029953
C002911,5,97.63,5,silver,0,0,0.0,0.004104
C002912,7,170.03,4,silver,0,0,0.0,0.053392
C002913,5,124.4,0,silver,1,0,0.0,-0.125463
C002914,4,6.75,3,silver,1,0,0.0,0.009669
C002915,7,186.77,4,silver,0,0,0.0,-0.122899
C002916,5,218.86,8,silver,0,1,102.12,0.168085
C002917,10,16.72,4,silver,0,1,174.79,0.044373
C002918,9,166.77,2,bronze,1,0,0.0,-0.060032
C002919,4,123.29,6,gold,1,0,0.0,-0.174492
C002920,4,188.09,4,gold,1,0,0.0,-0.056697
C002921,10,133.98,3,silver,0,0,0.0,-0.134745
C002922,8,42.22,6,gold,0,0,0.0,-0.042531
C002923,12,106.05,5,bronze,0,0,0.0,0.03722
C002924,11,45.6,4,silver,0,0,0.0,-0.029264
C002925,8,113.69,5,gold,1,0,0.0,0.182692
C002926,3,146.73,4,gold,1,0,0.0,0.48122
C002927,2,81.38,6,silver,1,0,0.0,0.024566
C002928,5,162.88,6,bronze,0,0,0.0,0.039552
C002929,7,74.1,1,silver,0,0,0.0,0.066081
C002930,12,79.68,5,silver,1,1,158.19,0.065702
C002931,10,196.81,4,gold,0,1,85.41,-0.0557
C002932,5,132.18,5,silver,0,0,0.0,-0.005117
C002933,5,259.48,4,bronze,0,0,0.0,0.026378
C002934,7,97.46,2,bronze,1,0,0.0,0.093233
C002935,4,152.14,7,bronze,1,0,0.0,-0.010039
C002936,7,99.06,6,bronze,1,0,0.0,0.063028
C002937,2,91.69,3,gold,0,0,0.0,-0.124202
C002938,3,106.75,4,silver,0,0,0.0,-0.114848
C002939,7,130.87,4,gold,0,1,118.67,0.168885
C002940,8,216.95,4,bronze,0,0,0.0,0.022788
C002941,13,235.02,7,gold,0,0,0.0,-0.02559
C002942,11,119.43,5,silver,0,0,0.0,0.171683
C002943,6,138.5,7,silver,0,0,0.0,0.091233
C002944,6,158.65,3,silver,0,0,0.0,0.001474
C002945,5,148.29,2,bronze,1,0,0.0,0.029617
C002946,7,192.59,2,silver,0,0,0.0,0.033115
C002947,0,220.51,6,silver,0,1,91.65,-0.104925
C002948,10,98.04,6,silver,0,0,0.0,-0.2202
C002949,10,109.54,3,silver,0,0,0.0,0.098807
C002950,8,154.38,3,gold,1,1,66.72,0.213607
C002951,8,193.79,3,bronze,0,0,0.0,0.071374
C002952,10,0.0,5,silver,1,0,0.0,-0.030106
C002953,7,166.91,5,gold,0,0,0.0,0.152216
C002954,8,110.17,2,bronze,0,0,0.0,-0.028035
C002955,3,123.86,3,silver,1,0,0.0,-0.018979
C002956,8,152.96,4,gold,1,0,0.0,-0.10444
C002957,0,156.25,0,silver,0,0,0.0,-0.049441
C002958,11,137.43,6,silver,0,1,83.83,0.126394
C002959,5,233.11,2,bronze,1,0,0.0,-0.002049
C002960,8,64.24,3,gold,1,1,49.68,0.16968
C002961,10,97.23,8,gold,1,0,0.0,0.192217
C002962,7,129.81,6,bronze,0,0,0.0,0.049583
C002963,5,163.95,2,bronze,1,0,0.0,-0.00267
C002964,0,159.74,3,silver,0,0,0.0,-0.001892
C002965,9,0.0,5,silver,0,0,0.0,-0.001257
C002966,7,137.97,9,bronze,0,0,0.0,0.006541
C002967,13,4.82,3,bronze,0,0,0.0,-0.110365
C002968,1,126.78,3,silver,1,0,0.0,-0.106625
C002969,11,129.33,2,gold,0,1,37.61,0.301484
C002970,12,190.41,5,bronze,0,0,0.0,0.11038
C002971,8,172.44,3,silver,0,0,0.0,0.068182
C002972,1,133.98,4,silver,1,1,145.93,-0.003017
C002973,2,182.48,7,silver,0,0,0.0,0.003611
C002974,6,11.92,3,bronze,0,0,0.0,0.005331
C002975,8,100.37,6,gold,0,1,69.32,-0.049874
C002976,2,150.99,4,silver,1,0,0.0,0.013498
C002977,10,185.34,5,bronze,1,0,0.0,0.055584
C002978,7,116.27,4,silver,0,0,0.0,-0.091529
C002979,4,218.38,6,silver,0,0,0.0,0.037058
C002980,0,107.93,0,silver,0,0,0.0,-0.036952
C002981,5,48.05,3,silver,0,1,139.93,0.052189
C002982,6,107.55,4,bronze,1,0,0.0,0.102937
C002983,9,202.42,6,bronze,0,0,0.0,-0.017251
C002984,8,183.38,2,gold,1,0,0.0,0.037398
C002985,6,174.15,6,gold,0,1,258.84,-0.100822
C002986,10,34.1,1,silver,1,0,0.0,0.0018
C002987,0,68.67,5,silver,0,0,0.0,-0.037405
C002988,7,137.68,4,silver,0,0,0.0,0.192706
C002989,6,142.58,5,gold,1,0,0.0,0.017763
C002990,7,25.65,4,gold,0,1,26.18,0.08117
C002991,5,155.32,6,bronze,0,1,159.79,0.07546
C002992,3,18.14,7,silver,1,0,0.0,0.126626
C002993,7,256.93,5,silver,0,0,0.0,0.031514
C002994,0,242.82,1,bronze,0,0,0.0,-0.00563
C002995,7,304.85,1,silver,0,0,0.0,-0.179866
C002996,4,118.31,2,gold,0,1,20.21,-0.171884
C002997,11,95.14,5,bronze,1,0,0.0,0.038642
C002998,7,243.85,4,silver,1,1,41.42,0.000213
C002999,0,74.09,6,gold,0,1,97.31,0.096511
C003000,9,206.79,5,gold,0,1,127.57,-0.078246
C003001,6,99.39,4,silver,1,0,0.0,0.026788
C003002,7,120.17,4,gold,0,1,23.03,0.105572
C003003,3,125.71,5,silver,0,0,0.0,0.024911
C003004,13,116.0,5,bronze,0,0,0.0,0.112405
C003005,0,46.45,4,silver,1,0,0.0,-0.052021
C003006,8,51.27,4,gold,0,1,38.28,-0.022377
C003007,8,159.57,5,silver,0,0,0.0,0.098197
C003008,4,69.21,3,silver,0,0,0.0,0.001359
C003009,2,126.15,5,silver,0,0,0.0,-0.078792
C003010,3,0.0,3,bronze,1,0,0.0,0.004995
C003011,3,31.0,4,gold,1,1,20.06,-0.010018
C003012,2,141.81,2,silver,0,0,0.0,-0.035451
C003013,3,112.94,4,silver,0,0,0.0,-0.030478
C003014,4,25.29,0,silver,1,0,0.0,-0.002725
C003015,6,136.65,5,silver,1,0,0.0,0.256127
C003016,5,135.89,5,bronze,0,0,0.0,0.12655
C003017,4,16.24,1,silver,1,0,0.0,-0.016358
C003018,3,143.21,4,bronze,0,0,0.0,0.005035
C003019,10,58.44,2,bronze,1,0,0.0,0.020507
C003020,8,30.18,3,silver,0,0,0.0,0.065839
C003021,7,0.0,2,bronze,1,0,0.0,-0.009755
C003022,10,0.0,0,gold,1,0,0.0,0.053048
C003023,7,182.35,2,silver,1,0,0.0,0.010522
C003024,3,0.0,2,bronze,1,0,0.0,-0.003787
C003025,8,135.92,5,bronze,0,0,0.0,0.072585
C003026,11,125.28,4,bronze,1,0,0.0,0.040961
C003027,1,114.55,3,gold,0,0,0.0,-0.011643
C003028,5,113.77,4,bronze,0,0,0.0,0.025917
C003029,6,104.52,5,silver,1,0,0.0,0.207584
C003030,6,170.95,7,gold,0,0,0.0,0.048975
C003031,10,115.49,5,bronze,0,0,0.0,0.110672
C003032,2,159.24,2,silver,1,0,0.0,-0.026437
C003033,10,141.51,5,bronze,1,0,0.0,0.137608
C003034,9,184.1,5,bronze,0,0,0.0,0.118083
C003035,5,74.78,2,gold,1,0,0.0,0.034372
C003036,1,232.56,1,bronze,1,0,0.0,-0.00853
C003037,5,62.72,9,gold,1,0,0.0,-0.230984
C003038,6,249.2,3,bronze,0,0,0.0,0.126051
C003039,6,82.62,5,silver,0,1,126.83,-0.071624
C003040,6,103.61,1,bronze,1,0,0.0,-0.071177
C003041,8,90.7,4,bronze,1,0,0.0,0.043864
C003042,11,133.9,11,silver,0,1,38.65,0.524681
C003043,9,147.11,3,silver,0,0,0.0,0.003587
C003044,11,214.28,5,gold,1,0,0.0,0.102632
C003045,10,197.61,7,gold,1,1,329.97,0.114551
C003046,6,102.42,3,gold,0,0,0.0,-0.004491
C003047,5,159.3,0,bronze,0,0,0.0,-0.006128
C003048,10,105.8,9,bronze,1,0,0.0,0.094338
C003049,6,46.1,3,silver,0,0,0.0,0.178124
C003050,8,105.33,1,gold,0,0,0.0,-0.103259
C003051,0,222.23,2,gold,0,0,0.0,-0.306622
C003052,8,165.49,4,bronze,0,1,78.02,0.087825
C003053,5,140.99,4,bronze,1,0,0.0,0.044685
C003054,5,115.91,4,silver,0,0,0.0,0.062797
C003055,7,205.96,3,bronze,1,0,0.0,0.006272
C003056,4,89.57,2,gold,1,0,0.0,-0.258114
C003057,8,7.32,5,bronze,0,0,0.0,0.032966
C003058,9,238.54,6,silver,0,0,0.0,0.213668
C003059,11,223.6,1,gold,1,0,0.0,-0.105363
C003060,6,116.15,6,bronze,1,0,0.0,0.19643
C003061,9,102.86,8,gold,0,0,0.0,0.163248
C003062,9,27.86,7,silver,1,1,199.73,0.061551
C003063,7,27.93,2,gold,0,1,73.67,-0.166079
C003064,7,57.37,3,silver,1,0,0.0,0.073602
C003065,6,120.68,4,gold,1,1,30.54,0.284663
C003066,3,109.27,1,silver,1,0,0.0,-0.043596
C003067,9,89.03,3,gold,1,0,0.0,0.08222
C003068,3,186.72,2,bronze,1,0,0.0,-0.003781
C003069,6,153.4,3,gold,1,0,0.0,0.26625
C003070,9,131.97,10,bronze,0,0,0.0,0.087204
C003071,6,72.36,0,gold,1,1,127.48,0.136914
C003072,8,122.25,2,bronze,0,0,0.0,-0.059872
C003073,2,168.07,0,gold,0,0,0.0,-0.166132
C003074,4,115.17,4,silver,0,0,0.0,0.127037
C003075,8,79.89,3,gold,1,0,0.0,0.028696
C003076,8,221.53,3,silver,0,0,0.0,0.046303
C003077,2,0.0,6,silver,0,1,77.16,-0.078728
C003078,7,136.85,8,silver,1,0,0.0,0.074733
C003079,3,87.26,5,bronze,0,0,0.0,-0.018176
C003080,4,125.32,4,bronze,0,0,0.0,-0.000314
C003081,7,72.15,2,bronze,1,0,0.0,0.001209
C003082,7,68.86,5,silver,1,0,0.0,0.089354
C003083,5,66.78,5,bronze,0,0,0.0,0.028248
C003084,11,27.2,5,bronze,0,0,0.0,0.065569
C003085,6,126.94,4,silver,0,0,0.0,0.091577
C003086,11,129.62,10,silver,0,0,0.0,0.012913
C003087,7,105.08,5,silver,0,0,0.0,0.083536
C003088,1,200.08,1,gold,0,1,89.79,-0.258265
C003089,4,21.51,0,bronze,1,0,0.0,-0.013329
C003090,1,101.82,3,silver,0,0,0.0,-0.028663
C003091,4,76.47,5,silver,1,0,0.0,0.001655
C003092,7,53.35,5,bronze,1,0,0.0,0.076404
C003093,9,126.41,7,bronze,0,0,0.0,0.071065
C003094,4,70.84,1,bronze,0,0,0.0,0.004963
C003095,4,98.51,5,bronze,1,0,0.0,-0.007221
C003096,6,190.91,3,bronze,1,0,0.0,0.026344
C003097,6,158.98,6,silver,0,0,0.0,-0.048084
C003098,5,207.94,5,silver,1,0,0.0,0.036762
C003099,12,253.96,8,gold,1,0,0.0,0.121619
C003100,3,125.27,4,gold,1,0,0.0,-0.110459
C003101,8,253.99,6,silver,0,0,0.0,0.048125
C003102,6,102.24,0,silver,1,0,0.0,-0.025987
C003103,5,130.23,2,silver,1,1,16.3,-0.011716
C003104,9,240.06,6,bronze,0,0,0.0,0.044769
C003105,4,105.52,3,silver,1,0,0.0,-0.001519
C003106,6,140.57,4,bronze,1,0,0.0,0.082574
C003107,6,157.15,6,silver,1,0,0.0,0.170453
C003108,4,82.58,5,bronze,1,0,0.0,-0.002999
C003109,6,179.47,5,bronze,0,0,0.0,0.041395
C003110,8,168.22,2,bronze,1,1,298.49,-0.001469
C003111,5,178.91,5,gold,0,0,0.0,0.07533
C003112,10,116.13,10,silver,0,0,0.0,0.053862
C003113,10,93.29,6,silver,0,0,0.0,-0.011691
C003114,5,134.38,6,silver,0,0,0.0,-0.078825
C003115,5,133.23,5,bronze,1,0,0.0,0.0581
C003116,5,198.87,1,gold,0,0,0.0,0.017768
C003117,9,163.1,3,silver,1,0,0.0,0.144177
C003118,1,137.95,5,silver,0,0,0.0,-0.010206
C003119,2,92.32,1,gold,1,0,0.0,-0.104589
C003120,7,20.1,0,bronze,1,0,0.0,0.003037
C003121,7,221.56,3,silver,1,0,0.0,0.157644
C003122,5,110.08,0,gold,0,1,25.38,0.11256
C003123,2,127.41,3,silver,0,0,0.0,-0.029365
C003124,9,108.95,5,silver,1,1,161.04,0.139126
C003125,5,142.6,5,gold,1,1,48.36,-0.088615
C003126,4,98.51,2,silver,0,0,0.0,-0.038014
C003127,10,201.64,3,silver,0,1,400.28,0.007402
C003128,3,165.28,5,silver,1,0,0.0,0.021579
C003129,2,175.93,4,silver,0,0,0.0,0.003667
C003130,6,139.8,5,silver,1,0,0.0,0.089559
C003131,11,113.0,3,silver,0,0,0.0,0.096508
C003132,0,122.9,3,silver,0,0,0.0,-0.037709
C003133,7,33.75,5,gold,1,0,0.0,0.092686
C003134,3,116.99,3,silver,0,0,0.0,-0.023311
C003135,3,126.16,3,bronze,0,0,0.0,-0.009258
C003136,2,192.37,4,silver,0,0,0.0,-0.095954
C003137,2,34.49,9,silver,1,0,0.0,-0.013404
C003138,2,164.22,0,bronze,1,0,0.0,0.013657
C003139,2,111.23,2,bronze,1,0,0.0,-0.007293
C003140,3,85.52,0,gold,1,0,0.0,-0.189308
C003141,4,183.62,3,bronze,0,0,0.0,0.046652
C003142,4,106.05,7,bronze,0,0,0.0,0.027939
C003143,5,174.75,4,bronze,1,0,0.0,0.02881
C003144,1,160.83,5,silver,1,0,0.0,-0.018661
C003145,4,0.0,2,gold,0,0,0.0,-0.074383
C003146,1,174.06,3,silver,1,0,0.0,-0.01481
C003147,3,152.08,4,silver,1,0,0.0,-0.027374
C003148,4,11.59,2,silver,0,0,0.0,-0.045637
C003149,6,8.08,5,silver,1,1,117.49,-0.205144
C003150,2,171.89,9,silver,0,1,93.62,-0.034624
C003151,4,158.6,2,silver,1,0,0.0,-0.146592
C003152,12,70.7,2,bronze,0,1,89.1,-0.10287
C003153,12,138.68,4,bronze,1,0,0.0,0.099742
C003154,4,66.08,5,gold,1,1,111.53,0.008256
C003155,4,246.1,4,bronze,0,0,0.0,0.010588
C003156,2,179.91,1,bronze,0,0,0.0,-0.005416
C003157,12,123.5,5,bronze,0,0,0.0,0.103383
C003158,8,175.3,7,silver,0,1,95.14,0.110366
C003159,7,83.82,7,bronze,1,0,0.0,0.060226
C003160,5,194.6,4,silver,0,0,0.0,0.003224
C003161,5,109.54,3,bronze,1,0,0.0,-0.014633
C003162,6,90.01,0,gold,0,0,0.0,-0.256299
C003163,3,43.79,3,silver,0,1,108.87,-0.091826
C003164,7,167.18,2,bronze,1,0,0.0,0.004748
C003165,6,179.38,2,bronze,0,1,79.93,0.093975
C003166,3,104.03,5,silver,0,0,0.0,-0.023531
C003167,7,133.34,8,gold,1,0,0.0,0.063179
C003168,3,2.87,2,silver,0,0,0.0,-0.049648
C003169,13,152.06,3,silver,1,0,0.0,0.150554
C003170,4,142.78,3,bronze,0,0,0.0,0.008379
C003171,7,83.42,0,gold,0,0,0.0,-0.045501
C003172,5,45.59,5,silver,1,0,0.0,0.062286
C003173,0,77.44,4,silver,1,0,0.0,-0.016662
C003174,2,156.5,6,gold,0,0,0.0,-0.034494
C003175,2,42.32,3,silver,0,0,0.0,-0.103444
C003176,8,88.22,5,bronze,1,0,0.0,0.109557
C003177,7,179.8,3,silver,1,0,0.0,-0.059356
C003178,4,34.8,5,silver,1,0,0.0,0.026835
C003179,13,88.92,1,silver,1,0,0.0,-0.088573
C003180,6,134.22,4,bronze,1,0,0.0,0.015632
C003181,5,4.83,4,gold,1,0,0.0,0.146929
C003182,3,107.97,2,silver,0,1,127.16,-0.022616
C003183,7,97.49,3,bronze,1,0,0.0,0.002788
C003184,12,143.54,6,silver,1,1,201.38,0.240347
C003185,3,139.6,5,bronze,1,0,0.0,-0.023315
C003186,17,115.89,2,bronze,0,0,0.0,0.131743
C003187,5,207.32,4,silver,0,1,28.17,0.038623
C003188,0,75.24,5,bronze,1,0,0.0,-0.006223
C003189,5,68.01,2,bronze,0,0,0.0,0.01241
C003190,7,130.4,5,silver,1,0,0.0,0.094736
C003191,8,116.59,7,silver,0,0,0.0,-0.030399
C003192,6,111.49,6,bronze,1,0,0.0,0.038936
C003193,4,124.72,5,silver,1,0,0.0,-0.005231
C003194,10,24.17,5,silver,1,0,0.0,0.024375
C003195,9,96.8,7,bronze,0,0,0.0,-0.043721
C003196,5,105.0,3,gold,1,0,0.0,-0.021502
C003197,1,116.32,4,gold,0,0,0.0,-0.180744
C003198,6,189.61,4,bronze,1,0,0.0,-0.005834
C003199,8,1.42,4,bronze,1,0,0.0,0.008956
C003200,6,142.19,3,bronze,1,0,0.0,-0.003623
C003201,6,40.84,8,gold,0,0,0.0,0.094953
C003202,11,156.11,3,bronze,0,0,0.0,0.187795
C003203,8,127.76,0,bronze,1,0,0.0,-0.010527
C003204,0,0.0,3,gold,0,0,0.0,-0.178969
C003205,15,67.18,2,silver,0,0,0.0,-0.053844
C003206,4,80.07,4,silver,0,0,0.0,-0.019073
C003207,3,96.41,2,silver,1,0,0.0,-0.005528
C003208,2,165.74,5,bronze,1,0,0.0,0.005244
C003209,7,114.16,4,silver,0,0,0.0,0.003752
C003210,5,180.68,4,gold,0,1,85.26,-0.057609
C003211,6,147.14,4,bronze,0,0,0.0,0.001884
C003212,3,77.25,7,gold,0,1,122.3,-0.217979
C003213,9,184.52,2,silver,1,0,0.0,0.232649
C003214,5,167.37,3,silver,0,0,0.0,-0.002078
C003215,7,64.6,5,silver,0,1,14.44,0.00357
C003216,6,36.76,6,gold,0,1,110.6,0.010006
C003217,3,152.31,9,bronze,1,0,0.0,-0.004906
C003218,11,128.39,6,gold,1,1,155.78,0.115709
C003219,11,73.64,4,silver,0,0,0.0,-0.055221
C003220,2,20.54,0,gold,1,0,0.0,-0.237253
C003221,11,168.88,5,silver,0,0,0.0,0.271859
C003222,6,282.12,8,gold,1,1,136.26,-0.011028
C003223,9,129.35,2,silver,1,0,0.0,-0.036999
C003224,6,98.19,1,bronze,1,0,0.0,4.4e-05
C003225,3,116.85,6,silver,0,0,0.0,0.031653
C003226,8,192.58,8,silver,1,0,0.0,0.101051
C003227,10,214.35,2,bronze,0,0,0.0,-0.060115
C003228,4,110.22,5,gold,0,1,239.79,0.043141
C003229,8,176.85,6,silver,1,0,0.0,0.288376
C003230,10,62.46,1,gold,1,1,21.98,-0.366138
C003231,2,130.91,4,bronze,0,0,0.0,0.00739
C003232,10,207.78,2,silver,0,0,0.0,0.150287
C003233,5,87.18,2,gold,1,0,0.0,0.00666
C003234,3,70.05,2,silver,1,0,0.0,-0.062272
C003235,6,127.78,4,bronze,0,0,0.0,0.009019
C003236,7,101.34,1,bronze,1,0,0.0,0.005819
C003237,5,103.31,7,gold,0,0,0.0,0.075108
C003238,7,154.65,3,bronze,0,0,0.0,0.007716
C003239,3,156.45,7,silver,1,0,0.0,0.009448
C003240,6,200.63,0,bronze,0,0,0.0,-0.003156
C003241,3,38.5,3,bronze,0,0,0.0,-0.00784
C003242,10,55.85,5,silver,1,1,72.22,0.308906
C003243,4,54.18,2,silver,0,0,0.0,0.01674
C003244,11,0.0,3,gold,1,0,0.0,-0.143131
C003245,4,111.76,4,bronze,1,0,0.0,-0.029718
C003246,12,203.52,7,bronze,0,0,0.0,0.072707
C003247,8,4.78,7,silver,1,0,0.0,0.1731
C003248,2,204.71,3,bronze,0,0,0.0,-0.039496
C003249,3,143.08,5,silver,1,0,0.0,0.063823
C003250,4,35.57,2,gold,1,0,0.0,0.073858
C003251,6,211.86,6,bronze,1,0,0.0,0.066125
C003252,6,187.39,7,bronze,1,0,0.0,0.105895
C003253,7,223.37,6,silver,1,0,0.0,-0.063229
C003254,3,224.53,7,bronze,0,0,0.0,-0.010148
C003255,10,84.6,7,silver,1,0,0.0,0.011175
C003256,4,255.24,1,silver,0,0,0.0,0.02201
C003257,6,131.14,3,bronze,0,0,0.0,0.04044
C003258,11,176.68,5,silver,0,0,0.0,-0.076993
C003259,2,215.81,7,bronze,1,0,0.0,-0.018508
C003260,5,164.83,1,bronze,1,0,0.0,-0.015776
C003261,6,125.02,2,silver,1,1,184.87,0.326154
C003262,3,52.01,4,bronze,0,0,0.0,-0.004818
C003263,14,144.43,5,silver,0,0,0.0,0.089774
C003264,2,176.54,4,silver,0,0,0.0,-0.020182
C003265,5,88.74,3,gold,1,0,0.0,0.08494
C003266,0,0.0,6,silver,0,0,0.0,-0.093836
C003267,5,115.0,4,silver,1,0,0.0,-0.030576
C003268,4,25.71,3,bronze,0,0,0.0,-0.071765
C003269,7,250.93,6,silver,0,0,0.0,0.10493
C003270,8,71.94,4,silver,1,0,0.0,0.000531
C003271,10,103.05,4,silver,0,1,98.63,0.106699
C003272,0,114.69,5,silver,0,1,46.57,-0.077322
C003273,8,0.0,7,gold,1,0,0.0,0.223917
C003274,7,229.44,5,bronze,1,0,0.0,0.115
C003275,5,216.02,3,silver,0,0,0.0,0.058473
C003276,5,166.56,7,silver,0,0,0.0,-0.021081
C003277,3,43.79,2,bronze,0,0,0.0,-0.089481
C003278,7,0.0,4,bronze,1,0,0.0,0.041569
C003279,7,87.95,2,silver,1,0,0.0,0.195191
C003280,6,27.03,3,gold,0,0,0.0,0.304265
C003281,5,158.39,1,silver,1,0,0.0,-0.024914
C003282,4,158.88,3,silver,1,1,73.08,-0.043335
C003283,8,249.02,5,silver,0,0,0.0,0.263908
C003284,8,166.2,6,bronze,0,0,0.0,0.081786
C003285,9,66.96,4,silver,0,0,0.0,-0.079496
C003286,4,234.85,2,bronze,0,0,0.0,0.001947
C003287,6,76.64,0,silver,1,0,0.0,-0.125848
C003288,1,163.23,3,silver,1,0,0.0,0.008828
C003289,10,122.13,5,bronze,1,0,0.0,0.026992
C003290,4,57.94,5,silver,0,0,0.0,-0.12501
C003291,5,238.11,1,silver,0,1,97.58,0.025162
C003292,5,26.8,6,gold,1,1,63.85,-0.062195
C003293,4,136.01,5,bronze,1,0,0.0,0.007222
C003294,5,249.57,4,silver,0,0,0.0,-0.011379
C003295,5,107.64,6,bronze,0,0,0.0,0.012147
C003296,7,114.27,3,silver,1,0,0.0,0.032241
C003297,5,151.72,3,gold,0,1,61.35,0.037645
C003298,5,158.53,3,bronze,1,1,233.69,0.030995
C003299,0,57.89,4,silver,0,0,0.0,-0.014542
C003300,1,132.65,0,silver,0,0,0.0,-0.06265
C003301,9,143.95,1,bronze,0,0,0.0,0.014515
C003302,1,113.04,6,silver,0,0,0.0,-0.031526
C003303,4,192.26,2,gold,0,0,0.0,0.146254
C003304,14,178.64,7,silver,0,0,0.0,0.047582
C003305,10,131.77,5,bronze,1,0,0.0,0.086302
C003306,9,95.33,3,silver,0,1,14.8,0.265404
C003307,3,0.0,1,bronze,1,0,0.0,-0.029548
C003308,5,185.31,5,bronze,0,0,0.0,0.024336
C003309,6,87.53,5,silver,0,0,0.0,0.145892
C003310,8,166.73,4,gold,1,1,70.5,0.036107
C003311,0,261.81,7,bronze,0,0,0.0,-0.007362
C003312,8,113.85,5,silver,0,1,58.61,-0.295817
C003313,8,79.67,6,bronze,0,0,0.0,-0.010028
C003314,14,208.31,2,silver,0,0,0.0,0.307592
C003315,5,94.87,3,silver,1,0,0.0,0.076712
C003316,9,140.23,2,bronze,1,0,0.0,0.076557
C003317,6,72.26,5,gold,1,0,0.0,0.252655
C003318,7,155.05,6,silver,1,0,0.0,-0.240395
C003319,11,0.0,4,silver,1,0,0.0,-0.010825
C003320,6,77.76,6,silver,1,0,0.0,0.121256
C003321,10,85.72,4,bronze,0,0,0.0,0.021594
C003322,7,126.31,5,silver,0,0,0.0,-0.06875
C003323,0,49.8,3,silver,1,0,0.0,-0.020431
C003324,8,98.83,4,silver,1,0,0.0,0.114182
C003325,13,148.19,5,silver,0,0,0.0,0.041571
C003326,8,352.15,4,bronze,1,0,0.0,0.018283
C003327,7,63.72,5,silver,1,0,0.0,0.103361
C003328,4,103.64,5,silver,0,0,0.0,-0.001113
C003329,4,11.32,5,silver,1,0,0.0,-0.04454
C003330,3,0.0,3,silver,1,0,0.0,0.000443
C003331,5,139.88,6,gold,1,0,0.0,0.249909
C003332,3,238.25,1,gold,0,0,0.0,0.05431
C003333,8,148.37,5,gold,1,1,66.78,-0.11406
C003334,2,109.92,1,silver,1,0,0.0,-0.164693
C003335,8,217.89,3,silver,0,1,158.07,-0.023164
C003336,1,203.28,5,silver,0,0,0.0,-0.013939
C003337,10,69.7,8,silver,0,0,0.0,0.036639
C003338,10,147.35,1,silver,0,0,0.0,-0.016529
C003339,6,27.79,4,bronze,1,0,0.0,0.001279
C003340,10,153.02,3,silver,0,0,0.0,-0.130547
C003341,6,100.65,1,silver,0,0,0.0,-0.026636
C003342,9,292.79,3,bronze,0,1,98.05,-0.019429
C003343,8,161.82,4,bronze,1,0,0.0,0.029284
C003344,9,195.75,3,silver,1,1,9.54,0.31007
C003345,9,138.27,6,silver,1,0,0.0,0.088085
C003346,9,235.65,6,silver,0,0,0.0,0.275744
C003347,4,193.57,5,silver,1,0,0.0,-0.004241
C003348,2,90.39,5,bronze,0,0,0.0,0.040224
C003349,3,237.42,6,gold,0,0,0.0,-0.067379
C003350,5,169.77,5,gold,0,1,89.52,0.140965
C003351,7,165.66,4,gold,0,1,2.22,0.330936
C003352,9,129.57,3,silver,0,0,0.0,0.087533
C003353,8,185.36,5,silver,1,1,193.5,0.040791
C003354,10,95.74,5,bronze,1,0,0.0,0.05428
C003355,9,0.0,2,gold,0,1,217.85,0.12234
C003356,2,103.0,4,gold,1,0,0.0,-0.045627
C003357,12,0.0,6,bronze,0,0,0.0,0.043903
C003358,8,142.72,3,silver,1,1,189.49,0.081082
C003359,3,171.16,1,bronze,1,0,0.0,-0.012
C003360,10,32.35,3,silver,1,0,0.0,-0.002199
C003361,14,167.33,3,silver,1,1,141.3,0.301733
C003362,2,221.76,3,bronze,1,0,0.0,0.000135
C003363,6,124.21,2,bronze,1,0,0.0,-0.019402
C003364,7,126.95,1,bronze,1,0,0.0,-0.009656
C003365,2,80.75,1,silver,1,0,0.0,-0.180337
C003366,8,114.58,4,gold,0,1,126.75,-0.053813
C003367,4,123.15,7,silver,1,0,0.0,-0.011542
C003368,10,143.78,4,bronze,0,0,0.0,0.110522
C003369,1,79.95,0,gold,0,0,0.0,-0.216154
C003370,4,139.72,7,silver,1,0,0.0,0.062461
C003371,12,113.21,3,silver,1,0,0.0,0.235322
C003372,7,97.43,6,gold,0,0,0.0,0.297844
C003373,5,135.01,6,bronze,1,0,0.0,0.035447
C003374,0,161.35,3,silver,0,0,0.0,-0.108309
C003375,4,84.08,5,gold,0,1,12.31,-0.197487
C003376,3,207.67,4,silver,0,0,0.0,-0.004238
C003377,2,101.26,2,gold,1,0,0.0,-0.336792
C003378,9,11.59,5,bronze,0,0,0.0,0.012374
C003379,11,228.97,1,silver,1,0,0.0,-0.019844
C003380,3,182.2,4,bronze,0,0,0.0,-0.020903
C003381,5,100.71,4,bronze,1,0,0.0,0.017884
C003382,7,153.52,5,gold,0,0,0.0,0.315924
C003383,11,134.99,1,silver,0,0,0.0,-0.032641
C003384,7,27.62,3,bronze,1,0,0.0,0.049812
C003385,7,158.65,5,silver,1,0,0.0,0.090404
C003386,9,105.56,5,silver,1,1,77.2,0.198786
C003387,3,33.45,0,silver,0,0,0.0,-0.02527
C003388,4,62.15,4,bronze,0,0,0.0,-0.01439
C003389,7,177.74,4,silver,1,1,161.92,0.183155
C003390,8,29.79,7,bronze,1,0,0.0,0.057291
C003391,7,53.84,6,gold,0,0,0.0,-0.040983
C003392,2,212.02,4,silver,1,0,0.0,-0.029332
C003393,8,94.91,2,silver,1,1,107.85,0.027322
C003394,2,71.06,0,bronze,1,0,0.0,0.000537
C003395,9,98.81,5,bronze,1,0,0.0,0.063138
C003396,1,154.06,6,gold,1,1,63.13,-0.169006
C003397,7,235.87,5,gold,0,0,0.0,0.061975
C003398,1,125.7,1,silver,1,0,0.0,-0.056478
C003399,6,71.79,4,silver,1,0,0.0,-0.014223
C003400,5,142.46,5,silver,0,0,0.0,0.151184
C003401,8,133.75,6,silver,1,0,0.0,-0.067091
C003402,8,154.8,7,silver,1,0,0.0,0.070285
C003403,4,45.63,5,silver,0,0,0.0,-0.034909
C003404,6,137.97,5,bronze,1,0,0.0,0.103036
C003405,6,109.57,5,silver,0,0,0.0,0.211221
C003406,10,257.33,2,gold,1,0,0.0,-0.360993
C003407,4,79.4,0,bronze,0,0,0.0,-0.008292
C003408,7,49.33,2,bronze,0,0,0.0,-0.011838
C003409,10,127.96,5,bronze,1,0,0.0,0.126991
C003410,1,179.68,6,bronze,0,0,0.0,-0.003931
C003411,7,66.66,4,bronze,0,0,0.0,0.05458
C003412,8,0.0,3,gold,1,0,0.0,-0.109149
C003413,9,117.6,4,gold,1,0,0.0,-0.481537
C003414,10,115.28,4,silver,0,1,107.3,0.199964
C003415,11,40.24,2,bronze,1,0,0.0,0.038246
C003416,7,160.54,3,silver,1,0,0.0,0.147117
C003417,4,50.28,6,bronze,0,0,0.0,0.085366
C003418,7,138.96,3,bronze,1,0,0.0,0.000601
C003419,5,0.0,3,silver,1,0,0.0,0.01615
C003420,3,99.09,6,silver,1,0,0.0,-0.067092
C003421,7,79.49,3,bronze,1,0,0.0,0.099517
C003422,9,129.08,2,gold,0,1,64.95,0.03404
C003423,6,158.86,4,gold,0,0,0.0,-0.000245
C003424,8,127.15,5,bronze,0,0,0.0,0.219683
C003425,6,146.58,4,bronze,1,0,0.0,0.116028
C003426,4,106.72,4,silver,0,0,0.0,-0.065188
C003427,6,85.73,4,gold,1,0,0.0,0.141996
C003428,4,155.2,6,silver,0,0,0.0,0.27929
C003429,4,129.11,4,silver,1,0,0.0,0.000357
C003430,6,0.77,4,silver,0,0,0.0,-0.01411
C003431,7,122.2,3,gold,1,0,0.0,0.057331
C003432,5,130.0,3,silver,0,0,0.0,-0.035676
C003433,3,144.63,1,silver,1,0,0.0,0.007203
C003434,1,87.41,0,bronze,0,0,0.0,-0.037317
C003435,9,86.81,4,silver,0,0,0.0,0.192096
C003436,7,38.23,5,gold,1,1,305.59,-0.020782
C003437,3,38.8,2,gold,1,1,30.52,-0.296053
C003438,7,122.59,6,silver,1,0,0.0,0.265039
C003439,4,175.31,4,silver,0,0,0.0,0.020349
C003440,3,20.01,5,gold,0,0,0.0,-0.091701
C003441,7,0.0,3,gold,0,0,0.0,0.052592
C003442,10,113.44,2,silver,0,1,108.53,-0.004309
C003443,5,7.82,4,gold,1,0,0.0,-0.061497
C003444,11,193.26,4,gold,0,1,23.44,-0.122348
C003445,4,186.77,4,silver,1,0,0.0,-0.001172
C003446,10,100.98,4,bronze,1,0,0.0,0.066413
C003447,5,77.48,3,bronze,1,0,0.0,0.022046
C003448,13,105.15,3,gold,0,1,19.04,-0.072891
C003449,10,80.33,4,silver,0,1,45.75,-0.010973
C003450,3,197.32,3,silver,0,0,0.0,0.138541
C003451,10,146.58,4,gold,0,1,87.51,-0.003797
C003452,10,228.21,2,silver,1,0,0.0,-0.075098
C003453,9,124.02,7,bronze,1,0,0.0,0.227443
C003454,10,49.38,8,bronze,1,0,0.0,0.025369
C003455,4,127.88,3,silver,1,0,0.0,-0.022292
C003456,1,135.22,5,gold,0,0,0.0,-0.152975
C003457,10,126.01,5,silver,0,0,0.0,0.252435
C003458,2,106.58,3,silver,1,0,0.0,-0.003905
C003459,7,101.23,4,bronze,0,0,0.0,0.031799
C003460,6,106.54,5,bronze,0,0,0.0,-0.044443
C003461,10,73.37,3,bronze,0,0,0.0,0.093737
C003462,0,86.53,8,gold,1,0,0.0,-0.062225
C003463,8,156.03,7,silver,1,0,0.0,0.079376
C003464,3,165.02,6,silver,1,1,237.33,0.023965
C003465,7,49.58,3,silver,1,0,0.0,0.081115
C003466,6,15.53,3,silver,1,0,0.0,-0.021349
C003467,11,168.73,1,bronze,0,1,136.17,-0.081753
C003468,6,97.68,1,bronze,1,0,0.0,-0.027446
C003469,3,101.21,3,silver,1,0,0.0,-0.12477
C003470,5,120.9,4,silver,0,0,0.0,0.013868
C003471,9,173.72,3,silver,0,0,0.0,0.02662
C003472,6,36.78,4,silver,0,0,0.0,0.021079
C003473,5,97.09,5,gold,1,1,189.43,0.161718
C003474,8,224.52,4,silver,1,1,153.76,-0.024692
C003475,3,33.26,3,silver,1,0,0.0,0.240143
C003476,6,165.58,2,bronze,1,0,0.0,0.062815
C003477,5,196.98,2,bronze,0,0,0.0,-0.002798
C003478,7,96.97,0,silver,0,0,0.0,0.14174
C003479,4,44.86,3,silver,0,0,0.0,-0.018493
C003480,5,311.64,3,silver,1,0,0.0,0.259228
C003481,2,27.77,2,gold,1,1,137.53,0.046897
C003482,9,192.31,4,bronze,1,1,161.58,0.114172
C003483,11,110.86,5,bronze,0,0,0.0,0.178952
C003484,10,22.06,3,gold,0,1,30.63,0.232165
C003485,6,0.0,2,bronze,0,0,0.0,0.000459
C003486,7,355.96,4,silver,1,0,0.0,0.123102
C003487,0,224.94,3,bronze,0,0,0.0,0.002402
C003488,3,206.47,4,silver,0,0,0.0,-0.006812
C003489,7,116.03,5,silver,1,0,0.0,0.284266
C003490,4,133.68,5,silver,1,0,0.0,0.023765
C003491,10,39.58,4,bronze,0,0,0.0,-0.016003
C003492,11,138.04,3,bronze,0,0,0.0,0.091503
C003493,4,120.28,4,gold,1,0,0.0,0.089004
C003494,4,117.55,1,silver,0,0,0.0,-0.092515
C003495,3,96.25,7,silver,0,0,0.0,-0.031286
C003496,8,90.25,6,bronze,0,0,0.0,-0.01473
C003497,8,51.46,7,silver,0,0,0.0,0.185532
C003498,5,186.43,2,gold,1,1,47.49,-0.149746
C003499,7,103.39,3,bronze,1,0,0.0,0.044937
C003500,9,67.17,4,bronze,0,0,0.0,0.073951
C003501,5,119.09,7,gold,0,0,0.0,-0.085059
C003502,11,36.7,3,bronze,1,0,0.0,-0.0321
C003503,9,0.0,2,silver,1,1,30.86,-0.141124
C003504,4,45.04,4,silver,0,0,0.0,-0.079214
C003505,7,140.64,5,gold,0,0,0.0,-0.14994
C003506,6,112.66,6,bronze,1,1,105.66,0.045093
C003507,4,154.56,5,silver,1,0,0.0,0.049097
C003508,3,247.95,6,silver,1,0,0.0,-0.013531
C003509,2,96.78,4,silver,1,0,0.0,-0.012377
C003510,0,30.92,3,bronze,1,0,0.0,-0.000157
C003511,1,42.33,5,silver,1,0,0.0,-0.050768
C003512,3,85.98,6,gold,0,0,0.0,-0.284509
C003513,2,248.47,5,silver,1,0,0.0,-0.134717
C003514,8,198.81,6,silver,1,0,0.0,-0.223634
C003515,9,200.08,5,bronze,0,0,0.0,0.101217
C003516,4,85.19,5,bronze,1,0,0.0,-0.014
C003517,5,59.88,6,silver,0,1,116.32,0.181374
C003518,5,101.78,4,bronze,1,0,0.0,0.0371
C003519,9,57.77,3,silver,1,1,16.04,-0.099766
C003520,11,0.0,3,bronze,1,0,0.0,0.00113
C003521,10,167.51,6,silver,1,0,0.0,0.041326
C003522,5,73.33,3,silver,0,0,0.0,-0.065214
C003523,3,164.84,3,gold,1,0,0.0,0.039083
C003524,5,46.24,6,silver,0,0,0.0,-0.017659
C003525,0,15.66,0,bronze,1,0,0.0,-0.012167
C003526,6,168.23,2,gold,0,0,0.0,0.079114
C003527,7,161.25,3,gold,0,1,69.93,0.278202
C003528,2,164.36,1,gold,0,0,0.0,-0.182899
C003529,3,159.24,0,gold,0,0,0.0,-0.274004
C003530,6,112.17,6,bronze,0,0,0.0,-0.081777
C003531,8,119.31,4,silver,1,0,0.0,-0.142109
C003532,6,104.55,6,silver,0,1,63.59,0.067314
C003533,7,89.53,3,silver,0,0,0.0,0.003469
C003534,8,32.87,1,gold,1,1,88.28,0.234849
C003535,9,46.18,2,gold,1,0,0.0,-0.238906
C003536,8,75.22,5,bronze,1,0,0.0,0.010479
C003537,0,148.69,8,silver,0,0,0.0,-0.078563
C003538,0,193.21,5,silver,1,0,0.0,-0.035039
C003539,5,140.42,5,silver,1,0,0.0,-0.00176
C003540,3,116.55,1,bronze,0,0,0.0,-0.018339
C003541,9,111.19,7,gold,1,1,124.62,0.039463
C003542,12,120.59,3,silver,0,0,0.0,-0.046061
C003543,3,37.07,5,silver,0,0,0.0,-0.030635
C003544,2,122.07,9,silver,1,1,16.76,-0.076995
C003545,4,46.89,4,bronze,1,0,0.0,-0.055959
C003546,8,255.1,2,gold,1,0,0.0,0.292782
C003547,9,236.87,3,silver,1,0,0.0,0.188188
C003548,3,59.27,3,gold,1,1,84.69,-0.175301
C003549,9,31.96,3,gold,1,0,0.0,-0.083592
C003550,6,136.65,5,bronze,0,0,0.0,0.045807
C003551,4,141.38,3,bronze,0,0,0.0,-0.023156
C003552,6,129.48,5,silver,1,0,0.0,0.058489
C003553,2,83.22,3,silver,0,0,0.0,-0.055592
C003554,3,103.09,5,bronze,1,0,0.0,0.008193
C003555,6,34.6,4,silver,0,1,100.72,0.14561
C003556,9,216.22,0,silver,0,0,0.0,-0.129073
C003557,0,59.61,5,silver,1,0,0.0,-0.107629
C003558,6,124.3,7,silver,0,0,0.0,-0.063988
C003559,9,181.89,4,bronze,1,0,0.0,0.050941
C003560,10,199.22,0,silver,0,0,0.0,-0.060072
C003561,4,106.16,7,bronze,1,0,0.0,0.003898
C003562,10,246.48,1,silver,0,0,0.0,-0.075573
C003563,2,82.5,3,silver,0,0,0.0,-0.032091
C003564,5,97.51,6,silver,1,0,0.0,0.050238
C003565,3,58.78,3,silver,1,0,0.0,-0.014112
C003566,6,120.44,5,silver,1,0,0.0,-0.022354
C003567,7,122.78,1,gold,1,1,173.42,0.050507
C003568,9,248.55,1,bronze,1,0,0.0,0.018453
C003569,7,189.75,2,bronze,1,0,0.0,0.004699
C003570,5,146.1,4,silver,1,1,194.49,-0.126941
C003571,9,0.0,3,silver,0,0,0.0,0.031766
C003572,6,98.83,3,silver,1,0,0.0,0.033551
C003573,5,178.64,5,silver,1,0,0.0,0.053772
C003574,4,245.92,5,gold,1,0,0.0,-0.026962
C003575,8,125.14,6,gold,0,0,0.0,-0.324083
C003576,5,59.27,2,gold,0,0,0.0,-0.326651
C003577,9,77.45,4,gold,0,1,127.15,0.176294
C003578,1,261.44,3,bronze,0,0,0.0,0.005195
C003579,2,150.49,5,gold,1,0,0.0,-0.357949
C003580,4,170.52,4,bronze,1,0,0.0,-0.014145
C003581,7,212.08,3,silver,1,0,0.0,0.247756
C003582,9,6.61,6,silver,0,0,0.0,-0.343432
C003583,3,174.94,4,gold,1,1,353.01,-0.25456
C003584,10,88.65,5,bronze,1,0,0.0,0.121679
C003585,5,116.26,6,gold,1,0,0.0,0.082622
C003586,5,98.03,5,silver,0,0,0.0,-0.03457
C003587,8,148.03,3,gold,0,0,0.0,-0.178238
C003588,10,201.75,3,bronze,0,0,0.0,0.11295
C003589,5,0.0,0,gold,0,1,47.93,0.027572
C003590,6,164.04,3,gold,1,1,107.48,-0.205371
C003591,9,171.09,4,bronze,0,0,0.0,0.055289
C003592,7,140.84,3,silver,1,0,0.0,-0.024934
C003593,12,107.63,3,bronze,0,0,0.0,-0.066719
C003594,9,95.23,0,silver,1,0,0.0,-0.084717
C003595,9,131.66,5,silver,0,0,0.0,0.244968
C003596,6,134.24,3,gold,0,0,0.0,-0.070402
C003597,5,186.7,4,gold,1,0,0.0,0.244972
C003598,2,87.29,5,silver,0,0,0.0,-0.046055
C003599,8,132.24,3,gold,0,0,0.0,0.103095
C003600,6,184.17,5,silver,1,0,0.0,0.472234
C003601,6,94.94,4,silver,0,0,0.0,0.04277
C003602,6,152.23,5,silver,1,0,0.0,-0.074051
C003603,8,71.89,2,gold,1,1,79.26,0.106347
C003604,2,135.8,7,gold,0,0,0.0,-0.131033
C003605,5,122.53,3,silver,1,1,52.05,0.031691
C003606,5,218.88,4,gold,0,1,74.16,0.139391
C003607,8,126.16,6,gold,0,1,207.14,0.079416
C003608,4,166.94,1,silver,0,0,0.0,-0.309823
C003609,10,181.16,1,silver,1,0,0.0,-0.228058
C003610,7,130.15,6,silver,0,0,0.0,0.351856
C003611,5,44.98,5,silver,0,0,0.0,0.172087
C003612,5,113.31,5,silver,1,1,235.12,-0.051574
C003613,2,115.1,3,silver,1,0,0.0,-0.008684
C003614,8,56.21,0,silver,0,0,0.0,0.003654
C003615,10,136.68,5,bronze,1,0,0.0,0.140557
C003616,0,153.86,4,silver,1,0,0.0,-0.011892
C003617,8,114.92,8,gold,0,0,0.0,-0.073529
C003618,5,86.81,4,silver,1,0,0.0,0.173466
C003619,8,173.57,6,silver,0,0,0.0,0.002981
C003620,6,153.19,3,gold,1,0,0.0,-0.354199
C003621,7,107.94,3,silver,0,0,0.0,0.162114
C003622,10,125.14,4,bronze,1,0,0.0,0.024349
C003623,0,210.98,5,bronze,1,0,0.0,0.006269
C003624,3,163.36,5,bronze,1,0,0.0,-0.007602
C003625,10,68.11,2,gold,0,0,0.0,-0.009749
C003626,7,163.32,2,bronze,1,0,0.0,0.002451
C003627,7,102.92,3,silver,0,0,0.0,0.118027
C003628,1,58.61,8,gold,0,0,0.0,-0.203884
C003629,9,90.41,7,silver,1,1,73.33,-0.039285
C003630,3,102.87,3,bronze,1,0,0.0,-0.023062
C003631,9,200.4,2,silver,1,0,0.0,0.134562
C003632,3,106.26,3,bronze,0,0,0.0,0.005439
C003633,5,164.84,5,bronze,0,0,0.0,-3e-05
C003634,13,153.26,9,gold,0,1,98.35,0.04277
C003635,8,169.28,4,silver,0,0,0.0,0.081364
C003636,8,82.37,3,silver,0,0,0.0,0.043437
C003637,4,148.45,4,silver,0,0,0.0,0.010314
C003638,10,283.07,3,silver,0,0,0.0,0.024894
C003639,7,149.24,4,silver,0,0,0.0,0.115651
C003640,4,199.48,0,silver,0,0,0.0,-0.005895
C003641,4,86.76,1,silver,0,0,0.0,-0.053268
C003642,5,53.82,1,bronze,1,0,0.0,-0.00784
C003643,7,37.98,3,silver,0,0,0.0,0.063135
C003644,11,116.69,5,silver,1,0,0.0,0.042171
C003645,5,145.51,3,silver,1,1,47.44,-0.065619
C003646,8,48.92,2,bronze,1,0,0.0,-0.022647
C003647,9,37.08,3,bronze,0,0,0.0,0.036088
C003648,2,93.68,7,silver,0,0,0.0,-0.107966
C003649,7,109.86,7,silver,1,1,215.75,-0.271868
C003650,4,91.78,8,silver,0,0,0.0,0.118633
C003651,8,107.36,3,silver,1,0,0.0,-0.048194
C003652,5,120.25,5,gold,1,1,10.43,-0.197682
C003653,3,56.41,0,silver,0,0,0.0,-0.02185
C003654,4,180.03,0,silver,0,0,0.0,-0.033689
C003655,3,86.99,3,bronze,1,0,0.0,-0.009897
C003656,6,137.6,5,silver,1,0,0.0,-0.060785
C003657,5,263.16,3,bronze,0,0,0.0,0.067127
C003658,7,148.08,3,silver,1,0,0.0,0.129957
C003659,13,150.11,7,gold,0,1,94.48,-0.004355
C003660,4,119.1,2,silver,1,0,0.0,-0.027616
C003661,4,203.78,4,bronze,1,0,0.0,-0.013526
C003662,11,133.24,5,gold,1,1,71.43,-0.076484
C003663,11,54.43,6,silver,1,0,0.0,-0.005345
C003664,7,178.9,6,bronze,1,0,0.0,0.049671
C003665,5,112.12,5,bronze,1,0,0.0,0.014823
C003666,6,156.19,5,gold,1,0,0.0,-0.077795
C003667,7,138.06,5,gold,0,1,133.05,0.107831
C003668,4,143.15,5,silver,1,0,0.0,0.051214
C003669,2,212.38,7,silver,1,0,0.0,0.012542
C003670,5,133.73,3,bronze,0,0,0.0,-0.01715
C003671,10,209.67,4,bronze,1,0,0.0,0.026746
C003672,6,120.87,5,silver,0,1,13.67,-0.034666
C003673,5,176.41,4,silver,1,0,0.0,-0.125675
C003674,6,67.55,1,gold,1,1,97.77,-0.293027
C003675,5,4.97,0,silver,1,0,0.0,-0.008764
C003676,6,14.78,5,gold,1,0,0.0,-0.065419
C003677,0,38.48,8,silver,0,0,0.0,-0.037239
C003678,6,82.4,7,silver,1,0,0.0,-0.010387
C003679,7,167.31,3,bronze,1,0,0.0,0.044836
C003680,3,68.73,0,silver,0,0,0.0,-0.043691
C003681,8,143.55,0,gold,0,0,0.0,-0.028856
C003682,7,77.61,2,silver,1,1,250.71,0.00735
C003683,8,98.84,4,silver,1,0,0.0,0.18228
C003684,7,238.48,2,bronze,1,0,0.0,0.021489
C003685,6,49.09,2,bronze,0,0,0.0,-0.009615
C003686,6,168.2,2,silver,0,0,0.0,0.311265
C003687,9,197.6,5,gold,1,0,0.0,0.006867
C003688,7,272.55,5,bronze,0,0,0.0,0.040765
C003689,1,82.9,3,silver,1,0,0.0,-0.105253
C003690,7,253.93,3,silver,1,0,0.0,0.009216
C003691,10,106.21,3,bronze,0,0,0.0,-0.04047
C003692,0,205.03,4,gold,0,1,107.51,-0.147051
C003693,4,157.26,2,bronze,0,0,0.0,0.012341
C003694,11,162.67,3,bronze,1,0,0.0,0.051116
C003695,3,131.0,4,bronze,1,0,0.0,0.040743
C003696,11,260.71,3,silver,0,1,29.21,0.087201
C003697,4,74.13,7,bronze,0,0,0.0,0.012591
C003698,6,72.97,2,bronze,0,0,0.0,-0.047867
C003699,12,260.36,3,silver,1,0,0.0,0.271393
C003700,1,142.68,7,bronze,1,0,0.0,0.005061
C003701,5,190.09,4,gold,0,0,0.0,-0.077728
C003702,6,225.32,4,silver,0,0,0.0,0.1007
C003703,8,129.23,5,gold,0,1,39.37,0.09177
C003704,8,138.41,3,silver,0,0,0.0,-0.011389
C003705,9,133.04,3,silver,0,0,0.0,-0.001464
C003706,6,162.36,3,silver,0,0,0.0,0.08759
C003707,10,153.41,0,silver,1,0,0.0,-0.059697
C003708,7,151.84,0,silver,0,0,0.0,0.071608
C003709,8,47.68,2,bronze,1,1,38.41,0.050733
C003710,5,200.66,1,bronze,0,0,0.0,-0.011422
C003711,6,126.15,3,silver,0,0,0.0,0.143897
C003712,8,218.11,0,bronze,1,0,0.0,-0.030273
C003713,7,36.66,6,bronze,1,0,0.0,0.003483
C003714,9,262.28,4,silver,0,0,0.0,-0.207364
C003715,2,66.41,6,gold,0,1,35.54,-0.076094
C003716,9,60.95,5,silver,0,0,0.0,0.08199
C003717,2,109.44,4,silver,1,0,0.0,-0.010461
C003718,2,117.67,5,gold,1,0,0.0,-0.072766
C003719,5,136.73,2,gold,1,0,0.0,-0.136061
C003720,10,137.23,6,bronze,0,0,0.0,0.075886
C003721,10,20.92,3,gold,1,0,0.0,0.047116
C003722,10,140.91,6,bronze,0,0,0.0,0.080926
C003723,2,107.41,3,gold,1,1,484.41,-0.221896
C003724,9,9.31,3,silver,1,0,0.0,0.0168
C003725,1,68.56,1,silver,1,0,0.0,-0.038115
C003726,8,178.15,6,gold,1,0,0.0,0.044682
C003727,4,94.8,4,bronze,1,0,0.0,0.019395
C003728,4,38.26,6,gold,0,1,13.58,-0.061475
C003729,3,166.79,3,bronze,1,0,0.0,0.011217
C003730,8,195.33,3,bronze,0,0,0.0,0.028039
C003731,7,103.1,4,silver,0,0,0.0,-0.06541
C003732,1,103.54,1,gold,1,0,0.0,0.119276
C003733,2,59.59,5,silver,1,0,0.0,-0.026456
C003734,2,211.0,4,gold,1,1,33.83,-0.40414
C003735,2,63.47,9,silver,0,0,0.0,0.061854
C003736,1,101.5,5,silver,1,0,0.0,-0.07266
C003737,3,178.28,2,silver,1,0,0.0,-0.190792
C003738,0,149.96,7,silver,0,0,0.0,-0.030465
C003739,8,72.01,5,silver,1,0,0.0,-0.05205
C003740,4,193.63,2,silver,1,1,24.83,0.173951
C003741,0,82.57,4,bronze,1,0,0.0,-0.019223
C003742,2,62.08,0,silver,0,0,0.0,-0.093481
C003743,7,168.87,1,silver,1,0,0.0,-0.063854
C003744,8,243.65,4,silver,0,0,0.0,0.099231
C003745,3,176.02,6,bronze,0,0,0.0,0.039204
C003746,12,43.61,3,bronze,1,0,0.0,-0.127876
C003747,5,102.08,5,silver,0,0,0.0,0.197664
C003748,5,102.5,3,gold,0,0,0.0,0.027967
C003749,2,131.03,6,gold,1,0,0.0,-0.07549
C003750,9,171.87,3,bronze,1,0,0.0,0.064793
C003751,0,1.15,4,silver,1,0,0.0,-0.006301
C003752,8,93.63,4,bronze,1,0,0.0,0.005686
C003753,10,227.89,5,silver,1,1,72.81,-0.09726
C003754,3,77.56,4,silver,1,0,0.0,-0.004315
C003755,8,35.25,2,silver,0,0,0.0,-0.20367
C003756,4,224.7,9,silver,0,0,0.0,0.003852
C003757,1,0.0,7,silver,1,0,0.0,-0.059217
C003758,7,214.17,1,gold,1,1,34.52,-0.211232
C003759,7,157.37,3,gold,1,0,0.0,0.408956
C003760,1,114.56,6,silver,1,0,0.0,-0.078998
C003761,6,147.75,5,gold,1,0,0.0,0.079057
C003762,9,37.73,3,bronze,0,0,0.0,0.104303
C003763,5,79.89,3,bronze,1,0,0.0,-0.045289
C003764,12,56.37,7,silver,1,0,0.0,0.267917
C003765,5,119.86,3,silver,0,0,0.0,0.064004
C003766,5,27.2,5,silver,0,0,0.0,0.069957
C003767,7,123.11,4,silver,0,0,0.0,0.099158
C003768,4,165.57,3,bronze,1,0,0.0,0.007772
C003769,8,76.74,7,gold,0,0,0.0,0.400925
C003770,7,91.0,5,silver,0,0,0.0,0.216708
C003771,2,132.13,4,bronze,1,0,0.0,0.00922
C003772,5,69.88,4,silver,0,0,0.0,-0.035647
C003773,4,203.16,8,silver,0,0,0.0,0.057468
C003774,7,152.45,2,silver,0,0,0.0,-0.014116
C003775,6,188.23,4,silver,0,0,0.0,-0.021423
C003776,4,141.54,6,bronze,1,0,0.0,0.050724
C003777,5,0.0,6,silver,1,0,0.0,0.025873
C003778,5,104.09,7,silver,0,0,0.0,0.224662
C003779,7,3.85,4,gold,1,0,0.0,-0.042066
C003780,9,52.92,5,silver,0,0,0.0,0.366743
C003781,6,109.75,1,bronze,0,0,0.0,0.004063
C003782,5,30.03,2,gold,0,1,189.11,-0.054617
C003783,5,75.59,6,silver,1,0,0.0,0.122858
C003784,4,133.65,6,bronze,1,0,0.0,0.047988
C003785,2,87.14,6,gold,1,0,0.0,-0.082813
C003786,8,110.39,4,silver,1,1,103.38,-0.103984
C003787,8,150.83,5,silver,0,1,61.27,0.184974
C003788,4,226.39,3,bronze,0,0,0.0,0.01114
C003789,0,136.51,3,silver,1,0,0.0,-0.105447
C003790,8,114.53,3,silver,1,1,63.27,0.081424
C003791,0,4.76,2,gold,1,0,0.0,0.037966
C003792,12,81.09,5,silver,1,0,0.0,0.043311
C003793,3,128.41,5,silver,1,0,0.0,-0.281693
C003794,9,240.86,2,silver,1,0,0.0,0.053213
C003795,11,148.07,1,bronze,1,0,0.0,-0.034495
C003796,9,173.54,1,silver,1,0,0.0,0.074306
C003797,8,95.82,5,bronze,0,0,0.0,0.039461
C003798,0,188.68,4,silver,0,1,241.58,-0.007663
C003799,9,237.52,6,silver,1,0,0.0,-0.100353
C003800,6,217.99,5,silver,0,1,113.28,0.059885
C003801,3,89.43,2,silver,1,0,0.0,-0.03414
C003802,3,122.95,2,gold,1,1,72.24,-0.104075
C003803,6,96.35,4,bronze,0,0,0.0,0.11075
C003804,13,196.29,3,bronze,0,0,0.0,0.043162
C003805,3,144.39,6,bronze,0,0,0.0,0.025638
C003806,5,69.1,7,silver,1,0,0.0,-0.041716
C003807,2,182.12,2,silver,0,0,0.0,-0.043655
C003808,6,64.1,5,bronze,1,0,0.0,0.075347
C003809,3,217.82,5,silver,1,0,0.0,-0.084096
C003810,5,100.52,4,gold,0,0,0.0,-0.02089
C003811,9,140.19,5,silver,1,0,0.0,-0.139445
C003812,2,94.97,0,bronze,1,0,0.0,-0.005108
C003813,6,81.91,4,silver,0,0,0.0,0.234117
C003814,9,90.4,5,gold,0,0,0.0,0.10045
C003815,7,129.09,0,gold,0,1,38.41,-0.2141
C003816,5,138.89,6,silver,0,0,0.0,-0.048007
C003817,5,174.92,1,silver,1,1,50.64,-0.343934
C003818,3,78.95,5,silver,1,0,0.0,-0.034062
C003819,8,171.98,3,bronze,1,0,0.0,0.050571
C003820,0,62.81,2,bronze,0,0,0.0,-0.009265
C003821,2,150.62,4,silver,0,1,41.17,0.040116
C003822,12,125.26,3,bronze,0,0,0.0,0.079298
C003823,6,89.24,4,bronze,0,1,117.26,0.018199
C003824,6,67.5,5,gold,0,0,0.0,-0.054887
C003825,4,149.77,3,silver,0,0,0.0,-0.046686
C003826,6,12.22,3,silver,0,0,0.0,0.002379
C003827,2,137.8,5,bronze,1,0,0.0,-0.005706
C003828,8,19.87,6,gold,0,0,0.0,0.097822
C003829,4,188.08,3,gold,0,1,163.5,-0.130928
C003830,3,64.19,4,bronze,0,0,0.0,0.009191
C003831,4,80.13,2,silver,0,0,0.0,-0.008831
C003832,7,0.0,3,silver,0,0,0.0,0.075367
C003833,12,89.08,4,silver,1,1,152.08,0.197297
C003834,5,50.98,4,silver,0,0,0.0,0.01991
C003835,5,177.3,6,bronze,1,0,0.0,-0.044516
C003836,8,231.74,2,silver,0,1,61.26,-0.161006
C003837,7,111.67,5,silver,0,1,83.82,-0.214968
C003838,8,130.85,5,silver,0,0,0.0,0.244569
C003839,6,33.28,4,silver,1,0,0.0,0.014882
C003840,6,190.52,5,silver,1,1,158.2,0.03918
C003841,12,0.0,4,silver,0,0,0.0,-0.032104
C003842,7,138.0,9,silver,0,0,0.0,0.143119
C003843,0,200.64,4,bronze,1,0,0.0,-0.005342
C003844,3,137.34,6,silver,0,0,0.0,0.037546
C003845,7,137.38,5,silver,0,0,0.0,0.03411
C003846,9,1.87,7,gold,1,1,133.07,-0.192433
C003847,2,162.75,4,gold,1,0,0.0,-0.422155
C003848,7,112.88,2,bronze,1,0,0.0,-0.016414
C003849,5,125.18,1,silver,0,0,0.0,0.115809
C003850,5,176.99,0,gold,0,0,0.0,-0.337107
C003851,5,187.97,2,silver,1,1,174.92,0.239691
C003852,0,152.32,6,bronze,0,0,0.0,0.005776
C003853,3,221.48,4,silver,0,0,0.0,0.003594
C003854,12,146.36,3,silver,1,0,0.0,0.198034
C003855,7,223.12,5,bronze,0,0,0.0,0.051299
C003856,3,76.86,6,silver,0,0,0.0,-0.052512
C003857,3,114.52,2,bronze,0,1,193.19,0.010551
C003858,11,80.61,5,silver,0,0,0.0,0.026155
C003859,7,1.87,7,gold,1,0,0.0,0.110756
C003860,5,132.08,3,gold,0,0,0.0,0.172174
C003861,3,42.48,0,bronze,0,0,0.0,-0.032251
C003862,8,187.0,7,bronze,0,0,0.0,0.073909
C003863,5,141.94,4,bronze,1,1,14.09,0.056578
C003864,8,64.23,5,bronze,1,0,0.0,0.041478
C003865,3,74.21,0,gold,1,1,34.46,-0.164943
C003866,7,140.37,5,gold,1,1,27.42,0.12939
C003867,5,140.75,1,silver,0,0,0.0,-0.080527
C003868,5,115.13,3,silver,1,1,63.61,0.100181
C003869,10,195.82,5,silver,1,0,0.0,0.234016
C003870,3,117.05,1,gold,0,0,0.0,-0.109293
C003871,11,276.26,8,gold,0,0,0.0,0.048433
C003872,7,156.49,8,silver,0,0,0.0,-0.374467
C003873,4,180.22,5,gold,0,0,0.0,-0.195324
C003874,7,114.19,5,silver,0,0,0.0,0.001237
C003875,7,226.62,5,bronze,0,0,0.0,0.089832
C003876,10,88.86,5,gold,0,1,7.77,0.046706
C003877,6,303.48,5,silver,0,0,0.0,-0.00564
C003878,3,219.81,6,bronze,0,0,0.0,-0.016211
C003879,9,131.32,5,bronze,0,0,0.0,0.058819
C003880,8,151.41,4,silver,0,1,107.86,-0.038355
C003881,7,88.82,2,bronze,0,0,0.0,0.041326
C003882,6,63.07,4,gold,0,1,148.59,0.003005
C003883,6,112.83,4,gold,1,1,106.33,0.035308
C003884,8,160.8,2,silver,0,0,0.0,0.183432
C003885,6,104.96,5,gold,0,0,0.0,0.120783
C003886,10,186.32,6,silver,0,1,13.28,0.121514
C003887,8,42.13,3,silver,0,0,0.0,0.000732
C003888,9,198.28,1,silver,0,0,0.0,0.006264
C003889,4,69.56,5,silver,1,1,92.85,0.050699
C003890,10,180.32,2,silver,0,0,0.0,-0.138406
C003891,2,56.33,3,silver,1,0,0.0,-0.08263
C003892,7,200.75,4,silver,0,1,103.43,0.032116
C003893,9,41.62,0,silver,1,0,0.0,-0.119348
C003894,6,17.39,5,silver,1,1,95.97,0.170631
C003895,6,197.62,4,silver,0,0,0.0,-0.030679
C003896,7,172.01,6,gold,0,0,0.0,0.494686
C003897,1,101.45,4,silver,0,0,0.0,-0.024116
C003898,3,191.43,1,gold,1,1,208.28,-0.138151
C003899,6,0.77,5,bronze,0,0,0.0,-0.005381
C003900,5,39.73,0,silver,0,0,0.0,0.030159
C003901,15,172.52,2,gold,1,0,0.0,0.005957
C003902,5,69.07,3,silver,0,0,0.0,0.002453
C003903,10,0.0,6,silver,1,0,0.0,-0.043361
C003904,6,52.91,4,bronze,1,1,67.53,0.066113
C003905,7,82.7,5,gold,1,1,122.28,0.259616
C003906,4,153.04,4,gold,1,0,0.0,-0.189427
C003907,7,171.89,4,silver,0,0,0.0,0.182702
C003908,4,89.71,4,silver,0,0,0.0,0.126576
C003909,6,159.77,4,bronze,1,0,0.0,0.096103
C003910,3,76.83,2,bronze,0,0,0.0,-0.02123
C003911,3,87.89,5,gold,0,1,57.8,0.046143
C003912,9,115.14,4,bronze,1,0,0.0,0.054035
C003913,0,89.78,6,silver,0,0,0.0,0.006117
C003914,1,0.0,2,silver,0,0,0.0,-0.031996
C003915,5,0.0,6,silver,1,0,0.0,0.02935
C003916,8,101.18,6,silver,1,0,0.0,-0.006784
C003917,2,95.08,0,silver,0,0,0.0,-0.048544
C003918,5,90.03,10,bronze,0,0,0.0,0.029595
C003919,2,115.51,8,bronze,1,0,0.0,0.003998
C003920,7,112.8,3,silver,1,0,0.0,-0.052926
C003921,5,64.33,3,bronze,1,0,0.0,-0.006133
C003922,13,141.9,6,silver,1,1,69.82,0.006647
C003923,4,120.35,6,silver,0,0,0.0,-0.012777
C003924,9,148.11,6,silver,1,0,0.0,0.193133
C003925,6,263.49,4,gold,0,0,0.0,-0.036195
C003926,3,34.3,3,gold,1,0,0.0,0.04203
C003927,8,83.14,1,gold,1,0,0.0,0.116543
C003928,8,162.5,4,gold,0,0,0.0,0.247678
C003929,4,131.77,6,gold,1,0,0.0,0.248415
C003930,10,191.25,4,bronze,0,0,0.0,0.096122
C003931,6,11.34,6,silver,0,1,87.44,0.051118
C003932,4,141.47,1,silver,1,0,0.0,-0.024511
C003933,2,160.03,5,silver,1,0,0.0,-0.118565
C003934,5,174.98,3,bronze,1,0,0.0,-0.036681
C003935,5,132.1,0,bronze,1,0,0.0,-0.023876
C003936,1,55.65,4,silver,0,0,0.0,-0.054159
C003937,2,35.33,4,silver,1,0,0.0,-0.093308
C003938,7,76.07,6,silver,0,0,0.0,0.034896
C003939,3,25.4,2,silver,1,0,0.0,0.002533
C003940,6,94.17,3,silver,1,0,0.0,0.088578
C003941,11,195.73,4,silver,1,1,121.57,0.22145
C003942,8,183.76,0,silver,0,0,0.0,-0.08839
C003943,3,135.93,2,silver,1,0,0.0,-0.246923
C003944,7,28.55,7,silver,1,1,14.85,0.159255
C003945,5,220.25,2,silver,1,1,121.63,-0.048952
C003946,6,60.88,5,gold,0,0,0.0,0.378089
C003947,8,166.55,5,silver,0,0,0.0,0.027469
C003948,6,147.12,3,bronze,0,0,0.0,-0.013716
C003949,8,210.19,4,bronze,0,0,0.0,0.048166
C003950,7,217.79,5,silver,1,1,85.62,0.159484
C003951,7,148.3,4,silver,1,0,0.0,0.01686
C003952,4,188.92,5,silver,0,1,32.37,-0.079367
C003953,9,181.35,5,silver,1,1,29.25,0.175207
C003954,4,181.17,4,silver,1,0,0.0,-0.057082
C003955,4,0.0,7,silver,0,0,0.0,0.036026
C003956,4,46.3,1,gold,0,1,57.37,0.262661
C003957,13,148.96,6,silver,0,1,146.29,0.152577
C003958,9,179.65,1,silver,1,0,0.0,0.049041
C003959,5,128.85,6,silver,0,0,0.0,0.006872
C003960,4,213.81,1,silver,0,0,0.0,-0.012958
C003961,9,27.87,3,bronze,0,0,0.0,0.036777
C003962,9,58.23,6,bronze,0,0,0.0,0.038514
C003963,9,178.16,6,silver,0,0,0.0,0.216521
C003964,8,132.45,2,gold,0,1,39.79,0.140576
C003965,1,101.46,3,gold,0,0,0.0,-0.122353
C003966,7,129.56,1,silver,1,0,0.0,-0.164046
C003967,10,212.57,5,gold,0,0,0.0,0.272353
C003968,10,8.82,6,silver,0,0,0.0,0.108068
C003969,4,237.04,4,silver,0,0,0.0,0.063195
C003970,2,196.19,2,bronze,1,0,0.0,-0.027516
C003971,5,85.86,3,silver,0,0,0.0,-0.022229
C003972,5,119.24,4,silver,0,0,0.0,0.034437
C003973,4,100.18,4,silver,0,0,0.0,0.027919
C003974,7,178.79,4,gold,0,0,0.0,-0.019071
C003975,0,0.0,8,bronze,0,0,0.0,-0.019476
C003976,5,120.72,6,silver,1,0,0.0,0.078656
C003977,7,99.51,2,bronze,0,0,0.0,0.002198
C003978,2,156.14,4,gold,0,0,0.0,-0.150859
C003979,7,113.27,1,silver,0,0,0.0,-0.010829
C003980,8,66.61,4,silver,0,1,79.73,0.03217
C003981,6,164.92,2,silver,0,1,53.21,0.010456
C003982,1,52.82,4,silver,0,0,0.0,0.007039
C003983,3,189.49,3,silver,1,0,0.0,0.02535
C003984,9,158.74,4,silver,0,0,0.0,0.120104
C003985,11,75.51,0,silver,1,1,158.06,-0.149891
C003986,1,141.81,4,bronze,0,0,0.0,-0.011488
C003987,9,113.33,6,silver,0,0,0.0,-0.07885
C003988,0,111.72,8,gold,0,1,101.72,-0.087593
C003989,3,158.92,6,bronze,1,0,0.0,0.021869
C003990,7,135.36,7,bronze,0,0,0.0,0.001818
C003991,5,147.81,6,bronze,1,0,0.0,0.081309
C003992,6,39.86,3,bronze,1,0,0.0,0.007178
C003993,7,71.75,1,silver,1,0,0.0,-0.029467
C003994,5,53.17,2,silver,0,0,0.0,-0.055481
C003995,12,99.59,3,gold,1,0,0.0,0.087608
C003996,9,127.44,7,silver,1,1,7.46,0.054886
C003997,2,125.15,5,gold,1,0,0.0,-0.058366
C003998,1,79.02,5,bronze,0,0,0.0,-0.007674
C003999,4,107.6,5,silver,1,0,0.0,0.115546
C004000,7,155.53,2,bronze,1,0,0.0,0.012559
C004001,8,155.28,3,bronze,0,0,0.0,0.041068
C004002,5,110.21,2,gold,1,0,0.0,0.077726
C004003,2,114.41,5,silver,0,0,0.0,0.004125
C004004,2,56.25,5,bronze,1,0,0.0,-0.007425
C004005,4,190.74,4,bronze,0,0,0.0,-0.005249
C004006,5,154.43,4,gold,0,1,63.19,-0.123298
C004007,5,233.28,3,bronze,0,0,0.0,0.052569
C004008,1,73.13,6,gold,0,1,50.02,-0.286865
C004009,6,0.0,6,bronze,0,0,0.0,-0.005437
C004010,3,126.07,5,bronze,1,0,0.0,-0.010068
C004011,9,105.65,4,silver,1,0,0.0,0.125611
C004012,8,168.9,7,silver,1,1,227.7,0.217756
C004013,5,148.49,3,gold,0,0,0.0,-0.244098
C004014,5,69.75,4,bronze,1,0,0.0,0.017701
C004015,7,165.71,6,silver,1,0,0.0,0.182911
C004016,11,164.34,4,silver,1,0,0.0,0.016405
C004017,4,55.43,4,silver,1,0,0.0,0.040767
C004018,5,21.55,6,silver,1,0,0.0,-0.052944
C004019,10,68.0,3,silver,0,1,79.37,0.357937
C004020,1,80.72,3,silver,1,0,0.0,-0.023065
C004021,12,124.27,5,silver,1,1,114.24,0.193416
C004022,8,213.81,5,silver,1,1,168.53,0.140494
C004023,5,202.1,5,silver,1,0,0.0,-0.028794
C004024,6,178.13,4,bronze,0,0,0.0,0.038827
C004025,10,138.27,2,silver,1,0,0.0,0.024949
C004026,11,10.28,4,silver,0,1,60.47,0.151123
C004027,8,42.96,4,bronze,0,0,0.0,0.060922
C004028,9,118.38,3,silver,1,0,0.0,0.158818
C004029,14,43.23,5,gold,1,1,380.28,-0.10242
C004030,1,114.6,3,bronze,0,0,0.0,-0.00752
C004031,6,169.85,6,gold,0,1,90.26,0.337677
C004032,12,82.66,3,silver,1,1,21.21,0.098744
C004033,10,0.0,4,bronze,0,0,0.0,-0.023538
C004034,10,18.55,2,silver,0,0,0.0,0.06854
C004035,8,170.92,2,gold,0,1,157.88,-0.078848
C004036,9,138.72,4,silver,0,0,0.0,0.002038
C004037,4,45.92,2,silver,1,0,0.0,-0.015745
C004038,6,170.85,6,gold,1,1,77.47,0.214895
C004039,5,105.25,5,silver,1,0,0.0,0.065478
C004040,5,165.11,5,silver,0,0,0.0,0.005523
C004041,6,148.93,4,bronze,1,0,0.0,0.111392
C004042,6,104.97,3,silver,0,0,0.0,0.006041
C004043,7,79.9,3,bronze,1,0,0.0,0.114621
C004044,4,97.67,2,silver,1,0,0.0,0.132794
C004045,12,66.85,7,gold,0,1,107.69,0.096905
C004046,6,111.87,4,silver,0,0,0.0,-0.047193
C004047,8,90.79,5,silver,0,0,0.0,0.066661
C004048,11,120.12,3,gold,0,1,134.28,0.027384
C004049,3,78.2,4,bronze,0,0,0.0,-0.016694
C004050,7,87.47,5,silver,0,1,38.95,0.07041
C004051,6,169.4,3,silver,0,0,0.0,0.046922
C004052,6,124.6,4,silver,0,0,0.0,0.014147
C004053,6,144.54,6,bronze,0,0,0.0,0.024925
C004054,5,21.82,2,silver,1,0,0.0,0.042516
C004055,11,51.97,4,silver,1,0,0.0,0.307713
C004056,0,71.37,4,bronze,0,0,0.0,-0.012701
C004057,6,108.23,2,bronze,1,0,0.0,0.006597
C004058,4,12.37,3,silver,0,0,0.0,-0.066975
C004059,4,0.0,3,silver,1,0,0.0,0.041244
C004060,4,127.1,5,bronze,0,0,0.0,0.005536
C004061,2,96.75,2,silver,0,0,0.0,-0.040706
C004062,3,4.04,4,bronze,0,0,0.0,-0.003088
C004063,3,91.16,2,silver,0,0,0.0,-0.195952
C004064,0,112.97,6,bronze,1,0,0.0,0.001421
C004065,6,43.8,5,silver,0,0,0.0,-0.012164
C004066,5,249.36,2,silver,0,0,0.0,-0.09414
C004067,8,85.92,5,silver,1,0,0.0,0.201296
C004068,3,176.41,4,gold,0,0,0.0,0.214582
C004069,6,105.3,5,bronze,1,1,54.74,0.042712
C004070,8,68.29,4,bronze,1,0,0.0,0.01502
C004071,5,93.25,6,bronze,0,0,0.0,0.056686
C004072,7,105.06,6,bronze,0,0,0.0,0.071987
C004073,4,139.37,2,silver,0,1,181.53,-0.004434
C004074,5,26.91,7,bronze,1,0,0.0,0.010429
C004075,1,35.18,8,silver,1,0,0.0,-0.037243
C004076,7,85.42,7,silver,0,0,0.0,0.190541
C004077,4,251.3,4,silver,1,0,0.0,0.008764
C004078,3,75.3,1,silver,0,0,0.0,-0.100837
C004079,6,148.65,3,gold,0,0,0.0,0.231581
C004080,4,77.44,6,silver,1,1,37.8,-0.033032
C004081,3,147.98,4,silver,1,0,0.0,-0.028406
C004082,3,43.09,2,silver,0,0,0.0,-0.082265
C004083,3,162.67,3,bronze,0,0,0.0,0.070969
C004084,9,130.84,0,silver,1,0,0.0,0.068201
C004085,12,160.6,4,silver,1,0,0.0,0.252386
C004086,1,88.49,1,gold,1,0,0.0,-0.077788
C004087,8,123.31,3,bronze,1,0,0.0,0.013494
C004088,6,127.41,4,gold,0,0,0.0,0.277797
C004089,3,161.53,7,gold,0,0,0.0,0.086352
C004090,7,198.35,3,silver,1,1,64.11,0.250882
C004091,8,108.24,4,silver,1,0,0.0,0.017864
C004092,7,85.97,7,bronze,0,0,0.0,0.047929
C004093,10,38.13,5,silver,0,0,0.0,0.250811
C004094,7,153.17,4,silver,0,0,0.0,0.197358
C004095,12,226.91,4,silver,0,0,0.0,0.26673
C004096,9,120.81,4,silver,1,0,0.0,0.053054
C004097,5,66.22,7,bronze,1,0,0.0,0.050153
C004098,0,139.88,6,silver,1,0,0.0,-0.090758
C004099,8,82.35,4,silver,1,0,0.0,0.143314
C004100,9,155.49,8,gold,1,1,93.07,0.16903
C004101,10,110.23,5,gold,1,1,111.28,0.062602
C004102,8,151.7,2,silver,1,0,0.0,0.091275
C004103,7,185.13,0,gold,1,0,0.0,-0.043904
C004104,10,104.37,4,silver,1,0,0.0,-0.004752
C004105,12,83.23,7,silver,0,1,13.49,-0.093965
C004106,4,159.12,1,bronze,0,0,0.0,0.006153
C004107,5,119.46,4,silver,1,0,0.0,0.011951
C004108,9,85.41,4,silver,1,0,0.0,0.005389
C004109,1,65.22,4,silver,0,0,0.0,-0.006877
C004110,8,135.37,2,silver,0,0,0.0,-0.144529
C004111,5,72.27,4,silver,0,1,112.2,0.078192
C004112,2,83.75,5,bronze,1,0,0.0,-0.017117
C004113,12,188.92,5,bronze,1,0,0.0,0.102306
C004114,8,123.16,3,silver,1,0,0.0,-0.079614
C004115,3,111.28,2,silver,1,0,0.0,-0.052853
C004116,5,83.53,8,silver,0,0,0.0,0.282811
C004117,0,142.34,3,gold,1,0,0.0,-0.047259
C004118,9,199.74,2,gold,0,1,141.59,-0.111018
C004119,11,211.02,7,bronze,0,0,0.0,0.135147
C004120,12,184.57,4,gold,0,0,0.0,-0.129741
C004121,10,171.37,3,silver,1,1,184.15,0.303566
C004122,2,136.81,2,silver,0,0,0.0,-0.058757
C004123,6,5.45,3,gold,1,1,56.86,-0.263036
C004124,8,80.37,6,gold,0,0,0.0,0.103055
C004125,9,31.22,1,silver,0,1,16.45,0.025175
C004126,8,102.43,8,silver,0,0,0.0,0.157679
C004127,15,91.52,4,silver,1,1,141.84,0.023908
C004128,4,173.46,4,silver,0,0,0.0,0.005854
C004129,5,191.02,1,silver,0,0,0.0,-0.089717
C004130,9,108.67,0,gold,1,0,0.0,0.020577
C004131,15,169.05,8,silver,1,0,0.0,0.079931
C004132,5,148.21,1,silver,1,0,0.0,-0.028885
C004133,6,171.66,2,silver,1,0,0.0,-0.052807
C004134,6,101.43,4,silver,1,0,0.0,-0.006566
C004135,4,180.25,4,silver,1,1,48.91,0.004146
C004136,6,122.42,5,gold,1,0,0.0,0.0193
C004137,5,63.59,4,silver,0,1,13.43,-0.015834
C004138,11,126.18,6,silver,0,1,95.96,0.004529
C004139,9,121.18,2,silver,1,0,0.0,-0.088876
C004140,7,117.24,2,silver,1,0,0.0,0.105511
C004141,6,142.36,3,bronze,1,0,0.0,-0.055217
C004142,1,261.37,5,silver,0,0,0.0,-0.032525
C004143,1,0.0,5,bronze,1,0,0.0,-0.006119
C004144,2,199.11,2,silver,1,1,75.85,-0.07899
C004145,9,87.88,4,bronze,1,0,0.0,0.030703
C004146,2,156.15,1,gold,1,0,0.0,-0.006542
C004147,2,157.29,3,gold,0,1,94.6,-0.107714
C004148,7,97.51,1,silver,0,0,0.0,-0.134163
C004149,2,142.3,5,bronze,1,0,0.0,-0.026774
C004150,2,143.41,3,silver,1,0,0.0,0.009479
C004151,9,109.16,6,bronze,1,0,0.0,0.081988
C004152,8,51.93,3,silver,1,0,0.0,0.073109
C004153,5,97.31,4,silver,1,0,0.0,-0.136497
C004154,6,120.8,4,silver,1,0,0.0,0.008381
C004155,9,146.67,5,bronze,0,0,0.0,0.057953
C004156,5,88.67,7,gold,0,1,99.72,0.318863
C004157,7,152.05,4,silver,0,1,95.03,0.070766
C004158,3,170.16,4,bronze,0,0,0.0,0.0111
C004159,8,64.21,3,gold,1,0,0.0,-0.027068
C004160,5,142.66,4,silver,1,0,0.0,0.126172
C004161,10,83.22,0,silver,1,0,0.0,0.054974
C004162,5,133.13,2,gold,0,0,0.0,0.267618
C004163,5,38.08,3,bronze,1,0,0.0,5.7e-05
C004164,5,161.48,4,bronze,0,0,0.0,-0.006495
C004165,9,65.16,1,gold,0,1,24.01,-0.073706
C004166,1,49.19,3,bronze,0,0,0.0,-0.007644
C004167,2,135.73,6,bronze,0,0,0.0,0.008629
C004168,4,166.46,6,bronze,1,0,0.0,-0.056046
C004169,2,57.24,4,bronze,1,0,0.0,0.001203
C004170,2,0.0,7,silver,0,0,0.0,-0.05721
C004171,8,108.38,5,silver,0,0,0.0,-0.04266
C004172,0,106.88,5,gold,0,0,0.0,-0.088426
C004173,6,252.92,3,silver,0,0,0.0,0.005279
C004174,5,139.92,1,bronze,0,0,0.0,-0.006872
C004175,9,102.81,5,silver,0,1,89.15,-0.009005
C004176,5,186.38,1,gold,1,0,0.0,-0.25666
C004177,12,66.1,5,gold,0,1,116.67,0.25534
C004178,8,105.46,5,gold,0,1,69.75,0.169239
C004179,7,124.13,3,silver,0,0,0.0,0.004581
C004180,13,65.9,6,silver,1,0,0.0,-0.181657
C004181,2,63.15,4,silver,1,0,0.0,-0.036179
C004182,1,151.27,6,silver,0,0,0.0,-0.012406
C004183,9,73.36,6,silver,1,1,130.94,0.038225
C004184,9,116.0,1,silver,0,0,0.0,0.046135
C004185,7,0.0,3,bronze,1,0,0.0,0.013332
C004186,6,103.76,1,silver,0,0,0.0,-0.114983
C004187,5,0.0,2,gold,0,1,42.72,0.058215
C004188,8,142.22,3,silver,1,1,47.08,0.203758
C004189,5,67.44,2,bronze,0,0,0.0,-0.032539
C004190,9,0.0,7,silver,1,0,0.0,-0.10274
C004191,5,137.13,4,gold,0,0,0.0,0.009123
C004192,2,262.46,0,silver,0,0,0.0,-0.065472
C004193,14,45.23,5,gold,1,0,0.0,0.175385
C004194,8,52.37,6,bronze,1,0,0.0,0.099904
C004195,0,92.38,3,silver,0,0,0.0,-0.036373
C004196,5,79.1,6,silver,1,0,0.0,0.002494
C004197,7,185.55,4,gold,0,0,0.0,0.230854
C004198,0,170.96,2,silver,1,0,0.0,-0.103992
C004199,8,27.41,2,bronze,1,0,0.0,0.007878
C004200,6,32.02,7,gold,1,1,55.11,0.398976
C004201,4,223.12,5,silver,1,0,0.0,0.060128
C004202,8,95.67,2,silver,0,0,0.0,0.030573
C004203,0,97.04,1,bronze,0,0,0.0,-0.010603
C004204,8,111.09,4,silver,1,0,0.0,-0.006123
C004205,0,161.67,7,gold,1,0,0.0,-0.154855
C004206,3,101.91,4,bronze,0,0,0.0,0.003276
C004207,6,161.22,4,silver,0,1,174.66,0.13652
C004208,9,215.34,3,bronze,1,0,0.0,0.072942
C004209,7,92.02,6,silver,1,0,0.0,0.023783
C004210,6,0.0,5,bronze,1,0,0.0,-0.007582
C004211,8,183.75,1,bronze,1,0,0.0,-0.018802
C004212,5,204.07,5,silver,0,0,0.0,0.128078
C004213,1,114.0,3,silver,1,0,0.0,-0.000525
C004214,1,79.7,6,silver,0,0,0.0,-0.00474
C004215,8,96.19,2,gold,1,0,0.0,-0.061408
C004216,9,76.74,4,bronze,1,0,0.0,0.042837
C004217,5,64.92,4,silver,0,0,0.0,0.022827
C004218,6,158.97,5,silver,0,0,0.0,0.065894
C004219,1,128.13,8,silver,0,0,0.0,0.021315
C004220,9,101.05,8,silver,1,1,124.31,0.059564
C004221,7,129.57,4,bronze,0,0,0.0,0.171978
C004222,11,169.13,5,bronze,1,0,0.0,0.087782
C004223,11,137.68,2,silver,1,0,0.0,0.054637
C004224,2,171.96,6,gold,0,1,73.14,-0.033394
C004225,4,213.65,6,bronze,1,0,0.0,-0.024144
C004226,2,92.39,6,silver,1,0,0.0,-0.013376
C004227,5,123.28,3,silver,0,0,0.0,0.189579
C004228,5,239.42,4,gold,0,0,0.0,0.071958
C004229,4,155.04,8,bronze,1,0,0.0,0.006197
C004230,10,80.54,5,bronze,1,0,0.0,0.048154
C004231,4,163.91,1,bronze,0,0,0.0,-0.011303
C004232,2,99.7,1,bronze,1,0,0.0,-0.00535
C004233,4,169.07,8,silver,1,0,0.0,0.135749
C004234,9,115.49,7,gold,0,1,152.78,0.115341
C004235,2,34.71,3,silver,1,0,0.0,-0.129117
C004236,6,255.67,3,gold,1,0,0.0,-0.048626
C004237,2,79.18,2,bronze,0,0,0.0,0.001259
C004238,5,142.6,1,silver,1,0,0.0,0.024847
C004239,7,156.52,4,silver,0,0,0.0,0.120108
C004240,6,61.97,2,gold,0,1,46.78,-0.103497
C004241,4,133.85,7,bronze,0,0,0.0,0.00147
C004242,6,60.84,4,bronze,0,0,0.0,0.061657
C004243,6,64.11,4,silver,1,0,0.0,-0.020095
C004244,11,164.62,5,gold,0,0,0.0,-0.017356
C004245,8,222.95,5,silver,0,0,0.0,0.067394
C004246,6,33.15,3,silver,0,0,0.0,-0.113398
C004247,6,46.77,4,bronze,1,0,0.0,0.008096
C004248,7,128.12,3,silver,1,0,0.0,0.146678
C004249,9,145.32,0,silver,0,1,75.62,0.021587
C004250,1,44.73,6,bronze,1,0,0.0,-0.029915
C004251,6,103.09,4,silver,1,1,180.32,0.06685
C004252,8,90.66,6,silver,0,0,0.0,0.11531
C004253,7,129.88,2,gold,0,0,0.0,-0.279175
C004254,4,93.51,0,bronze,1,0,0.0,-0.010327
C004255,8,65.27,6,silver,0,0,0.0,-0.032188
C004256,8,137.13,3,gold,1,0,0.0,-0.403032
C004257,4,117.04,5,bronze,0,0,0.0,0.017895
C004258,4,55.31,5,gold,0,1,122.16,-0.103022
C004259,9,111.87,6,silver,1,0,0.0,0.056101
C004260,10,299.47,4,bronze,1,0,0.0,0.088595
C004261,8,111.33,2,silver,0,0,0.0,-0.079183
C004262,3,200.87,3,silver,1,0,0.0,0.040306
C004263,7,138.51,3,bronze,1,0,0.0,0.038722
C004264,10,101.15,7,bronze,0,0,0.0,-0.021772
C004265,10,32.57,5,silver,1,0,0.0,0.025017
C004266,6,2.11,3,silver,1,0,0.0,0.215512
C004267,7,134.81,3,bronze,0,0,0.0,0.108487
C004268,8,152.94,4,bronze,1,0,0.0,0.025728
C004269,11,261.37,7,bronze,0,0,0.0,0.238387
C004270,2,131.47,3,bronze,0,0,0.0,0.004643
C004271,9,182.41,3,gold,1,1,162.59,-0.055374
C004272,2,121.39,1,silver,1,0,0.0,-0.023495
C004273,4,150.16,7,gold,0,0,0.0,-0.036128
C004274,5,155.97,1,gold,1,0,0.0,-0.326643
C004275,1,114.91,1,silver,0,0,0.0,-0.082119
C004276,3,113.8,2,silver,0,0,0.0,-0.056006
C004277,11,124.46,4,gold,1,1,49.56,0.054872
C004278,3,0.0,6,gold,0,0,0.0,-0.204957
C004279,4,189.45,3,silver,1,0,0.0,0.027621
C004280,2,135.95,6,bronze,1,0,0.0,0.005863
C004281,5,24.98,4,silver,1,0,0.0,0.095976
C004282,1,48.34,5,bronze,1,0,0.0,-0.005458
C004283,0,113.93,1,bronze,0,0,0.0,-0.020453
C004284,3,13.22,3,gold,1,1,23.73,-0.20698
C004285,6,73.81,5,silver,1,0,0.0,0.080019
C004286,6,45.26,4,silver,0,0,0.0,0.209372
C004287,2,147.24,0,bronze,1,0,0.0,-0.015152
C004288,6,137.27,5,bronze,1,0,0.0,0.081232
C004289,1,189.76,5,bronze,0,0,0.0,-0.010771
C004290,5,120.82,8,bronze,1,0,0.0,0.052577
C004291,11,203.11,5,bronze,1,0,0.0,0.067739
C004292,5,171.35,6,silver,0,0,0.0,0.041598
C004293,7,93.29,5,bronze,0,0,0.0,0.039626
C004294,4,152.43,5,bronze,1,0,0.0,0.024346
C004295,0,0.0,0,gold,1,0,0.0,-0.063519
C004296,4,147.08,7,gold,0,0,0.0,0.010482
C004297,6,133.49,5,silver,1,0,0.0,0.025131
C004298,0,182.02,4,silver,1,0,0.0,-0.011315
C004299,0,84.04,2,gold,1,0,0.0,-0.145441
C004300,6,212.3,8,silver,1,0,0.0,0.086709
C004301,10,124.03,3,bronze,0,0,0.0,-0.039454
C004302,4,188.83,6,gold,1,0,0.0,0.099594
C004303,10,138.83,4,silver,1,0,0.0,-0.157643
C004304,11,76.64,4,silver,1,1,221.91,-0.082283
C004305,6,124.31,2,silver,0,0,0.0,0.036081
C004306,4,62.61,5,gold,0,0,0.0,0.155364
C004307,1,0.0,4,bronze,0,0,0.0,-0.028682
C004308,9,137.26,6,bronze,0,0,0.0,0.071502
C004309,7,188.7,4,silver,1,0,0.0,0.163921
C004310,10,138.86,5,silver,1,1,62.1,0.288816
C004311,7,0.0,5,gold,0,0,0.0,0.091318
C004312,3,155.36,5,gold,0,1,83.45,-0.141356
C004313,8,162.19,5,bronze,1,0,0.0,0.046561
C004314,9,98.42,3,bronze,1,0,0.0,0.079435
C004315,9,153.77,6,silver,0,0,0.0,-0.089007
C004316,5,95.27,3,gold,0,0,0.0,0.172512
C004317,6,53.34,4,gold,0,1,221.47,0.002556
C004318,12,116.41,5,bronze,1,0,0.0,0.081095
C004319,6,104.53,6,bronze,1,0,0.0,0.017068
C004320,8,0.0,3,gold,0,1,170.73,0.159859
C004321,15,59.94,3,bronze,0,1,105.69,-0.13809
C004322,13,187.56,3,silver,1,0,0.0,0.088913
C004323,6,60.73,2,bronze,1,0,0.0,-0.046046
C004324,7,187.89,4,gold,1,1,17.86,0.092177
C004325,6,152.21,6,silver,0,0,0.0,0.088258
C004326,7,99.9,2,bronze,1,0,0.0,0.033476
C004327,1,220.72,4,gold,0,1,91.89,-0.153905
C004328,6,129.55,3,silver,1,0,0.0,0.042483
C004329,2,81.09,4,gold,1,0,0.0,-0.100414
C004330,11,161.21,5,silver,1,1,111.9,0.046321
C004331,9,59.37,7,gold,0,0,0.0,-0.039588
C004332,2,166.15,0,silver,1,0,0.0,-0.070717
C004333,8,93.72,7,silver,0,0,0.0,0.117204
C004334,9,181.97,8,silver,1,1,108.89,0.095569
C004335,2,141.46,3,bronze,1,0,0.0,0.024605
C004336,5,56.85,4,gold,0,0,0.0,0.193195
C004337,5,155.7,1,gold,0,0,0.0,-0.176311
C004338,10,150.45,2,gold,0,0,0.0,-0.279081
C004339,7,62.22,8,bronze,1,0,0.0,0.017884
C004340,4,111.34,2,silver,0,0,0.0,-0.040061
C004341,5,77.31,8,gold,1,0,0.0,-0.07416
C004342,4,42.61,8,silver,1,0,0.0,0.223873
C004343,0,145.09,8,silver,0,0,0.0,-0.040599
C004344,2,49.12,5,bronze,1,0,0.0,0.004113
C004345,3,263.46,7,silver,0,0,0.0,-0.010701
C004346,4,174.16,6,silver,0,0,0.0,0.054758
C004347,13,80.72,5,gold,1,0,0.0,0.089629
C004348,5,0.0,2,silver,1,0,0.0,-0.054172
C004349,2,91.59,3,silver,0,0,0.0,-0.021247
C004350,7,90.35,3,silver,1,0,0.0,0.028775
C004351,5,83.48,4,silver,1,0,0.0,0.067853
C004352,3,235.81,4,silver,0,1,38.29,0.03252
C004353,7,46.46,6,silver,0,0,0.0,-0.200031
C004354,5,96.87,3,silver,1,0,0.0,-0.04207
C004355,5,95.15,1,gold,0,0,0.0,-0.201329
C004356,10,67.5,3,gold,0,1,49.5,-0.062672
C004357,4,111.56,4,silver,0,0,0.0,-0.006554
C004358,9,104.96,3,gold,1,0,0.0,-0.052849
C004359,12,132.28,3,silver,1,0,0.0,0.083929
C004360,8,40.56,5,silver,0,0,0.0,0.133075
C004361,4,157.46,3,silver,0,0,0.0,-0.014506
C004362,6,16.99,7,bronze,0,0,0.0,0.00648
C004363,7,95.17,1,gold,1,0,0.0,-0.147191
C004364,7,106.65,5,silver,0,0,0.0,0.160785
C004365,6,204.56,4,silver,0,0,0.0,0.001056
C004366,6,43.89,5,gold,1,0,0.0,-0.025625
C004367,4,121.46,3,silver,0,0,0.0,-0.024952
C004368,6,157.89,3,silver,0,0,0.0,0.094968
C004369,2,88.62,6,gold,1,0,0.0,-0.039295
C004370,4,106.59,7,silver,1,0,0.0,0.036095
C004371,1,211.2,8,gold,0,0,0.0,-0.110571
C004372,3,29.94,3,silver,0,0,0.0,0.092018
C004373,0,178.95,2,silver,1,0,0.0,-0.061525
C004374,0,118.59,5,gold,0,0,0.0,-0.467112
C004375,12,155.32,3,bronze,1,0,0.0,0.066434
C004376,5,151.17,0,silver,1,0,0.0,0.042757
C004377,9,262.48,3,silver,0,0,0.0,0.121369
C004378,9,156.26,4,silver,0,0,0.0,-0.029928
C004379,5,263.22,4,silver,1,0,0.0,-0.01303
C004380,7,138.73,3,bronze,0,0,0.0,0.0041
C004381,3,141.46,1,silver,0,0,0.0,-0.023252
C004382,5,200.11,3,gold,1,0,0.0,-0.439103
C004383,10,87.62,2,bronze,1,0,0.0,0.131283
C004384,5,130.55,1,silver,0,0,0.0,0.005288
C004385,10,0.0,5,gold,1,1,35.02,-0.25331
C004386,1,127.71,6,bronze,0,0,0.0,0.003266
C004387,7,109.8,5,silver,1,0,0.0,0.074098
C004388,11,82.92,5,silver,0,0,0.0,0.027288
C004389,8,95.35,6,bronze,1,0,0.0,0.061501
C004390,3,199.63,3,silver,1,0,0.0,0.139377
C004391,6,185.51,7,silver,0,0,0.0,-0.02021
C004392,7,180.83,0,bronze,0,0,0.0,-0.039668
C004393,8,205.34,4,silver,0,0,0.0,-0.135479
C004394,1,129.09,4,gold,0,0,0.0,-0.224973
C004395,1,177.49,3,silver,0,0,0.0,-0.073568
C004396,7,77.53,5,gold,0,1,234.17,0.008084
C004397,6,97.72,7,gold,0,0,0.0,0.17653
C004398,11,63.75,5,gold,1,1,81.85,0.022766
C004399,8,191.65,7,bronze,1,0,0.0,0.095471
C004400,8,97.13,1,silver,1,0,0.0,-0.198211
C004401,10,136.19,6,silver,0,0,0.0,0.039944
C004402,6,153.42,3,silver,0,0,0.0,0.117765
C004403,5,1.07,4,silver,1,0,0.0,0.077776
C004404,5,135.38,4,bronze,1,0,0.0,0.030004
C004405,9,99.85,2,bronze,0,0,0.0,-0.057206
C004406,5,38.19,6,silver,0,1,159.26,0.041251
C004407,2,110.17,4,gold,1,0,0.0,-0.117032
C004408,3,207.84,5,bronze,1,0,0.0,-0.0159
C004409,11,100.31,3,bronze,0,0,0.0,0.063901
C004410,4,55.92,6,silver,0,0,0.0,0.093128
C004411,5,150.07,3,silver,1,0,0.0,0.126265
C004412,6,82.75,5,bronze,0,0,0.0,0.096407
C004413,7,163.93,3,silver,0,1,134.72,0.164941
C004414,9,126.1,6,silver,0,0,0.0,0.04726
C004415,7,75.27,5,silver,1,0,0.0,0.159626
C004416,5,176.35,4,gold,0,1,226.72,0.317487
C004417,3,98.62,6,gold,1,1,190.49,0.351465
C004418,9,116.99,6,bronze,1,0,0.0,0.081135
C004419,4,90.08,5,silver,0,0,0.0,-0.018374
C004420,2,138.91,6,silver,0,0,0.0,0.03613
C004421,6,74.41,5,silver,0,0,0.0,-0.144981
C004422,1,76.24,4,gold,1,0,0.0,-0.14247
C004423,10,0.0,3,silver,0,0,0.0,0.081629
C004424,9,0.0,7,silver,1,0,0.0,0.080713
C004425,3,115.36,3,silver,0,0,0.0,-0.176732
C004426,3,148.94,3,silver,1,0,0.0,0.038357
C004427,5,156.48,4,silver,1,0,0.0,-0.004336
C004428,8,95.16,3,bronze,0,0,0.0,0.04702
C004429,7,214.92,1,bronze,0,0,0.0,-0.016997
C004430,7,70.61,5,bronze,1,0,0.0,0.010554
C004431,3,186.8,4,bronze,0,0,0.0,-0.005297
C004432,10,0.0,2,silver,0,0,0.0,-0.09785
C004433,8,57.55,4,silver,0,0,0.0,-0.047296
C004434,6,109.9,1,silver,1,0,0.0,-0.031076
C004435,4,167.87,7,bronze,0,0,0.0,0.080744
C004436,7,0.0,4,silver,0,0,0.0,-0.025298
C004437,8,79.36,3,silver,0,1,49.75,0.198219
C004438,7,69.95,2,bronze,0,0,0.0,-0.077126
C004439,8,183.38,6,silver,0,0,0.0,0.025619
C004440,4,88.47,5,silver,1,0,0.0,-0.011432
C004441,3,138.72,3,silver,1,0,0.0,-0.016371
C004442,0,175.69,6,bronze,0,0,0.0,-0.003761
C004443,9,202.22,4,silver,0,0,0.0,0.385905
C004444,6,82.1,5,bronze,0,0,0.0,0.012845
C004445,4,95.93,5,silver,1,0,0.0,-0.02051
C004446,2,140.54,1,silver,1,0,0.0,-0.005925
C004447,9,125.65,5,gold,0,1,148.42,0.142852
C004448,5,82.27,6,bronze,1,0,0.0,-0.034862
C004449,6,194.27,5,silver,0,0,0.0,0.092899
C004450,9,107.08,4,silver,0,0,0.0,0.113031
C004451,5,93.75,7,silver,1,0,0.0,0.004656
C004452,0,106.27,3,silver,1,0,0.0,-0.036701
C004453,6,85.83,1,bronze,0,0,0.0,-0.018691
C004454,7,192.48,6,bronze,1,0,0.0,0.114213
C004455,11,268.18,0,bronze,0,0,0.0,-0.015597
C004456,6,152.37,0,bronze,0,0,0.0,-0.123034
C004457,8,95.5,4,bronze,1,0,0.0,0.066065
C004458,6,149.3,4,silver,1,0,0.0,0.136007
C004459,8,127.07,5,gold,1,0,0.0,0.293944
C004460,6,77.82,2,gold,1,0,0.0,0.113092
C004461,0,71.08,1,bronze,0,0,0.0,-0.006126
C004462,8,155.16,6,silver,0,0,0.0,0.154315
C004463,7,148.66,3,gold,0,0,0.0,-0.007167
C004464,10,85.39,8,silver,0,0,0.0,0.074032
C004465,10,188.26,5,silver,0,0,0.0,0.104778
C004466,12,63.94,5,bronze,0,0,0.0,0.037834
C004467,10,85.56,8,bronze,1,0,0.0,0.088245
C004468,6,194.09,6,silver,0,0,0.0,0.052229
C004469,5,106.06,3,bronze,0,0,0.0,0.005341
C004470,5,62.15,7,bronze,0,0,0.0,0.004423
C004471,5,23.74,5,silver,0,0,0.0,0.114873
C004472,10,205.78,4,gold,0,1,199.35,0.097351
C004473,6,93.06,4,silver,0,0,0.0,0.172367
C004474,8,157.79,2,bronze,1,0,0.0,0.082996
C004475,2,79.34,2,bronze,1,0,0.0,-0.035678
C004476,7,193.12,7,bronze,1,0,0.0,0.055413
C004477,3,186.11,3,silver,1,0,0.0,-0.008834
C004478,6,136.58,5,gold,0,0,0.0,-0.056698
C004479,9,242.09,8,silver,1,1,127.05,0.092372
C004480,7,89.5,3,gold,0,1,27.27,-0.098864
C004481,9,170.05,4,silver,0,0,0.0,0.140916
C004482,10,173.51,4,silver,0,0,0.0,0.364245
C004483,9,133.64,10,gold,1,1,414.73,0.057181
C004484,1,164.84,4,silver,0,0,0.0,-0.01953
C004485,2,45.66,4,gold,1,0,0.0,-0.108387
C004486,5,100.62,1,bronze,0,0,0.0,-0.001806
C004487,10,102.06,3,silver,0,1,230.12,-0.011577
C004488,7,109.91,3,silver,1,0,0.0,0.027016
C004489,7,104.1,4,silver,0,1,12.92,0.038667
C004490,1,82.29,1,silver,0,0,0.0,-0.035116
C004491,3,141.54,7,silver,0,0,0.0,-0.013486
C004492,7,160.61,7,silver,0,0,0.0,0.02748
C004493,0,25.36,4,silver,1,0,0.0,0.00742
C004494,5,145.38,4,silver,1,0,0.0,0.011763
C004495,9,64.13,5,bronze,1,0,0.0,0.080892
C004496,8,43.94,4,gold,1,0,0.0,-0.001902
C004497,6,188.29,0,bronze,0,0,0.0,-0.029795
C004498,7,88.2,0,silver,0,0,0.0,-0.085961
C004499,3,119.21,0,bronze,0,0,0.0,-0.00363
C004500,7,248.06,5,bronze,1,0,0.0,0.029203
C004501,7,67.16,1,gold,1,1,14.83,-0.013019
C004502,5,104.61,5,silver,1,0,0.0,0.126365
C004503,1,19.58,0,bronze,1,0,0.0,6e-05
C004504,10,61.0,3,silver,1,0,0.0,0.042789
C004505,1,74.41,3,silver,0,0,0.0,0.001771
C004506,9,165.7,5,silver,0,0,0.0,0.405703
C004507,8,136.93,8,bronze,0,0,0.0,0.080723
C004508,7,49.95,2,bronze,0,0,0.0,0.041195
C004509,12,199.56,3,silver,0,0,0.0,-0.059265
C004510,10,21.31,2,bronze,1,0,0.0,0.00048
C004511,12,0.0,3,silver,1,0,0.0,-0.027664
C004512,5,35.22,6,bronze,1,0,0.0,0.074231
C004513,8,132.92,3,gold,0,0,0.0,-0.037111
C004514,4,94.9,3,silver,0,0,0.0,-0.031215
C004515,3,125.52,1,bronze,0,0,0.0,-0.010208
C004516,2,189.54,5,silver,0,0,0.0,0.096288
C004517,5,110.19,4,silver,0,0,0.0,-0.050158
C004518,4,171.48,5,silver,0,0,0.0,-0.130284
C004519,3,171.78,2,bronze,0,0,0.0,-0.019558
C004520,7,62.58,2,gold,1,0,0.0,0.014623
C004521,5,116.86,5,silver,0,0,0.0,0.153564
C004522,4,90.45,2,silver,1,0,0.0,-0.000521
C004523,12,6.3,2,gold,0,1,219.39,-0.071722
C004524,3,159.2,2,bronze,1,0,0.0,-0.003305
C004525,5,62.01,5,bronze,1,0,0.0,0.044456
C004526,2,117.01,1,silver,1,0,0.0,-0.054232
C004527,6,116.63,6,silver,1,0,0.0,-0.023344
C004528,8,201.37,5,silver,1,0,0.0,0.162209
C004529,3,0.0,6,silver,0,0,0.0,0.003092
C004530,6,58.12,0,gold,0,0,0.0,-0.241419
C004531,9,125.14,4,silver,0,0,0.0,0.280694
C004532,6,178.28,5,silver,0,0,0.0,0.124947
C004533,1,139.88,6,gold,1,0,0.0,-0.129164
C004534,4,104.99,5,gold,0,0,0.0,-0.308354
C004535,6,195.16,7,gold,1,0,0.0,0.237478
C004536,3,156.15,4,silver,1,0,0.0,-0.020246
C004537,4,230.05,5,gold,0,1,16.2,0.075414
C004538,6,76.69,4,bronze,0,0,0.0,0.076746
C004539,6,254.4,5,silver,0,0,0.0,0.098995
C004540,14,198.56,4,gold,0,1,66.95,-0.050161
C004541,10,129.81,6,bronze,0,0,0.0,0.157876
C004542,9,133.81,4,bronze,0,0,0.0,0.149957
C004543,13,100.04,5,silver,0,0,0.0,-0.019812
C004544,5,129.69,3,bronze,0,0,0.0,0.171777
C004545,10,123.88,3,silver,0,0,0.0,0.067342
C004546,8,129.09,6,silver,1,0,0.0,-0.128541
C004547,4,0.0,2,gold,1,0,0.0,0.073014
C004548,5,0.0,6,bronze,1,0,0.0,0.003092
C004549,5,101.66,4,gold,0,1,67.86,0.250437
C004550,10,110.38,3,silver,1,0,0.0,0.099392
C004551,10,100.65,5,silver,0,0,0.0,0.217188
C004552,9,71.49,8,silver,1,0,0.0,0.072968
C004553,5,217.11,5,silver,1,0,0.0,0.135826
C004554,5,113.76,6,gold,0,1,18.73,0.098469
C004555,9,66.79,7,gold,0,1,76.93,0.059945
C004556,5,156.18,5,silver,0,0,0.0,-0.016483
C004557,9,140.41,1,silver,1,0,0.0,-0.025924
C004558,1,198.69,7,silver,0,0,0.0,0.008721
C004559,6,197.61,7,silver,1,0,0.0,0.227949
C004560,7,174.13,8,bronze,0,0,0.0,0.054275
C004561,7,171.25,4,bronze,1,0,0.0,0.019157
C004562,5,98.7,4,bronze,1,0,0.0,0.022969
C004563,4,133.21,3,gold,1,0,0.0,0.131115
C004564,9,0.0,2,silver,0,0,0.0,-0.016755
C004565,9,51.57,4,silver,1,0,0.0,-0.039076
C004566,6,187.88,4,bronze,0,0,0.0,0.014322
C004567,7,175.15,5,gold,1,1,45.4,-0.051306
C004568,12,169.06,5,silver,0,0,0.0,0.175664
C004569,11,133.75,4,bronze,0,0,0.0,0.066312
C004570,9,33.46,5,gold,1,0,0.0,0.193594
C004571,6,93.0,1,bronze,0,0,0.0,-0.16699
C004572,1,14.3,6,silver,0,0,0.0,-0.005895
C004573,5,145.76,2,bronze,1,0,0.0,0.007896
C004574,4,166.44,2,silver,1,0,0.0,-0.006114
C004575,6,186.53,3,silver,1,0,0.0,0.017134
C004576,2,108.16,2,bronze,1,0,0.0,-0.00349
C004577,7,248.3,3,bronze,1,0,0.0,0.058334
C004578,5,129.2,5,gold,0,0,0.0,0.11353
C004579,4,185.57,5,silver,0,0,0.0,0.184373
C004580,7,211.54,3,silver,0,0,0.0,0.135026
C004581,3,137.79,5,bronze,1,0,0.0,-0.052852
C004582,4,74.85,4,bronze,1,0,0.0,-0.007893
C004583,7,66.12,8,gold,0,0,0.0,0.112198
C004584,4,96.49,2,silver,0,0,0.0,-0.072325
C004585,10,54.67,3,silver,1,0,0.0,0.181793
C004586,2,197.43,0,gold,1,1,45.59,-0.153738
C004587,7,120.63,5,gold,0,0,0.0,-0.179202
C004588,5,61.66,6,gold,1,1,35.83,0.092439
C004589,11,148.15,7,gold,0,0,0.0,-0.14436
C004590,2,29.99,2,bronze,1,0,0.0,-0.002076
C004591,6,236.25,4,silver,0,0,0.0,0.135213
C004592,5,0.0,5,silver,1,0,0.0,0.029338
C004593,12,58.07,2,silver,1,1,64.88,0.14462
C004594,0,4.59,7,silver,1,0,0.0,-0.074175
C004595,8,177.82,2,bronze,1,0,0.0,0.125161
C004596,10,0.0,4,silver,1,0,0.0,0.000993
C004597,2,121.81,0,gold,1,0,0.0,-0.308696
C004598,4,64.23,4,gold,0,0,0.0,0.020061
C004599,6,121.73,2,silver,0,0,0.0,0.06152
C004600,5,0.0,3,silver,0,0,0.0,0.006244
C004601,9,110.18,6,gold,0,1,33.56,0.265394
C004602,5,117.43,6,bronze,0,0,0.0,0.127775
C004603,5,110.69,4,bronze,1,0,0.0,0.012715
C004604,4,80.09,5,silver,1,0,0.0,0.192361
C004605,6,145.33,3,bronze,1,0,0.0,0.082485
C004606,9,80.18,4,silver,1,0,0.0,0.096926
C004607,8,185.39,4,silver,1,0,0.0,0.069528
C004608,8,181.01,3,bronze,1,0,0.0,0.067124
C004609,8,61.32,5,bronze,0,0,0.0,0.116298
C004610,8,161.15,4,silver,0,0,0.0,0.069175
C004611,5,128.93,7,silver,1,0,0.0,0.013669
C004612,2,199.09,2,gold,0,1,26.18,0.185876
C004613,6,25.07,4,gold,0,0,0.0,-0.221649
C004614,6,98.61,3,gold,1,1,100.14,0.192467
C004615,10,190.1,3,bronze,0,0,0.0,0.229253
C004616,8,150.89,4,silver,1,0,0.0,-0.024553
C004617,8,71.97,4,bronze,0,0,0.0,0.033032
C004618,5,129.56,1,bronze,0,0,0.0,-0.021159
C004619,10,75.64,3,silver,0,1,67.05,0.132327
C004620,4,236.32,6,gold,1,1,73.14,0.096658
C004621,7,167.99,5,silver,0,0,0.0,0.227299
C004622,5,40.7,4,silver,0,0,0.0,-0.02775
C004623,9,108.89,6,silver,0,0,0.0,-0.17702
C004624,3,178.21,4,silver,1,0,0.0,0.05233
C004625,4,192.85,7,gold,0,1,101.91,-0.09507
C004626,9,82.58,0,silver,0,0,0.0,-0.029566
C004627,10,175.63,6,gold,1,0,0.0,-0.088335
C004628,2,82.91,5,silver,0,0,0.0,-0.028654
C004629,5,79.62,6,silver,1,0,0.0,0.085842
C004630,5,60.32,2,bronze,0,0,0.0,-0.006805
C004631,5,119.59,6,bronze,0,0,0.0,0.074003
C004632,6,170.31,2,gold,0,1,164.09,-0.088864
C004633,0,173.0,4,silver,1,0,0.0,0.002769
C004634,12,155.94,3,gold,1,1,88.75,-0.314117
C004635,4,100.27,3,silver,0,0,0.0,-0.117443
C004636,5,182.23,7,bronze,1,0,0.0,0.07968
C004637,4,195.48,6,silver,0,0,0.0,0.020028
C004638,8,295.74,1,gold,0,1,83.4,-0.132985
C004639,4,176.86,7,bronze,1,0,0.0,0.039511
C004640,9,111.83,6,bronze,1,0,0.0,0.038334
C004641,4,23.85,7,bronze,1,0,0.0,0.04138
C004642,4,92.42,4,silver,0,0,0.0,0.075544
C004643,8,95.95,5,gold,0,1,55.25,0.016843
C004644,7,73.11,3,silver,1,0,0.0,0.002974
C004645,0,202.24,6,silver,1,0,0.0,-0.056625
C004646,11,62.27,1,silver,1,1,20.08,0.001391
C004647,6,97.36,5,bronze,1,0,0.0,0.064649
C004648,8,250.23,1,silver,1,0,0.0,0.00687
C004649,2,24.58,3,silver,0,0,0.0,-0.110985
C004650,5,122.68,0,silver,1,1,106.38,-0.021287
C004651,5,0.0,6,gold,0,0,0.0,-0.383807
C004652,5,115.24,6,silver,0,0,0.0,0.084205
C004653,6,194.04,4,silver,1,0,0.0,0.175613
C004654,5,215.02,3,silver,0,0,0.0,0.116798
C004655,5,238.64,4,silver,1,0,0.0,0.052562
C004656,7,224.9,2,bronze,1,0,0.0,0.034319
C004657,10,249.48,2,silver,0,0,0.0,0.071791
C004658,3,62.72,5,silver,1,0,0.0,0.005007
C004659,5,46.59,3,bronze,1,0,0.0,-0.000429
C004660,0,78.67,6,gold,0,0,0.0,-0.144999
C004661,5,70.69,4,bronze,0,0,0.0,0.001246
C004662,6,17.93,3,silver,0,0,0.0,-0.052321
C004663,5,119.18,4,silver,1,0,0.0,0.173681
C004664,8,101.77,4,silver,0,0,0.0,0.052084
C004665,9,97.07,2,silver,0,0,0.0,-0.056428
C004666,6,104.8,1,gold,0,1,125.45,-0.112547
C004667,2,151.63,2,silver,0,0,0.0,-0.017793
C004668,6,91.73,4,bronze,1,0,0.0,0.024706
C004669,7,84.08,5,silver,0,0,0.0,-0.0423
C004670,5,117.87,6,silver,0,0,0.0,0.052542
C004671,9,0.0,4,silver,0,0,0.0,-0.111707
C004672,4,181.3,2,silver,0,0,0.0,-0.069743
C004673,7,64.31,2,bronze,1,0,0.0,-0.022826
C004674,5,178.66,4,silver,0,1,168.36,0.098526
C004675,7,67.98,4,silver,0,0,0.0,0.102808
C004676,10,144.7,3,gold,0,0,0.0,0.086638
C004677,4,85.54,3,bronze,1,0,0.0,0.00887
C004678,4,172.43,7,silver,1,0,0.0,0.060737
C004679,4,175.68,6,bronze,0,0,0.0,0.019664
C004680,7,100.57,5,bronze,1,0,0.0,0.051787
C004681,12,157.8,4,silver,1,1,39.4,0.099041
C004682,8,96.25,1,gold,1,0,0.0,-0.055324
C004683,9,101.52,5,silver,1,1,32.79,0.178051
C004684,8,72.05,6,silver,1,0,0.0,0.083565
C004685,6,154.56,4,gold,0,1,48.98,0.062971
C004686,1,120.67,4,bronze,1,0,0.0,-0.005475
C004687,0,62.22,5,gold,1,0,0.0,-0.257023
C004688,8,84.19,7,silver,1,0,0.0,0.029624
C004689,6,90.96,7,gold,0,1,169.77,0.22983
C004690,8,94.81,8,silver,1,0,0.0,0.103345
C004691,8,169.57,4,silver,1,1,142.21,0.051535
C004692,3,93.72,3,silver,1,1,110.67,0.234813
C004693,13,76.66,6,bronze,0,0,0.0,0.072116
C004694,9,110.5,5,bronze,1,0,0.0,0.070254
C004695,9,116.32,6,bronze,0,0,0.0,0.070219
C004696,5,142.76,4,bronze,0,0,0.0,0.025109
C004697,9,164.29,6,silver,0,0,0.0,0.116084
C004698,4,113.97,3,gold,0,0,0.0,-0.002366
C004699,6,86.56,3,silver,1,1,43.31,0.189277
C004700,4,167.47,7,bronze,1,0,0.0,0.01679
C004701,5,135.55,4,bronze,0,0,0.0,0.042862
C004702,4,97.22,6,silver,1,0,0.0,-0.02399
C004703,6,156.22,5,silver,1,0,0.0,0.023752
C004704,10,101.65,1,bronze,1,0,0.0,0.008073
C004705,11,68.85,4,silver,0,0,0.0,-0.076861
C004706,3,188.69,3,gold,1,1,44.49,-0.163198
C004707,8,240.05,4,silver,1,0,0.0,0.165747
C004708,6,129.98,5,bronze,1,0,0.0,0.102041
C004709,8,93.65,5,gold,0,0,0.0,0.183563
C004710,2,103.48,7,silver,1,0,0.0,-0.099255
C004711,3,111.46,6,silver,0,0,0.0,0.010178
C004712,0,110.95,4,bronze,1,0,0.0,0.007815
C004713,8,0.0,6,silver,1,0,0.0,-0.086694
C004714,6,52.13,4,gold,0,0,0.0,-0.124728
C004715,6,0.0,3,silver,1,0,0.0,-0.024412
C004716,2,189.51,4,bronze,0,0,0.0,0.00638
C004717,6,119.16,2,gold,0,1,66.85,-0.015577
C004718,1,158.33,8,gold,0,1,43.25,0.010877
C004719,9,154.65,4,bronze,1,1,171.42,0.196017
C004720,9,88.22,5,bronze,1,1,44.26,0.060518
C004721,6,144.6,1,silver,1,0,0.0,-0.042209
C004722,8,208.48,8,gold,0,0,0.0,0.040925
C004723,9,67.55,2,bronze,1,0,0.0,-0.095572
C004724,1,197.46,6,bronze,0,0,0.0,0.014778
C004725,11,124.99,7,bronze,1,0,0.0,0.040953
C004726,6,181.07,1,gold,1,1,5.1,-0.027223
C004727,1,183.28,6,gold,0,0,0.0,0.022354
C004728,4,137.33,6,silver,0,0,0.0,0.18136
C004729,4,147.22,1,silver,1,0,0.0,-0.06418
C004730,5,145.32,3,bronze,1,0,0.0,-0.051938
C004731,3,164.07,4,silver,1,0,0.0,-0.072175
C004732,9,67.63,6,silver,0,0,0.0,0.407368
C004733,4,233.84,5,bronze,1,0,0.0,0.114624
C004734,1,185.24,7,silver,1,0,0.0,-0.008685
C004735,5,80.51,2,silver,1,0,0.0,0.317962
C004736,12,172.96,3,silver,1,1,88.04,0.01654
C004737,3,109.42,6,silver,0,0,0.0,0.016878
C004738,8,177.42,7,bronze,0,0,0.0,0.135433
C004739,4,174.82,5,bronze,1,0,0.0,-0.007362
C004740,6,192.82,1,gold,0,1,37.84,-0.020801
C004741,8,103.26,2,silver,0,1,246.09,-0.040495
C004742,10,109.98,3,silver,1,0,0.0,0.385504
C004743,5,55.38,2,silver,0,0,0.0,0.046369
C004744,12,29.32,3,bronze,1,0,0.0,0.044419
C004745,10,87.4,4,silver,1,0,0.0,-0.08401
C004746,1,36.51,5,silver,1,0,0.0,0.01079
C004747,13,67.64,5,silver,0,1,84.02,-0.193188
C004748,5,113.56,6,bronze,0,0,0.0,0.005693
C004749,9,80.56,2,silver,0,0,0.0,0.121276
C004750,9,155.98,3,bronze,1,0,0.0,0.148846
C004751,5,86.15,5,bronze,1,0,0.0,0.007857
C004752,6,141.74,4,silver,1,1,26.11,0.01183
C004753,12,37.98,5,silver,0,0,0.0,0.05757
C004754,6,38.85,9,silver,0,0,0.0,-0.007284
C004755,7,179.82,1,gold,1,0,0.0,-0.069462
C004756,4,129.67,3,bronze,1,0,0.0,0.015643
C004757,9,131.28,5,silver,1,0,0.0,-0.06455
C004758,8,41.44,7,silver,0,0,0.0,-0.05279
C004759,12,110.65,2,silver,1,0,0.0,0.172568
C004760,4,179.32,2,silver,1,0,0.0,-0.04252
C004761,3,126.39,2,bronze,0,0,0.0,-0.059545
C004762,7,221.43,10,bronze,1,0,0.0,0.043746
C004763,8,202.99,5,silver,0,1,47.17,0.343868
C004764,6,62.92,4,silver,1,0,0.0,-0.037778
C004765,9,115.03,4,bronze,0,0,0.0,0.080772
C004766,9,125.8,1,gold,1,0,0.0,-0.06683
C004767,9,34.38,7,silver,0,0,0.0,-0.002398
C004768,8,170.7,7,bronze,0,0,0.0,0.079672
C004769,10,37.54,4,silver,0,0,0.0,-0.010567
C004770,9,227.26,4,gold,1,1,139.68,-0.15399
C004771,1,101.91,0,bronze,1,0,0.0,-0.024375
C004772,3,181.45,1,silver,1,0,0.0,-0.059688
C004773,5,205.13,4,bronze,1,0,0.0,0.045454
C004774,5,92.31,4,silver,0,1,90.98,0.141347
C004775,8,178.98,3,silver,0,0,0.0,-0.060471
C004776,6,83.04,5,silver,1,0,0.0,0.07791
C004777,7,93.17,5,silver,0,0,0.0,-0.013779
C004778,2,105.74,2,bronze,0,0,0.0,0.007944
C004779,2,127.47,3,silver,0,0,0.0,-0.060375
C004780,4,154.24,4,silver,1,0,0.0,0.043829
C004781,12,147.57,3,gold,0,1,148.42,0.080274
C004782,7,112.0,6,gold,1,1,32.15,-0.277928
C004783,11,191.91,4,silver,1,1,63.12,0.217903
C004784,5,0.0,6,gold,0,1,58.34,-0.1263
C004785,4,93.78,3,gold,1,0,0.0,-0.283132
C004786,3,152.5,1,silver,0,0,0.0,-0.034976
C004787,9,297.55,3,gold,1,0,0.0,-0.049583
C004788,6,161.29,8,silver,0,0,0.0,-0.001066
C004789,5,91.44,6,bronze,0,0,0.0,0.05236
C004790,2,252.62,6,bronze,0,0,0.0,-0.012988
C004791,3,176.46,8,silver,0,1,126.27,0.017993
C004792,4,52.76,5,silver,0,0,0.0,0.140173
C004793,2,134.73,4,silver,1,0,0.0,-0.089307
C004794,5,213.79,4,silver,0,0,0.0,0.195121
C004795,4,183.66,6,gold,0,0,0.0,0.029891
C004796,9,19.43,5,silver,0,1,31.18,-0.167576
C004797,5,215.48,6,gold,0,0,0.0,-0.006208
C004798,2,128.79,2,gold,1,0,0.0,-0.305809
C004799,8,110.11,5,silver,1,1,101.95,0.049074
C004800,10,165.62,3,silver,0,0,0.0,0.18904
C004801,5,158.76,7,bronze,1,0,0.0,0.054733
C004802,7,130.25,5,gold,1,1,154.75,0.005784
C004803,3,102.59,5,gold,1,0,0.0,-0.075699
C004804,4,192.21,5,silver,1,0,0.0,0.164243
C004805,8,91.46,2,bronze,0,0,0.0,0.019865
C004806,5,45.14,3,bronze,1,0,0.0,-0.006098
C004807,0,200.5,1,gold,0,0,0.0,-0.127348
C004808,7,69.09,5,gold,1,0,0.0,0.082435
C004809,4,144.31,3,silver,0,0,0.0,-0.046536
C004810,6,100.09,2,gold,0,0,0.0,0.002519
C004811,7,31.56,4,bronze,0,0,0.0,0.036726
C004812,9,67.54,4,gold,0,1,41.13,0.042068
C004813,4,241.03,3,silver,0,0,0.0,-0.004886
C004814,6,124.99,5,silver,1,0,0.0,-0.035807
C004815,10,4.51,4,gold,1,1,37.34,-0.00403
C004816,3,164.44,2,silver,1,0,0.0,-0.034333
C004817,4,114.72,7,gold,1,1,116.25,-0.088541
C004818,6,64.71,6,bronze,1,0,0.0,0.041759
C004819,0,78.28,5,bronze,0,0,0.0,0.001646
C004820,5,129.75,7,silver,1,1,69.64,-0.097225
C004821,5,31.36,6,silver,0,0,0.0,-0.079847
C004822,6,81.18,5,silver,0,0,0.0,0.034118
C004823,10,128.1,6,silver,0,0,0.0,0.095658
C004824,5,108.91,6,gold,1,0,0.0,-0.112028
C004825,11,161.64,3,bronze,0,1,107.07,0.1472
C004826,10,99.79,2,bronze,0,0,0.0,-0.003807
C004827,9,121.91,8,silver,1,0,0.0,0.0242
C004828,10,164.7,3,bronze,0,0,0.0,0.124879
C004829,6,115.48,3,gold,1,0,0.0,-0.240825
C004830,6,41.94,5,bronze,0,0,0.0,0.050567
C004831,6,153.44,7,silver,0,0,0.0,0.057977
C004832,0,120.46,5,gold,0,0,0.0,-0.401948
C004833,2,149.97,3,bronze,0,0,0.0,0.006251
C004834,7,185.93,7,bronze,0,0,0.0,-0.033051
C004835,7,23.52,2,bronze,1,0,0.0,0.07406
C004836,9,48.27,4,silver,0,0,0.0,0.155304
C004837,11,88.33,4,silver,0,1,37.26,0.152519
C004838,4,46.85,4,gold,0,0,0.0,-0.081196
C004839,4,180.23,4,gold,1,0,0.0,-0.078004
C004840,2,212.89,6,gold,1,1,48.35,-0.220706
C004841,7,159.12,5,silver,0,0,0.0,0.168564
C004842,3,166.31,6,silver,1,0,0.0,0.041736
C004843,4,48.21,5,silver,1,0,0.0,-0.047955
C004844,8,103.96,6,bronze,1,0,0.0,0.041697
C004845,4,143.15,4,silver,0,0,0.0,0.080249
C004846,9,173.0,9,bronze,0,1,70.89,-0.061589
C004847,6,96.34,5,silver,0,0,0.0,0.039574
C004848,5,3.75,2,silver,1,0,0.0,-0.090284
C004849,7,96.72,2,bronze,1,0,0.0,0.08884
C004850,7,97.39,1,bronze,1,0,0.0,-0.089338
C004851,6,42.48,5,silver,0,0,0.0,-0.170109
C004852,9,193.51,4,bronze,1,0,0.0,-0.032942
C004853,10,255.44,5,bronze,1,0,0.0,0.127629
C004854,2,175.25,0,bronze,1,0,0.0,-0.016492
C004855,12,185.69,1,bronze,0,0,0.0,-0.031863
C004856,0,20.38,5,bronze,0,0,0.0,-0.002281
C004857,3,12.39,1,silver,0,0,0.0,0.00736
C004858,1,230.28,0,bronze,0,0,0.0,-0.016589
C004859,5,147.18,5,silver,1,0,0.0,0.094507
C004860,6,41.2,4,gold,0,1,77.91,0.039285
C004861,8,58.63,5,silver,0,0,0.0,0.041837
C004862,15,116.73,1,silver,1,1,82.55,-0.405238
C004863,4,95.74,7,gold,1,0,0.0,-0.141366
C004864,5,99.53,2,silver,0,1,70.36,0.009362
C004865,9,132.13,5,bronze,1,0,0.0,0.037375
C004866,13,117.7,5,gold,0,0,0.0,0.200842
C004867,6,208.86,11,bronze,0,0,0.0,-0.018579
C004868,6,190.05,1,silver,1,0,0.0,-0.184955
C004869,10,113.77,4,gold,1,1,53.86,0.094523
C004870,6,166.93,1,bronze,0,0,0.0,0.022281
C004871,9,235.95,8,silver,0,0,0.0,0.380862
C004872,6,26.83,7,bronze,1,0,0.0,0.072771
C004873,3,201.77,3,silver,0,0,0.0,-0.065075
C004874,8,120.49,2,bronze,1,0,0.0,0.055613
C004875,6,167.83,3,gold,0,1,68.18,0.048738
C004876,6,208.12,7,gold,0,1,86.05,0.030201
C004877,10,67.42,3,gold,1,1,123.6,0.098723
C004878,1,220.26,7,gold,0,0,0.0,0.240722
C004879,4,116.89,5,silver,0,0,0.0,-0.019424
C004880,10,217.92,4,bronze,0,0,0.0,0.208086
C004881,12,9.03,3,silver,1,0,0.0,-0.042431
C004882,6,188.64,6,silver,0,0,0.0,-0.055239
C004883,9,0.0,2,bronze,0,0,0.0,-0.025329
C004884,5,253.7,1,silver,1,0,0.0,0.065156
C004885,8,23.62,6,silver,0,0,0.0,-0.048794
C004886,10,58.57,4,gold,1,1,10.48,0.043489
C004887,5,84.92,3,bronze,0,0,0.0,0.034244
C004888,3,67.74,7,silver,0,0,0.0,0.049081
C004889,6,92.18,4,silver,1,0,0.0,-0.00918
C004890,3,14.38,3,silver,1,0,0.0,-0.022947
C004891,8,121.29,4,silver,0,0,0.0,-0.178604
C004892,11,1.09,2,silver,1,0,0.0,-0.06452
C004893,5,91.84,6,silver,0,0,0.0,0.03636
C004894,5,182.25,2,silver,1,0,0.0,-0.030899
C004895,5,44.83,4,silver,0,0,0.0,-0.133509
C004896,5,148.25,4,silver,1,0,0.0,0.116865
C004897,11,51.54,4,silver,0,0,0.0,-0.057572
C004898,5,153.03,4,silver,0,0,0.0,0.003311
C004899,6,67.65,4,gold,1,0,0.0,-0.199249
C004900,3,193.27,5,bronze,0,0,0.0,-0.006435
C004901,10,253.4,3,silver,1,0,0.0,0.121796
C004902,3,102.44,3,silver,0,0,0.0,-0.023636
C004903,6,122.08,7,bronze,1,1,87.07,0.01941
C004904,7,127.48,2,silver,1,0,0.0,-0.030651
C004905,7,181.78,2,silver,0,0,0.0,0.055434
C004906,11,115.55,5,gold,0,1,87.84,-0.098358
C004907,11,166.41,8,bronze,0,1,66.12,0.029025
C004908,13,26.53,0,silver,1,0,0.0,-0.042191
C004909,4,102.45,5,gold,1,0,0.0,-0.058118
C004910,2,99.43,8,silver,0,0,0.0,0.176359
C004911,0,226.61,5,silver,0,1,115.01,-0.005763
C004912,4,77.71,1,silver,0,0,0.0,-0.095113
C004913,8,212.43,2,bronze,1,0,0.0,-0.003337
C004914,11,123.75,0,bronze,1,0,0.0,0.020346
C004915,3,176.89,6,silver,1,0,0.0,-0.073893
C004916,7,176.96,4,bronze,1,0,0.0,0.058461
C004917,9,133.11,3,bronze,0,0,0.0,0.21276
C004918,8,121.1,2,silver,0,0,0.0,-0.132237
C004919,9,178.56,5,bronze,0,0,0.0,0.145782
C004920,4,162.21,6,bronze,0,0,0.0,-0.020363
C004921,3,118.86,6,bronze,1,0,0.0,0.003019
C004922,6,67.5,2,bronze,0,0,0.0,-0.007072
C004923,4,51.0,5,silver,1,0,0.0,0.095698
C004924,1,67.65,3,silver,1,0,0.0,-0.020364
C004925,8,202.96,7,silver,1,1,150.24,0.204648
C004926,5,187.05,5,gold,1,1,105.73,0.204618
C004927,6,139.25,2,silver,1,0,0.0,0.150446
C004928,1,209.52,6,gold,0,0,0.0,-0.134165
C004929,12,152.06,0,silver,1,0,0.0,0.010313
C004930,3,46.6,6,bronze,0,0,0.0,0.005224
C004931,6,40.79,2,bronze,0,0,0.0,0.006418
C004932,3,114.86,5,gold,1,0,0.0,-0.002554
C004933,7,95.8,7,bronze,1,0,0.0,0.081239
C004934,11,168.74,4,gold,0,0,0.0,0.181537
C004935,8,177.23,5,silver,1,1,76.75,0.238921
C004936,6,73.61,3,bronze,1,0,0.0,0.100235
C004937,10,57.54,5,gold,0,0,0.0,-0.13548
C004938,1,0.0,3,bronze,0,0,0.0,-0.025808
C004939,6,197.52,2,silver,1,0,0.0,-0.099988
C004940,8,60.54,1,gold,0,1,21.81,0.069286
C004941,7,106.34,7,bronze,1,0,0.0,0.0711
C004942,9,118.58,3,bronze,1,0,0.0,0.12325
C004943,7,164.88,5,silver,0,0,0.0,0.136079
C004944,2,221.21,3,silver,1,1,49.71,0.032772
C004945,0,227.3,5,silver,0,0,0.0,-0.032388
C004946,8,82.16,3,silver,1,0,0.0,-0.021187
C004947,8,117.31,5,silver,1,0,0.0,0.09502
C004948,9,140.76,2,silver,1,0,0.0,-0.091934
C004949,5,85.04,0,bronze,1,0,0.0,-0.006961
C004950,6,27.88,2,bronze,0,0,0.0,-0.027025
C004951,10,152.79,5,bronze,1,0,0.0,0.209111
C004952,7,61.56,7,silver,1,0,0.0,0.111145
C004953,2,15.37,6,gold,1,0,0.0,-0.038606
C004954,1,86.58,7,gold,0,1,39.87,-0.048463
C004955,5,164.54,6,silver,1,0,0.0,-0.096384
C004956,6,138.61,3,bronze,1,0,0.0,0.02903
C004957,5,114.37,3,bronze,0,0,0.0,-0.026155
C004958,4,108.71,4,silver,1,1,201.29,-0.015173
C004959,9,233.69,5,silver,1,1,120.97,-0.025947
C004960,2,115.58,6,silver,1,0,0.0,0.004509
C004961,5,92.25,3,silver,1,0,0.0,-0.015064
C004962,1,217.1,5,silver,0,0,0.0,-0.072939
C004963,9,2.74,0,silver,1,0,0.0,-0.047846
C004964,7,83.12,4,bronze,1,0,0.0,0.034572
C004965,6,179.34,7,silver,0,0,0.0,0.041204
C004966,14,128.59,5,bronze,0,0,0.0,0.105784
C004967,8,113.34,3,silver,0,0,0.0,-0.053191
C004968,2,66.91,2,bronze,0,0,0.0,-0.000192
C004969,10,133.51,8,silver,0,1,20.35,0.014551
C004970,7,118.33,2,silver,0,0,0.0,-0.158241
C004971,11,252.26,3,silver,0,0,0.0,-0.071211
C004972,5,123.11,2,silver,1,0,0.0,-0.01029
C004973,7,69.11,5,silver,1,1,67.52,-0.056059
C004974,9,121.39,7,silver,1,0,0.0,0.060403
C004975,5,0.0,5,gold,0,0,0.0,0.05557
C004976,6,94.04,3,gold,0,0,0.0,0.29812
C004977,7,147.75,2,gold,0,0,0.0,0.090473
C004978,7,115.49,3,silver,0,1,76.9,-0.035265
C004979,3,158.35,6,silver,0,0,0.0,-0.12341
C004980,8,121.16,6,silver,0,0,0.0,0.163426
C004981,5,101.39,5,silver,0,1,32.84,0.03786
C004982,8,134.49,1,bronze,0,0,0.0,-0.008341
C004983,9,99.96,3,silver,0,0,0.0,0.020549
C004984,11,127.73,3,gold,1,0,0.0,0.138493
C004985,3,64.82,7,bronze,1,0,0.0,0.019207
C004986,9,12.3,5,silver,1,1,92.75,0.05654
C004987,5,101.75,5,bronze,1,1,257.21,0.039126
C004988,6,98.51,6,gold,1,0,0.0,-0.162218
C004989,9,167.57,4,bronze,1,0,0.0,0.060989
C004990,7,120.9,3,silver,0,1,76.41,0.201642
C004991,13,175.97,1,bronze,1,0,0.0,0.021057
C004992,5,22.76,0,gold,1,1,153.72,0.146614
C004993,12,17.45,3,gold,0,1,56.14,0.105248
C004994,4,29.65,5,bronze,0,0,0.0,-0.004728
C004995,4,92.18,0,gold,1,0,0.0,-0.109238
C004996,5,117.24,3,bronze,1,0,0.0,0.094281
C004997,8,111.49,5,bronze,0,0,0.0,-0.016009
C004998,10,161.98,1,bronze,1,0,0.0,-0.00141
C004999,4,131.32,2,gold,0,0,0.0,0.229098
C005000,0,180.83,5,bronze,0,0,0.0,-0.027853
C005001,7,0.0,4,bronze,0,0,0.0,0.006102
C005002,7,36.04,2,silver,0,0,0.0,0.088172
C005003,4,21.4,4,bronze,1,0,0.0,0.010521
C005004,9,124.16,3,silver,1,0,0.0,-0.01105
C005005,8,65.1,3,silver,0,0,0.0,-0.025014
C005006,0,29.51,3,bronze,1,0,0.0,-0.024023
C005007,4,171.8,4,silver,0,0,0.0,-0.128512
C005008,5,140.39,2,silver,1,0,0.0,0.028939
C005009,5,70.4,2,bronze,1,0,0.0,-6.4e-05
C005010,9,188.51,2,bronze,1,1,172.84,0.128689
C005011,10,180.17,4,bronze,1,1,30.11,-0.013383
C005012,4,152.18,5,gold,1,0,0.0,0.271693
C005013,6,186.44,6,silver,0,1,62.52,0.073776
C005014,2,156.51,5,bronze,0,0,0.0,0.014435
C005015,7,93.0,5,silver,0,0,0.0,-0.009741
C005016,5,145.22,2,gold,1,1,99.93,-0.074735
C005017,8,0.0,7,bronze,1,0,0.0,-0.02353
C005018,4,80.6,3,silver,1,0,0.0,-0.103505
C005019,7,85.66,0,silver,1,0,0.0,-0.010442
C005020,9,179.47,6,bronze,1,0,0.0,0.0561
C005021,8,103.81,5,silver,1,0,0.0,0.042576
C005022,9,120.83,4,silver,0,0,0.0,0.041773
C005023,8,228.29,6,silver,1,1,134.86,-0.059504
C005024,11,94.6,6,bronze,1,0,0.0,0.071572
C005025,5,29.6,8,silver,1,0,0.0,-0.007572
C005026,2,113.18,4,silver,1,0,0.0,-0.005302
C005027,7,122.64,2,gold,1,1,20.27,-0.029685
C005028,7,140.06,3,bronze,0,0,0.0,0.111439
C005029,2,51.18,0,gold,0,0,0.0,0.049826
C005030,11,189.5,4,bronze,0,0,0.0,0.027598
C005031,4,34.04,6,gold,0,0,0.0,-0.271607
C005032,3,92.91,9,gold,0,0,0.0,-0.11
C005033,7,150.54,6,silver,0,0,0.0,0.099486
C005034,4,89.51,1,silver,0,0,0.0,-0.040239
C005035,18,26.65,6,bronze,1,1,125.57,0.104889
C005036,7,102.59,3,gold,1,1,76.61,0.017039
C005037,8,149.09,8,gold,0,1,60.66,0.221601
C005038,5,135.18,3,silver,1,0,0.0,0.127848
C005039,6,65.26,6,silver,0,0,0.0,-0.09534
C005040,4,187.93,2,silver,0,0,0.0,-0.304204
C005041,8,227.56,4,silver,1,0,0.0,0.311152
C005042,5,205.62,5,gold,0,0,0.0,-0.114273
C005043,12,137.29,0,gold,0,1,144.07,0.017716
C005044,4,139.07,4,bronze,0,0,0.0,0.053311
C005045,6,128.32,1,silver,0,0,0.0,-0.003075
C005046,6,105.55,7,silver,0,0,0.0,0.16677
C005047,12,102.72,4,gold,0,1,56.68,0.180861
C005048,8,40.29,2,silver,1,0,0.0,-0.071226
C005049,8,136.42,2,silver,0,0,0.0,-0.026854
C005050,6,100.08,3,silver,0,0,0.0,-0.011026
C005051,4,119.68,5,silver,1,0,0.0,-0.003968
C005052,2,136.07,7,silver,0,0,0.0,-0.004532
C005053,5,150.76,5,bronze,0,0,0.0,0.002289
C005054,2,133.3,5,silver,0,1,122.7,-0.121527
C005055,10,35.39,4,silver,0,0,0.0,-0.01992
C005056,3,52.52,0,bronze,0,0,0.0,-0.00791
C005057,7,86.8,7,bronze,1,0,0.0,0.02001
C005058,7,107.76,7,bronze,0,0,0.0,0.015634
C005059,9,93.64,3,silver,0,0,0.0,0.103863
C005060,6,155.9,5,silver,1,1,32.63,0.296386
C005061,5,0.0,1,gold,0,0,0.0,-0.034759
C005062,6,179.62,3,bronze,0,0,0.0,0.037623
C005063,2,47.78,6,silver,1,0,0.0,0.110638
C005064,4,32.33,3,bronze,1,0,0.0,0.009398
C005065,14,181.95,5,silver,1,0,0.0,0.057413
C005066,6,115.53,3,bronze,1,0,0.0,0.019656
C005067,7,125.85,8,bronze,1,0,0.0,0.075475
C005068,9,94.22,2,bronze,0,0,0.0,0.073507
C005069,3,164.92,6,silver,0,0,0.0,0.020262
C005070,4,128.25,0,silver,1,0,0.0,-0.071499
C005071,0,132.56,0,silver,0,0,0.0,0.004225
C005072,8,90.09,7,bronze,0,1,85.6,0.072894
C005073,16,163.61,4,bronze,0,0,0.0,0.153485
C005074,8,126.36,2,silver,0,1,17.49,-0.115449
C005075,2,35.42,4,silver,0,0,0.0,-0.127692
C005076,2,90.46,5,gold,1,0,0.0,-0.031819
C005077,8,143.89,2,silver,1,0,0.0,-0.109381
C005078,6,78.7,2,bronze,1,0,0.0,0.102781
C005079,7,203.67,5,bronze,1,0,0.0,-0.002149
C005080,7,147.45,6,silver,0,0,0.0,-0.030213
C005081,12,166.38,4,bronze,1,0,0.0,0.062266
C005082,2,133.15,3,bronze,1,0,0.0,-0.009163
C005083,4,264.26,5,gold,1,0,0.0,0.061355
C005084,2,198.52,0,silver,1,0,0.0,-0.056127
C005085,5,192.93,3,silver,0,0,0.0,0.091179
C005086,9,145.03,5,silver,0,0,0.0,0.249572
C005087,6,142.17,8,bronze,1,0,0.0,0.089372
C005088,9,62.97,3,bronze,1,0,0.0,0.042816
C005089,3,141.55,3,bronze,0,0,0.0,0.017004
C005090,4,206.56,6,gold,1,1,17.32,-0.012139
C005091,4,83.66,7,silver,1,0,0.0,0.232826
C005092,5,151.48,2,bronze,1,0,0.0,0.001981
C005093,9,151.33,4,bronze,1,0,0.0,0.104457
C005094,6,153.38,7,bronze,1,1,68.5,0.035025
C005095,6,80.49,4,gold,1,1,16.51,-0.18683
C005096,3,174.16,2,gold,1,0,0.0,0.002088
C005097,5,92.78,4,silver,0,0,0.0,0.026126
C005098,10,0.0,8,bronze,0,0,0.0,0.058796
C005099,8,63.72,3,silver,1,0,0.0,0.12323
C005100,6,31.34,2,bronze,0,0,0.0,-0.053666
C005101,5,32.56,6,silver,1,0,0.0,-0.052594
C005102,9,5.93,5,silver,1,0,0.0,-0.182633
C005103,5,106.91,5,silver,0,0,0.0,0.023047
C005104,9,250.02,6,bronze,1,0,0.0,0.052255
C005105,12,156.26,2,bronze,0,0,0.0,0.019504
C005106,5,125.03,2,gold,1,0,0.0,-0.071675
C005107,1,173.29,6,bronze,1,0,0.0,-0.031615
C005108,3,128.71,2,silver,1,0,0.0,-0.085309
C005109,8,55.98,3,gold,1,0,0.0,-0.34206
C005110,12,26.18,5,silver,0,1,52.12,0.223997
C005111,8,87.57,3,gold,1,1,73.42,0.047001
C005112,3,148.13,3,gold,1,0,0.0,0.000416
C005113,5,89.37,2,silver,0,0,0.0,-0.004914
C005114,8,71.87,3,bronze,1,0,0.0,0.017846
C005115,10,224.34,6,gold,0,0,0.0,0.133556
C005116,1,197.79,4,bronze,1,0,0.0,0.002904
C005117,4,0.0,5,silver,1,0,0.0,-0.016185
C005118,5,140.05,4,silver,1,0,0.0,0.051519
C005119,11,113.66,5,gold,1,1,77.55,0.079362
C005120,11,121.28,4,silver,0,0,0.0,-0.093581
C005121,1,113.05,4,silver,1,0,0.0,0.000544
C005122,11,80.13,3,gold,1,0,0.0,0.098106
C005123,0,116.62,7,bronze,1,0,0.0,-0.000133
C005124,5,104.79,5,gold,0,0,0.0,0.045338
C005125,2,93.64,5,silver,0,1,75.86,-0.097836
C005126,3,114.28,8,silver,1,0,0.0,-0.025344
C005127,9,97.69,4,silver,0,0,0.0,0.225479
C005128,7,119.47,2,silver,1,0,0.0,0.115566
C005129,8,199.08,3,gold,0,0,0.0,0.094118
C005130,1,140.67,6,gold,0,1,81.75,0.042125
C005131,13,163.06,3,silver,1,1,42.13,0.100498
C005132,7,219.13,0,bronze,0,0,0.0,-0.038646
C005133,5,167.32,9,silver,1,0,0.0,-0.010981
C005134,4,15.2,3,gold,0,1,206.87,0.074576
C005135,5,129.12,5,bronze,1,0,0.0,-0.031674
C005136,7,113.79,5,bronze,1,0,0.0,0.049925
C005137,9,129.74,3,bronze,0,0,0.0,0.058312
C005138,4,75.5,2,bronze,1,0,0.0,0.002231
C005139,4,193.3,6,gold,1,1,45.52,0.048418
C005140,0,128.7,4,bronze,1,0,0.0,-0.022913
C005141,1,215.4,1,silver,0,0,0.0,-0.067426
C005142,6,154.54,3,silver,0,1,112.4,0.055761
C005143,4,205.8,5,silver,0,1,86.96,-0.061
C005144,13,69.87,6,silver,1,1,208.57,0.014243
C005145,10,117.44,4,silver,0,0,0.0,0.077664
C005146,10,37.92,6,silver,0,0,0.0,0.117695
C005147,10,143.41,0,bronze,1,0,0.0,-0.001285
C005148,2,230.68,4,bronze,1,0,0.0,-0.014113
C005149,4,190.68,8,silver,1,0,0.0,-0.086223
C005150,10,98.94,8,silver,0,0,0.0,-0.01531
C005151,2,90.44,2,silver,1,0,0.0,-0.016327
C005152,8,67.4,8,bronze,0,0,0.0,0.111551
C005153,10,189.64,6,bronze,1,0,0.0,0.000849
C005154,5,171.05,6,silver,1,0,0.0,0.004903
C005155,14,117.3,6,silver,0,1,48.77,-0.093751
C005156,5,110.18,3,bronze,0,0,0.0,0.011374
C005157,10,163.61,5,silver,0,0,0.0,-0.044688
C005158,8,156.57,2,silver,1,0,0.0,0.020287
C005159,7,122.29,2,gold,0,1,17.11,-0.240268
C005160,9,184.07,6,silver,0,1,102.01,0.144938
C005161,7,278.15,4,silver,1,0,0.0,0.096685
C005162,8,44.78,4,silver,1,0,0.0,0.045822
C005163,9,58.3,6,bronze,1,0,0.0,0.098949
C005164,8,137.86,2,silver,1,0,0.0,0.056226
C005165,6,91.4,5,silver,0,0,0.0,0.013849
C005166,2,3.83,3,gold,1,1,40.8,-0.172088
C005167,5,205.92,7,gold,1,1,70.68,0.351371
C005168,1,90.82,5,silver,1,1,50.1,-0.101219
C005169,6,176.15,3,silver,0,1,145.39,0.091137
C005170,9,115.35,4,bronze,0,0,0.0,0.030888
C005171,10,20.22,3,silver,0,0,0.0,0.161044
C005172,3,52.77,0,bronze,0,0,0.0,-0.00873
C005173,2,103.25,4,silver,1,0,0.0,-0.037144
C005174,6,173.12,3,silver,0,0,0.0,0.070632
C005175,9,53.46,2,silver,1,0,0.0,-0.172288
C005176,7,84.78,5,silver,0,0,0.0,0.13259
C005177,2,181.31,6,silver,1,0,0.0,-0.04629
C005178,2,149.07,3,gold,1,0,0.0,-0.10934
C005179,10,197.4,2,gold,1,1,53.64,-0.144551
C005180,4,139.46,3,silver,1,1,9.73,0.041387
C005181,4,158.72,0,bronze,1,0,0.0,-0.002798
C005182,5,163.61,4,silver,1,1,151.5,0.203002
C005183,7,222.26,3,silver,1,0,0.0,0.138631
C005184,8,128.45,4,silver,1,0,0.0,0.08605
C005185,3,153.63,6,silver,1,1,308.6,0.030999
C005186,6,197.82,3,silver,1,0,0.0,-0.050499
C005187,8,0.0,2,bronze,0,0,0.0,0.07736
C005188,8,42.31,4,bronze,1,0,0.0,0.006823
C005189,8,64.85,4,silver,1,0,0.0,0.068146
C005190,5,61.32,3,silver,0,0,0.0,-0.03595
C005191,5,0.0,2,bronze,1,0,0.0,-0.051917
C005192,3,140.31,3,silver,1,0,0.0,-0.012205
C005193,8,131.87,6,gold,0,0,0.0,0.330419
C005194,11,162.59,8,silver,1,0,0.0,0.15292
C005195,10,58.74,3,silver,1,0,0.0,-0.098842
C005196,8,136.23,0,silver,0,1,141.25,-0.082428
C005197,7,72.21,4,bronze,1,0,0.0,0.014102
C005198,5,137.59,1,silver,1,0,0.0,-0.011881
C005199,12,172.95,4,silver,1,0,0.0,0.091466
C005200,7,23.65,6,silver,1,1,166.69,-0.039242
C005201,14,90.85,5,gold,1,1,161.08,-0.188573
C005202,9,56.78,2,gold,1,1,139.99,-0.004512
C005203,10,36.73,5,silver,0,0,0.0,0.171106
C005204,9,176.84,4,silver,0,0,0.0,0.237142
C005205,9,39.21,3,silver,0,0,0.0,0.154726
C005206,7,255.51,3,silver,1,0,0.0,0.132662
C005207,10,134.67,2,silver,0,0,0.0,-0.049506
C005208,4,37.59,4,silver,0,0,0.0,-0.121614
C005209,6,114.15,2,gold,0,0,0.0,-0.280175
C005210,4,155.29,3,gold,1,0,0.0,-0.030673
C005211,10,74.08,3,bronze,0,0,0.0,-0.022278
C005212,3,156.0,2,silver,1,0,0.0,-0.074
C005213,9,105.98,6,gold,1,1,107.87,0.062563
C005214,6,145.33,4,bronze,1,0,0.0,0.046768
C005215,4,116.01,4,silver,1,0,0.0,0.012555
C005216,4,144.91,3,bronze,1,0,0.0,-0.013856
C005217,9,86.04,6,silver,1,0,0.0,0.075837
C005218,4,0.0,8,bronze,0,0,0.0,-0.000808
C005219,11,64.47,5,silver,1,1,34.1,0.18087
C005220,7,178.18,6,gold,0,0,0.0,0.113141
C005221,6,0.0,7,silver,0,1,194.33,0.122092
C005222,7,177.85,6,silver,1,0,0.0,0.02363
C005223,10,135.43,4,bronze,0,0,0.0,0.040749
C005224,4,36.88,4,bronze,0,0,0.0,0.009009
C005225,2,204.97,2,bronze,1,0,0.0,-0.040555
C005226,11,82.5,3,silver,1,0,0.0,-0.02982
C005227,3,75.91,3,silver,1,0,0.0,-0.027618
C005228,7,103.17,3,silver,1,0,0.0,0.034726
C005229,7,30.25,2,silver,0,1,18.46,-0.049841
C005230,5,82.89,4,silver,1,0,0.0,0.18196
C005231,3,260.43,2,silver,0,1,82.3,-0.116046
C005232,2,181.67,2,silver,0,0,0.0,-0.061897
C005233,14,130.57,4,silver,0,0,0.0,0.010762
C005234,1,234.77,6,bronze,1,0,0.0,0.026632
C005235,1,112.38,3,silver,0,1,77.49,-0.008037
C005236,7,110.13,0,bronze,1,0,0.0,-0.023699
C005237,6,0.0,2,gold,1,0,0.0,-0.056784
C005238,9,176.17,4,bronze,0,0,0.0,0.122684
C005239,5,211.96,7,gold,1,0,0.0,0.196977
C005240,5,64.5,4,bronze,0,0,0.0,-0.021026
C005241,3,79.02,8,silver,0,0,0.0,0.155285
C005242,1,80.1,6,bronze,1,0,0.0,-0.009479
C005243,4,74.11,5,silver,1,0,0.0,0.015599
C005244,7,24.83,2,bronze,1,0,0.0,-0.022702
C005245,8,183.5,5,bronze,1,0,0.0,0.161297
C005246,2,100.84,4,silver,1,0,0.0,0.004288
C005247,9,132.45,3,gold,0,1,34.93,0.140627
C005248,1,116.97,5,silver,1,0,0.0,-0.043533
C005249,8,97.77,1,silver,0,0,0.0,-0.07997
C005250,6,58.84,6,bronze,0,0,0.0,0.033094
C005251,3,74.87,3,bronze,1,0,0.0,0.005728
C005252,4,94.3,3,silver,0,1,56.12,0.14984
C005253,7,185.72,7,bronze,1,0,0.0,0.100193
C005254,4,165.63,4,gold,1,1,68.85,0.016203
C005255,1,15.37,7,bronze,1,0,0.0,-0.006168
C005256,10,152.35,7,gold,1,0,0.0,0.273239
C005257,7,130.33,7,bronze,0,0,0.0,0.150913
C005258,7,202.99,3,bronze,0,0,0.0,0.10586
C005259,5,214.91,2,bronze,0,0,0.0,0.029887
C005260,12,58.12,5,bronze,1,0,0.0,0.237207
C005261,4,261.82,4,silver,1,0,0.0,-0.028927
C005262,6,111.76,0,bronze,1,0,0.0,-0.017482
C005263,3,153.53,5,bronze,1,0,0.0,-0.003532
C005264,9,37.83,5,silver,0,0,0.0,0.216326
C005265,10,284.07,4,silver,0,0,0.0,0.179917
C005266,10,149.21,7,bronze,0,0,0.0,0.118974
C005267,8,71.04,5,bronze,1,0,0.0,-0.034156
C005268,3,150.02,4,bronze,1,0,0.0,0.013036
C005269,9,153.49,6,bronze,0,0,0.0,0.095409
C005270,4,163.62,3,silver,1,1,88.51,0.072177
C005271,7,157.82,6,bronze,1,0,0.0,0.062644
C005272,3,125.29,2,gold,0,0,0.0,0.309281
C005273,7,90.66,2,silver,0,0,0.0,-0.048133
C005274,1,53.36,2,silver,1,0,0.0,-0.011618
C005275,8,91.17,7,silver,0,1,72.89,0.02441
C005276,6,42.46,3,bronze,0,0,0.0,0.017135
C005277,7,172.13,6,bronze,0,0,0.0,0.03819
C005278,10,168.21,5,gold,0,0,0.0,0.166534
C005279,12,62.25,3,gold,1,1,109.08,0.079582
C005280,9,70.53,2,bronze,1,0,0.0,0.112772
C005281,7,103.45,3,gold,0,0,0.0,-0.192597
C005282,7,216.76,5,bronze,1,0,0.0,0.109019
C005283,10,171.25,4,silver,1,0,0.0,0.132788
C005284,11,189.14,4,silver,1,0,0.0,0.056891
C005285,3,92.66,4,silver,0,0,0.0,-0.040413
C005286,8,183.69,3,bronze,1,0,0.0,0.154131
C005287,8,162.29,6,silver,1,1,94.13,-0.01853
C005288,13,145.42,4,silver,0,0,0.0,0.204829
C005289,10,179.0,3,silver,1,0,0.0,0.440421
C005290,0,79.25,2,gold,0,0,0.0,-0.076616
C005291,9,75.72,3,silver,0,0,0.0,0.235347
C005292,6,88.98,3,gold,0,0,0.0,0.203973
C005293,3,188.97,4,gold,1,1,48.41,-0.07983
C005294,5,206.27,5,silver,0,0,0.0,0.095122
C005295,3,80.83,3,bronze,1,0,0.0,-0.000949
C005296,5,129.06,7,gold,1,0,0.0,-0.185731
C005297,3,161.33,5,silver,0,0,0.0,0.01078
C005298,9,159.41,2,bronze,1,0,0.0,-0.014108
C005299,6,67.57,4,silver,1,0,0.0,0.274938
C005300,7,151.6,3,bronze,1,0,0.0,0.082082
C005301,3,211.41,0,silver,1,0,0.0,-0.115066
C005302,8,139.88,1,silver,0,0,0.0,-0.306301
C005303,7,43.4,6,gold,1,1,106.41,0.132579
C005304,13,94.05,5,bronze,1,0,0.0,0.021234
C005305,7,96.18,4,bronze,1,0,0.0,0.018635
C005306,4,62.4,9,gold,1,1,122.05,-0.050108
C005307,4,166.41,2,silver,0,0,0.0,-0.150526
C005308,5,149.1,4,silver,1,0,0.0,0.289988
C005309,4,169.1,7,silver,0,1,103.8,-0.068775
C005310,7,148.3,3,bronze,1,0,0.0,0.046227
C005311,3,115.15,2,silver,1,0,0.0,-0.023222
C005312,5,119.9,1,gold,1,1,49.81,0.093149
C005313,3,13.86,0,silver,1,0,0.0,-0.015067
C005314,8,160.64,5,silver,0,0,0.0,0.084674
C005315,6,94.29,4,silver,0,0,0.0,-0.001617
C005316,0,112.24,9,silver,1,0,0.0,-0.049189
C005317,7,38.45,3,bronze,1,0,0.0,0.07217
C005318,5,90.08,6,silver,0,0,0.0,0.096442
C005319,8,118.17,6,bronze,0,0,0.0,0.054513
C005320,3,203.98,2,bronze,0,0,0.0,-0.008891
C005321,9,86.96,5,bronze,0,0,0.0,0.057511
C005322,8,116.25,0,silver,1,0,0.0,-0.049655
C005323,4,242.96,3,gold,1,1,160.27,-0.166726
C005324,5,95.92,4,gold,0,0,0.0,0.041209
C005325,8,132.8,4,silver,1,0,0.0,0.048908
C005326,11,249.46,4,gold,0,1,181.05,0.093974
C005327,1,164.86,4,bronze,0,0,0.0,-0.001845
C005328,2,122.47,4,silver,1,1,145.78,-0.070039
C005329,8,107.92,7,gold,1,1,311.49,0.195864
C005330,5,226.79,2,gold,0,0,0.0,-0.063758
C005331,10,224.1,4,silver,0,0,0.0,0.122656
C005332,2,32.84,4,gold,1,1,154.52,0.039078
C005333,0,134.81,2,gold,0,0,0.0,-0.220893
C005334,8,104.73,4,gold,0,1,114.86,0.015462
C005335,4,218.33,1,silver,0,0,0.0,-0.040547
C005336,0,24.81,2,bronze,1,0,0.0,-0.014841
C005337,6,143.06,8,silver,1,1,54.2,0.074554
C005338,0,213.31,7,gold,0,0,0.0,0.071413
C005339,0,156.41,4,bronze,1,0,0.0,0.005147
C005340,2,204.78,8,silver,1,0,0.0,0.00062
C005341,1,28.26,4,silver,1,0,0.0,-0.018889
C005342,7,238.31,4,gold,1,0,0.0,0.27156
C005343,6,131.52,3,bronze,1,0,0.0,0.004919
C005344,9,148.08,1,bronze,0,0,0.0,-0.015926
C005345,8,136.05,3,gold,1,1,208.29,0.040002
C005346,8,63.41,0,silver,0,0,0.0,0.031704
C005347,7,181.81,8,gold,0,0,0.0,0.454425
C005348,10,208.57,2,gold,0,0,0.0,-0.377854
C005349,7,120.1,0,silver,1,0,0.0,-0.107858
C005350,5,57.27,4,silver,1,0,0.0,-0.119428
C005351,9,166.42,7,silver,1,1,146.17,0.520118
C005352,8,85.38,3,silver,1,0,0.0,0.138178
C005353,5,219.25,6,bronze,0,0,0.0,0.143504
C005354,10,96.55,6,gold,1,1,187.6,0.216771
C005355,3,53.86,3,silver,0,1,101.42,-0.030225
C005356,3,90.15,2,silver,0,0,0.0,-0.068719
C005357,2,196.23,5,silver,0,0,0.0,-0.045818
C005358,13,94.62,3,bronze,0,0,0.0,0.014115
C005359,5,70.06,0,bronze,1,0,0.0,-0.058922
C005360,5,16.06,3,gold,1,0,0.0,-0.208248
C005361,8,76.34,0,gold,1,1,119.31,-0.133881
C005362,7,133.94,5,silver,0,0,0.0,0.023114
C005363,7,152.11,4,silver,1,0,0.0,0.193281
C005364,5,132.72,5,silver,0,0,0.0,0.01754
C005365,0,45.26,3,bronze,0,0,0.0,0.006485
C005366,5,144.21,5,bronze,0,0,0.0,0.014348
C005367,4,171.44,4,bronze,1,0,0.0,0.075244
C005368,8,169.21,10,gold,1,0,0.0,0.172708
C005369,2,2.9,0,bronze,0,0,0.0,-0.004967
C005370,1,134.35,3,silver,0,0,0.0,-0.031076
C005371,5,112.22,2,bronze,0,0,0.0,0.008587
C005372,0,165.07,2,silver,1,0,0.0,-0.017217
C005373,8,70.67,2,silver,1,1,182.0,0.125598
C005374,7,40.28,4,bronze,1,0,0.0,0.012145
C005375,10,168.64,3,silver,1,1,76.54,0.226035
C005376,7,146.61,3,bronze,1,1,107.17,0.085011
C005377,6,103.05,6,gold,1,1,86.82,0.280868
C005378,1,102.29,5,silver,0,0,0.0,0.032263
C005379,6,217.96,5,silver,1,0,0.0,0.023101
C005380,7,125.1,2,silver,1,1,131.86,0.05056
C005381,3,54.56,1,bronze,1,0,0.0,-0.012692
C005382,2,187.76,3,silver,0,0,0.0,0.011661
C005383,7,30.0,4,bronze,1,0,0.0,0.023158
C005384,13,120.24,4,silver,1,1,73.01,0.217904
C005385,10,128.37,5,silver,0,1,66.83,-0.061919
C005386,4,125.44,5,silver,0,0,0.0,-0.026781
C005387,2,76.72,3,silver,1,0,0.0,0.030522
C005388,7,182.66,1,silver,0,0,0.0,-0.158398
C005389,3,109.28,3,bronze,0,0,0.0,0.018666
C005390,7,99.59,3,silver,0,0,0.0,0.135407
C005391,12,151.94,6,silver,1,1,110.04,0.152904
C005392,1,0.0,2,silver,0,0,0.0,-0.09917
C005393,7,112.31,6,gold,0,1,82.15,0.265573
C005394,12,150.83,4,silver,1,1,58.83,0.014894
C005395,4,150.17,6,silver,1,0,0.0,0.035867
C005396,4,132.86,5,bronze,1,0,0.0,-0.014587
C005397,5,172.97,2,silver,0,0,0.0,-0.062081
C005398,4,61.73,5,silver,0,0,0.0,-0.009332
C005399,12,44.81,6,gold,1,1,65.43,0.172599
C005400,5,195.61,2,gold,1,0,0.0,-0.159705
C005401,9,37.24,3,silver,0,0,0.0,-0.012456
C005402,7,45.73,6,silver,0,0,0.0,0.04228
C005403,3,104.35,3,silver,0,1,140.96,-0.022087
C005404,5,197.74,3,bronze,1,0,0.0,0.006568
C005405,5,183.56,2,bronze,0,0,0.0,0.008899
C005406,12,113.31,5,silver,1,1,93.4,0.139226
C005407,12,163.53,10,gold,0,0,0.0,0.094513
C005408,7,47.58,4,silver,0,0,0.0,0.030393
C005409,1,124.84,0,bronze,1,0,0.0,-0.021342
C005410,8,124.74,8,silver,1,1,67.15,0.185831
C005411,7,64.91,0,bronze,0,0,0.0,-0.032076
C005412,4,185.9,5,silver,0,0,0.0,0.044454
C005413,7,132.91,8,silver,0,0,0.0,0.039646
C005414,2,3.26,9,bronze,0,0,0.0,-0.009225
C005415,5,65.45,6,silver,0,0,0.0,0.011303
C005416,7,148.58,0,bronze,0,0,0.0,-0.009991
C005417,6,138.98,0,bronze,0,0,0.0,-0.025687
C005418,13,74.44,6,silver,1,1,142.6,0.061241
C005419,8,139.39,5,silver,0,0,0.0,0.071868
C005420,4,54.07,4,gold,1,1,51.32,0.184782
C005421,2,148.12,2,silver,1,0,0.0,-0.047286
C005422,4,90.44,4,silver,0,0,0.0,-0.01087
C005423,5,17.18,1,gold,1,1,82.8,0.235891
C005424,5,45.67,5,bronze,1,1,12.38,0.020705
C005425,11,163.55,7,silver,0,0,0.0,0.139058
C005426,11,126.62,7,silver,0,0,0.0,0.074633
C005427,6,82.44,5,silver,0,0,0.0,0.028379
C005428,9,104.21,5,silver,1,0,0.0,0.228553
C005429,6,149.55,2,silver,0,0,0.0,0.117614
C005430,7,185.45,7,silver,0,1,68.03,0.298527
C005431,6,110.72,2,gold,1,1,173.3,-0.000264
C005432,4,155.66,3,gold,0,1,24.59,0.19699
C005433,7,125.12,4,silver,1,0,0.0,0.057905
C005434,3,173.6,4,bronze,0,0,0.0,0.037899
C005435,3,185.59,3,silver,1,0,0.0,0.197763
C005436,10,92.77,5,bronze,0,0,0.0,0.052577
C005437,9,181.92,6,silver,0,0,0.0,0.062356
C005438,2,72.98,3,bronze,1,0,0.0,-0.013692
C005439,1,114.6,5,silver,1,0,0.0,-0.029513
C005440,8,78.84,4,silver,1,0,0.0,0.033807
C005441,8,50.23,2,silver,0,0,0.0,0.187255
C005442,9,115.59,2,silver,0,0,0.0,0.042476
C005443,3,155.25,5,silver,0,0,0.0,-0.03749
C005444,0,33.08,5,bronze,0,0,0.0,0.009054
C005445,0,161.57,2,bronze,1,0,0.0,-0.010486
C005446,4,148.16,3,silver,1,0,0.0,-0.04417
C005447,13,51.76,1,silver,0,1,135.05,-0.225562
C005448,4,99.05,3,silver,1,0,0.0,0.019438
C005449,5,64.55,5,bronze,1,0,0.0,0.015542
C005450,9,272.12,3,silver,0,0,0.0,0.099611
C005451,3,167.28,0,bronze,0,0,0.0,-0.009413
C005452,10,59.66,2,bronze,0,0,0.0,-0.005143
C005453,8,222.24,2,silver,0,0,0.0,-0.078058
C005454,2,73.5,2,silver,0,0,0.0,0.01578
C005455,11,40.29,3,gold,1,1,62.11,-0.054483
C005456,4,175.98,1,silver,0,0,0.0,-0.043754
C005457,10,146.8,6,gold,1,0,0.0,0.155845
C005458,3,138.94,6,silver,1,0,0.0,0.028797
C005459,5,138.82,4,silver,1,0,0.0,-0.00318
C005460,3,112.84,3,gold,1,1,118.11,0.051588
C005461,9,40.54,5,gold,1,1,61.29,0.206427
C005462,5,102.86,1,silver,0,0,0.0,0.034935
C005463,10,97.39,1,bronze,1,0,0.0,-0.043551
C005464,2,0.0,4,bronze,0,0,0.0,-0.025423
C005465,7,131.89,5,silver,0,0,0.0,0.064939
C005466,5,88.44,4,silver,0,0,0.0,-0.074669
C005467,8,54.86,0,gold,1,0,0.0,-0.033001
C005468,8,125.67,5,silver,0,0,0.0,0.289417
C005469,4,80.76,6,silver,0,0,0.0,-0.069842
C005470,6,0.0,6,bronze,0,0,0.0,0.028292
C005471,13,197.64,2,silver,0,0,0.0,0.131768
C005472,8,171.05,3,gold,1,0,0.0,-0.004775
C005473,6,165.79,4,silver,0,0,0.0,-0.010289
C005474,4,144.68,3,silver,1,0,0.0,0.127821
C005475,0,289.56,4,silver,1,0,0.0,-0.048294
C005476,1,62.45,5,silver,0,0,0.0,-0.016656
C005477,4,139.73,2,bronze,0,0,0.0,-0.034292
C005478,5,236.53,5,gold,0,0,0.0,-0.137103
C005479,11,154.88,3,bronze,1,0,0.0,0.064285
C005480,6,320.95,4,silver,0,0,0.0,0.08732
C005481,4,114.97,9,gold,1,0,0.0,0.035487
C005482,16,87.08,6,silver,1,1,188.43,-0.013496
C005483,16,117.92,3,bronze,0,1,56.7,0.082626
C005484,11,155.98,3,bronze,0,0,0.0,-0.028516
C005485,3,66.57,3,bronze,0,0,0.0,0.018886
C005486,6,136.8,9,gold,1,0,0.0,-0.23558
C005487,5,248.91,2,silver,0,0,0.0,-0.090901
C005488,0,92.08,3,silver,1,0,0.0,-0.182393
C005489,8,41.05,3,silver,1,0,0.0,0.060636
C005490,9,141.88,5,gold,1,1,71.67,0.390406
C005491,3,220.25,4,silver,1,0,0.0,0.00556
C005492,6,0.0,5,gold,1,0,0.0,0.157498
C005493,5,177.47,4,gold,0,0,0.0,0.178619
C005494,2,58.39,3,silver,1,0,0.0,-0.083022
C005495,10,171.76,3,silver,0,0,0.0,0.082858
C005496,5,82.69,7,gold,0,1,13.94,0.097164
C005497,9,108.94,4,bronze,0,0,0.0,-0.086708
C005498,7,37.0,5,silver,1,0,0.0,0.00016
C005499,7,204.1,7,bronze,0,0,0.0,0.135
C005500,6,10.74,7,silver,1,0,0.0,0.197888
C005501,2,74.36,5,silver,1,0,0.0,-0.036398
C005502,3,200.81,7,silver,1,0,0.0,-0.038997
C005503,12,138.95,4,gold,0,1,67.92,-0.042097
C005504,10,118.91,3,silver,1,0,0.0,0.25035
C005505,5,213.65,7,gold,0,0,0.0,-0.122656
C005506,5,90.85,5,silver,1,0,0.0,0.040216
C005507,9,159.88,4,gold,0,0,0.0,-0.071808
C005508,9,76.69,4,silver,1,1,109.46,0.098546
C005509,6,85.94,1,silver,1,0,0.0,-0.16937
C005510,9,10.98,4,bronze,1,0,0.0,0.016105
C005511,9,155.06,3,gold,0,1,42.21,-0.207228
C005512,7,113.5,7,silver,1,0,0.0,0.033138
C005513,6,82.68,6,silver,0,0,0.0,0.119128
C005514,0,84.63,2,silver,0,0,0.0,-0.042941
C005515,9,108.61,6,silver,1,0,0.0,0.140495
C005516,6,77.03,7,gold,0,0,0.0,-0.088136
C005517,6,192.24,7,bronze,1,0,0.0,0.090711
C005518,12,155.91,4,bronze,1,1,47.77,0.066424
C005519,9,91.82,5,gold,0,0,0.0,0.019269
C005520,10,102.04,3,gold,1,1,110.43,0.009038
C005521,5,187.62,5,silver,0,0,0.0,0.049821
C005522,11,72.17,5,bronze,0,0,0.0,0.06687
C005523,3,47.95,3,silver,0,0,0.0,0.169486
C005524,10,109.67,3,gold,1,0,0.0,0.11922
C005525,8,28.75,4,gold,1,0,0.0,0.077098
C005526,4,164.16,3,silver,0,0,0.0,0.103121
C005527,9,159.18,3,silver,1,0,0.0,-0.018882
C005528,12,20.97,5,silver,0,0,0.0,0.084965
C005529,7,167.25,5,gold,1,1,189.45,0.067931
C005530,5,34.62,5,silver,1,0,0.0,0.038749
C005531,8,138.87,5,silver,0,0,0.0,-0.023084
C005532,4,19.22,8,bronze,1,0,0.0,0.015094
C005533,0,64.63,5,gold,1,1,126.3,-0.000231
C005534,2,75.27,1,bronze,0,0,0.0,0.000317
C005535,11,105.67,5,silver,0,0,0.0,-0.025943
C005536,4,118.82,5,silver,0,0,0.0,-0.203318
C005537,4,51.48,2,silver,1,1,172.86,0.047674
C005538,6,26.71,3,bronze,0,0,0.0,0.026916
C005539,5,168.54,2,bronze,0,0,0.0,-0.006001
C005540,7,143.03,3,silver,0,0,0.0,0.15165
C005541,17,74.13,3,silver,0,0,0.0,0.049986
C005542,6,274.04,7,silver,1,0,0.0,-0.179937
C005543,3,234.78,1,silver,0,0,0.0,-0.020483
C005544,2,69.92,3,gold,1,0,0.0,-0.146485
C005545,11,119.79,2,gold,0,0,0.0,0.108845
C005546,9,116.13,5,silver,1,1,14.97,0.0151
C005547,5,213.76,4,silver,0,0,0.0,-0.007584
C005548,5,0.0,2,silver,0,1,69.87,-0.002487
C005549,3,126.43,6,gold,0,0,0.0,-0.340646
C005550,11,108.34,7,gold,1,0,0.0,0.157975
C005551,6,47.2,3,bronze,1,0,0.0,0.023066
C005552,8,159.74,2,gold,1,0,0.0,-0.296109
C005553,2,170.88,4,gold,1,0,0.0,-0.210967
C005554,7,55.07,5,gold,0,0,0.0,-0.115732
C005555,3,203.09,7,silver,0,0,0.0,-0.138686
C005556,4,178.54,4,gold,0,1,162.34,-0.080226
C005557,3,137.52,7,gold,0,0,0.0,-0.156097
C005558,8,241.68,2,silver,1,0,0.0,-0.043903
C005559,4,184.44,4,gold,0,1,44.0,-0.082581
C005560,5,254.62,5,bronze,0,0,0.0,0.007839
C005561,7,152.86,6,bronze,1,0,0.0,0.119686
C005562,2,122.87,2,bronze,0,0,0.0,0.055433
C005563,8,166.33,2,silver,1,0,0.0,-0.035364
C005564,3,62.75,5,bronze,1,0,0.0,0.006457
C005565,1,157.66,5,bronze,1,0,0.0,0.007511
C005566,13,110.04,1,silver,0,0,0.0,-0.109143
C005567,0,158.03,2,silver,0,0,0.0,-0.021928
C005568,1,73.84,3,bronze,0,0,0.0,-0.014307
C005569,8,0.0,2,silver,1,1,99.02,0.012049
C005570,2,122.13,5,bronze,1,0,0.0,0.01065
C005571,6,44.56,4,bronze,0,0,0.0,0.004241
C005572,2,188.58,1,gold,0,0,0.0,-0.022715
C005573,2,151.87,7,silver,0,0,0.0,-0.010741
C005574,0,44.34,6,bronze,1,0,0.0,-0.00636
C005575,4,169.67,3,gold,1,0,0.0,-0.121317
C005576,3,139.88,4,bronze,1,0,0.0,-0.000387
C005577,4,60.6,6,gold,1,0,0.0,0.07298
C005578,14,107.16,5,bronze,1,0,0.0,0.016761
C005579,5,70.12,3,bronze,0,0,0.0,0.016998
C005580,9,62.41,2,silver,0,0,0.0,-0.098882
C005581,0,82.61,5,silver,0,0,0.0,-0.010043
C005582,7,51.07,2,silver,1,0,0.0,0.090909
C005583,0,267.07,0,gold,1,0,0.0,-0.137321
C005584,0,24.83,3,silver,0,0,0.0,-0.01177
C005585,14,85.39,4,gold,0,0,0.0,0.008783
C005586,4,61.75,3,silver,0,0,0.0,-0.022881
C005587,5,116.63,6,silver,0,0,0.0,0.007141
C005588,1,161.53,6,silver,0,0,0.0,-0.054992
C005589,7,146.2,4,gold,0,1,92.28,-0.051793
C005590,4,125.02,3,gold,1,0,0.0,-0.210912
C005591,2,150.97,4,silver,1,1,162.0,-0.037916
C005592,2,0.0,2,silver,1,0,0.0,-0.015272
C005593,3,176.54,4,gold,0,0,0.0,-0.070211
C005594,9,135.69,0,silver,1,0,0.0,-0.028539
C005595,6,117.97,7,silver,1,0,0.0,0.089199
C005596,6,102.97,6,silver,0,0,0.0,0.100705
C005597,1,156.71,0,silver,1,0,0.0,-0.00161
C005598,1,166.1,7,silver,1,0,0.0,-0.004191
C005599,0,193.1,5,bronze,0,0,0.0,-0.010109
C005600,6,127.41,4,gold,0,1,47.97,0.032705
C005601,3,147.04,2,bronze,0,0,0.0,-0.01764
C005602,11,170.94,4,silver,1,0,0.0,0.322135
C005603,8,157.82,3,bronze,1,0,0.0,0.129204
C005604,8,0.0,6,silver,1,0,0.0,0.018373
C005605,7,48.07,8,silver,0,0,0.0,0.194999
C005606,7,6.01,3,silver,0,0,0.0,0.213806
C005607,9,181.61,5,gold,1,1,51.37,0.074345
C005608,3,0.0,2,silver,1,1,65.04,-0.192685
C005609,1,98.62,4,silver,0,0,0.0,-0.04543
C005610,5,0.0,2,silver,0,1,50.1,-0.072184
C005611,0,60.05,1,bronze,1,0,0.0,-0.001552
C005612,1,0.21,3,gold,0,0,0.0,-0.036539
C005613,8,63.11,8,silver,1,0,0.0,0.210255
C005614,3,115.34,3,gold,1,1,95.3,0.083424
C005615,1,52.22,3,gold,1,1,141.41,-0.354679
C005616,2,148.37,1,gold,0,0,0.0,-0.197049
C005617,8,159.18,3,gold,0,0,0.0,-0.305647
C005618,7,92.39,6,silver,1,0,0.0,0.084996
C005619,5,78.55,2,bronze,0,0,0.0,0.05738
C005620,9,77.86,1,silver,0,0,0.0,-0.031039
C005621,4,0.0,6,gold,0,1,80.9,0.168078
C005622,8,143.24,3,silver,0,0,0.0,0.068548
C005623,7,167.35,3,gold,0,1,242.36,0.133038
C005624,7,97.11,5,bronze,1,0,0.0,0.103071
C005625,11,223.73,5,bronze,1,0,0.0,0.058347
C005626,4,125.85,3,silver,1,1,114.74,0.030936
C005627,10,107.58,3,silver,0,1,29.6,0.112855
C005628,8,63.14,2,silver,0,0,0.0,-0.011593
C005629,5,78.54,7,silver,1,0,0.0,0.025086
C005630,11,4.55,4,gold,1,0,0.0,-0.117165
C005631,7,177.44,4,silver,0,0,0.0,0.159005
C005632,12,127.96,4,gold,1,0,0.0,0.499052
C005633,8,181.15,3,bronze,0,0,0.0,0.147008
C005634,5,67.41,5,silver,0,0,0.0,0.077826
C005635,6,176.97,3,silver,1,0,0.0,0.042739
C005636,6,143.27,2,silver,0,0,0.0,-0.093615
C005637,7,75.46,0,bronze,1,0,0.0,-0.011686
C005638,5,172.05,3,bronze,0,0,0.0,0.022714
C005639,0,82.35,0,bronze,1,0,0.0,0.001052
C005640,5,123.8,4,gold,0,0,0.0,-0.095179
C005641,7,128.21,6,silver,1,1,113.6,-0.005054
C005642,6,153.43,6,silver,1,0,0.0,-0.000372
C005643,5,237.9,7,bronze,1,0,0.0,0.084131
C005644,6,0.0,0,silver,1,0,0.0,-0.102922
C005645,5,104.34,5,bronze,0,0,0.0,0.025022
C005646,2,223.15,3,gold,0,0,0.0,-0.112144
C005647,8,86.26,5,silver,1,0,0.0,0.017707
C005648,10,205.38,7,gold,0,1,14.91,0.008299
C005649,7,12.89,4,silver,1,0,0.0,0.070048
C005650,6,143.0,8,silver,1,0,0.0,-0.069359
C005651,9,163.91,4,bronze,1,0,0.0,0.014169
C005652,5,91.62,4,gold,1,0,0.0,0.025174
C005653,9,19.27,3,silver,1,0,0.0,0.140982
C005654,10,136.64,3,gold,0,1,136.6,-0.008531
C005655,7,158.47,6,silver,1,1,103.72,-0.167723
C005656,0,131.62,3,bronze,0,0,0.0,-0.013482
C005657,7,188.56,4,silver,1,0,0.0,0.105998
C005658,11,121.94,3,silver,1,0,0.0,0.007101
C005659,3,33.69,6,silver,0,0,0.0,-0.141155
C005660,3,140.75,6,gold,0,0,0.0,-0.153103
C005661,6,173.65,5,silver,1,0,0.0,0.114863
C005662,5,149.8,7,silver,1,0,0.0,0.072068
C005663,8,134.79,3,gold,1,0,0.0,-0.046159
C005664,11,210.16,6,silver,0,1,110.4,0.271343
C005665,5,111.95,5,bronze,1,0,0.0,0.019672
C005666,6,143.82,7,bronze,0,0,0.0,0.02762
C005667,13,74.55,5,bronze,1,0,0.0,0.030986
C005668,10,147.3,3,bronze,1,0,0.0,0.008561
C005669,8,217.56,6,bronze,0,0,0.0,0.144078
C005670,9,25.42,6,silver,1,0,0.0,0.059229
C005671,2,114.15,5,gold,0,0,0.0,-0.098265
C005672,5,58.41,5,bronze,0,0,0.0,-0.01216
C005673,5,184.37,4,bronze,0,0,0.0,0.006246
C005674,6,205.48,2,silver,0,0,0.0,0.144347
C005675,2,185.41,4,silver,1,1,34.77,-0.052288
C005676,4,135.16,5,silver,0,0,0.0,-0.002676
C005677,7,132.78,2,bronze,1,0,0.0,0.030397
C005678,5,61.12,4,silver,1,0,0.0,0.036293
C005679,4,21.06,5,silver,1,0,0.0,0.024628
C005680,0,229.9,1,bronze,1,0,0.0,-0.011916
C005681,10,109.87,4,silver,0,1,134.26,0.063226
C005682,7,33.63,10,bronze,1,0,0.0,-0.055003
C005683,6,176.01,5,silver,0,0,0.0,0.311162
C005684,6,29.96,7,silver,1,0,0.0,-0.04016
C005685,9,49.25,4,bronze,1,0,0.0,0.033827
C005686,5,100.1,7,bronze,0,0,0.0,0.019047
C005687,9,47.4,1,silver,0,1,71.02,-0.195068
C005688,3,295.53,8,silver,1,0,0.0,0.040033
C005689,12,206.54,1,bronze,0,0,0.0,-0.016263
C005690,4,194.77,4,gold,0,1,61.24,0.233586
C005691,7,40.53,4,gold,0,0,0.0,0.30353
C005692,6,107.46,3,gold,1,1,26.1,-0.113332
C005693,5,116.76,5,silver,0,0,0.0,0.077566
C005694,3,81.62,5,silver,1,0,0.0,0.06189
C005695,4,115.9,5,gold,1,0,0.0,0.200246
C005696,4,283.27,2,bronze,1,0,0.0,0.054423
C005697,11,133.79,4,silver,1,0,0.0,0.066525
C005698,3,177.37,0,silver,0,0,0.0,-0.117454
C005699,11,111.2,6,gold,1,1,35.93,0.183285
C005700,2,254.8,3,bronze,0,0,0.0,0.004039
C005701,6,85.97,4,silver,0,0,0.0,0.07964
C005702,5,148.96,3,bronze,1,0,0.0,0.006167
C005703,5,143.54,2,bronze,0,0,0.0,-0.019836
C005704,6,0.0,6,gold,1,1,45.78,-0.139459
C005705,7,120.2,3,silver,0,0,0.0,0.175373
C005706,10,120.22,4,silver,1,1,21.43,0.159256
C005707,8,86.82,3,silver,1,0,0.0,-0.006948
C005708,5,150.06,5,silver,1,0,0.0,0.159825
C005709,8,104.46,6,silver,1,0,0.0,0.014103
C005710,6,267.79,7,silver,0,0,0.0,0.070859
C005711,6,196.51,1,silver,0,0,0.0,-0.004751
C005712,4,55.02,5,bronze,1,0,0.0,0.068868
C005713,8,132.49,2,bronze,0,0,0.0,0.126709
C005714,6,133.06,5,gold,0,0,0.0,0.023373
C005715,9,96.92,6,bronze,0,0,0.0,0.09302
C005716,5,128.67,5,bronze,1,0,0.0,0.046845
C005717,7,9.13,5,gold,1,1,197.21,0.007547
C005718,9,99.86,4,bronze,1,0,0.0,0.009423
C005719,6,94.8,4,gold,0,0,0.0,-0.207296
C005720,11,109.17,3,silver,1,0,0.0,0.142433
C005721,4,0.0,4,bronze,0,0,0.0,0.00521
C005722,5,134.52,4,silver,1,0,0.0,0.005748
C005723,8,85.62,4,gold,1,0,0.0,0.164669
C005724,7,124.07,4,silver,1,0,0.0,0.028957
C005725,5,157.37,6,silver,0,0,0.0,0.004209
C005726,11,268.16,5,silver,1,0,0.0,0.206908
C005727,3,230.64,5,gold,0,0,0.0,0.095197
C005728,4,161.88,5,bronze,1,0,0.0,0.002429
C005729,10,147.24,5,bronze,0,0,0.0,0.0498
C005730,12,72.59,4,silver,0,0,0.0,0.105756
C005731,9,89.64,3,bronze,0,0,0.0,0.045075
C005732,5,179.08,4,gold,1,1,127.22,0.105237
C005733,0,0.48,6,silver,0,0,0.0,-0.006933
C005734,5,0.64,3,gold,1,0,0.0,0.070593
C005735,6,110.02,3,silver,1,1,30.23,-0.219441
C005736,6,138.18,2,silver,0,0,0.0,-0.084916
C005737,4,126.54,3,silver,1,1,113.95,0.075386
C005738,6,215.84,5,silver,0,0,0.0,0.015094
C005739,6,145.86,5,gold,1,1,81.38,0.086771
C005740,7,85.68,1,bronze,1,0,0.0,0.010087
C005741,8,142.01,7,bronze,0,0,0.0,0.034172
C005742,5,203.85,5,silver,0,0,0.0,0.034174
C005743,4,123.53,0,silver,1,0,0.0,-0.062697
C005744,6,88.85,5,silver,1,0,0.0,0.0499
C005745,7,130.4,6,bronze,0,0,0.0,0.25739
C005746,4,173.69,3,gold,1,1,21.34,-0.24329
C005747,7,141.93,6,bronze,1,0,0.0,0.103829
C005748,8,231.54,5,silver,0,0,0.0,0.194953
C005749,7,94.28,6,bronze,1,0,0.0,0.122923
C005750,4,180.13,6,silver,1,0,0.0,0.007624
C005751,9,193.6,1,gold,1,0,0.0,-0.073876
C005752,5,127.18,5,gold,1,0,0.0,-0.013783
C005753,6,221.61,4,silver,1,0,0.0,0.101599
C005754,5,59.8,0,silver,0,0,0.0,-0.049756
C005755,6,165.38,5,silver,0,0,0.0,0.149855
C005756,9,183.25,4,silver,1,0,0.0,-0.104459
C005757,6,153.93,2,gold,1,0,0.0,0.178171
C005758,7,143.29,5,bronze,1,0,0.0,0.136572
C005759,7,106.09,5,gold,1,0,0.0,-0.150845
C005760,5,125.92,5,silver,1,1,75.79,-0.060282
C005761,4,133.87,2,silver,0,0,0.0,-0.073441
C005762,9,9.58,4,silver,1,0,0.0,-0.170915
C005763,4,268.98,1,silver,0,0,0.0,0.154501
C005764,2,145.57,2,silver,1,0,0.0,-0.037563
C005765,12,10.34,7,bronze,0,0,0.0,0.067562
C005766,7,146.8,3,silver,0,0,0.0,0.327931
C005767,12,72.57,8,silver,1,0,0.0,0.069935
C005768,1,84.98,1,silver,1,0,0.0,-0.017373
C005769,7,25.97,6,bronze,0,0,0.0,0.058842
C005770,4,89.17,7,silver,0,0,0.0,0.500826
C005771,3,127.9,1,silver,1,0,0.0,0.064199
C005772,11,158.95,5,bronze,1,1,56.07,0.128778
C005773,0,97.28,4,gold,1,0,0.0,-0.096025
C005774,7,73.68,3,silver,1,0,0.0,0.055093
C005775,10,66.55,3,gold,1,1,55.9,-0.142519
C005776,5,65.46,3,gold,1,0,0.0,-0.254968
C005777,10,184.9,3,silver,0,0,0.0,0.076767
C005778,6,92.01,5,bronze,0,0,0.0,-0.022316
C005779,6,29.31,1,silver,0,0,0.0,-0.106458
C005780,2,194.64,3,silver,1,0,0.0,-0.123352
C005781,4,142.13,2,silver,0,0,0.0,-0.149978
C005782,3,127.07,3,silver,0,0,0.0,-0.187642
C005783,9,77.98,1,silver,1,0,0.0,0.055156
C005784,11,148.19,3,bronze,0,0,0.0,-0.104466
C005785,3,126.05,5,bronze,0,0,0.0,0.016065
C005786,8,147.75,7,bronze,0,0,0.0,0.091814
C005787,8,198.81,2,bronze,1,0,0.0,-0.010646
C005788,0,58.05,7,bronze,1,0,0.0,-0.023179
C005789,7,87.43,4,bronze,1,0,0.0,0.061636
C005790,8,0.0,7,bronze,1,0,0.0,-0.006628
C005791,11,162.74,3,gold,0,1,186.99,-0.036748
C005792,10,164.09,6,bronze,0,0,0.0,0.092655
C005793,7,102.16,5,silver,1,1,103.73,0.19785
C005794,8,197.39,1,silver,0,0,0.0,-0.19984
C005795,3,93.63,2,gold,0,1,114.92,-0.002869
C005796,7,132.17,5,gold,0,1,97.47,0.116248
C005797,9,196.59,4,silver,0,0,0.0,0.024648
C005798,6,115.04,7,bronze,0,0,0.0,0.008577
C005799,6,107.02,4,gold,0,0,0.0,-0.096182
C005800,6,127.33,2,silver,0,0,0.0,-0.039226
C005801,8,170.86,5,silver,1,1,261.18,-0.076861
C005802,3,163.43,3,silver,1,0,0.0,0.020298
C005803,5,22.98,5,bronze,0,0,0.0,0.036525
C005804,7,174.1,5,silver,1,0,0.0,0.032992
C005805,7,68.42,2,silver,0,1,41.65,-0.039608
C005806,8,96.57,8,bronze,0,0,0.0,0.067253
C005807,9,46.78,7,silver,0,0,0.0,0.077433
C005808,2,178.75,7,bronze,1,0,0.0,0.015802
C005809,8,72.99,5,silver,1,0,0.0,0.008654
C005810,8,110.38,6,bronze,1,0,0.0,0.077423
C005811,5,146.84,4,bronze,0,0,0.0,0.065322
C005812,6,73.23,7,silver,1,0,0.0,0.157017
C005813,6,30.5,3,bronze,1,0,0.0,0.046427
C005814,7,124.71,7,silver,0,0,0.0,0.117618
C005815,6,139.83,3,gold,1,1,108.85,-0.095072
C005816,4,90.44,3,bronze,1,0,0.0,0.016574
C005817,4,178.8,4,bronze,1,0,0.0,0.009633
C005818,11,40.26,5,gold,0,1,136.5,0.061542
C005819,0,192.58,6,bronze,0,0,0.0,-0.019911
C005820,2,143.48,0,silver,0,0,0.0,0.024351
C005821,7,54.44,6,bronze,0,0,0.0,0.083641
C005822,13,68.32,4,bronze,0,0,0.0,0.054873
C005823,11,196.44,4,bronze,1,0,0.0,0.074883
C005824,5,232.44,0,bronze,0,0,0.0,0.017009
C005825,4,46.8,3,silver,1,0,0.0,0.035007
C005826,5,67.4,7,silver,0,0,0.0,-0.035041
C005827,6,172.55,4,silver,0,0,0.0,0.10966
C005828,5,153.73,4,silver,0,0,0.0,0.002835
C005829,4,264.36,3,silver,1,0,0.0,0.000138
C005830,5,169.73,2,silver,0,0,0.0,-0.040314
C005831,9,125.41,3,silver,1,0,0.0,0.253983
C005832,4,186.78,4,silver,1,0,0.0,0.171899
C005833,4,130.46,6,silver,1,0,0.0,0.009332
C005834,5,131.56,5,silver,1,0,0.0,-0.005544
C005835,8,88.87,3,gold,0,1,142.9,0.149945
C005836,10,230.17,1,bronze,0,0,0.0,0.002184
C005837,12,106.74,6,silver,1,0,0.0,0.141907
C005838,3,94.22,4,silver,1,0,0.0,-0.003038
C005839,5,133.21,5,silver,0,1,108.56,-0.013015
C005840,7,0.0,2,silver,0,0,0.0,-0.01228
C005841,12,99.41,3,gold,1,0,0.0,0.057089
C005842,6,35.92,3,bronze,1,0,0.0,0.011467
C005843,13,70.89,3,bronze,1,0,0.0,0.07484
C005844,3,225.91,2,gold,0,1,149.39,-0.263811
C005845,3,168.09,5,silver,0,0,0.0,-0.018692
C005846,7,24.83,6,silver,0,0,0.0,-0.000931
C005847,6,133.68,1,bronze,0,0,0.0,-0.023125
C005848,4,172.95,4,silver,0,0,0.0,0.028548
C005849,2,24.46,4,bronze,0,0,0.0,-0.000986
C005850,7,158.76,4,gold,1,1,154.12,0.176309
C005851,7,129.58,4,silver,0,1,95.71,0.183434
C005852,4,77.38,5,silver,0,0,0.0,-0.040426
C005853,4,253.15,1,silver,1,0,0.0,-0.215744
C005854,5,123.84,4,silver,0,0,0.0,0.016199
C005855,4,138.51,4,gold,0,0,0.0,-0.127686
C005856,8,79.51,5,bronze,0,0,0.0,-0.007642
C005857,4,64.73,6,silver,1,0,0.0,0.003866
C005858,3,210.66,10,bronze,0,0,0.0,0.050253
C005859,6,30.23,5,silver,0,0,0.0,0.060017
C005860,7,89.84,7,silver,1,0,0.0,-0.003607
C005861,7,180.78,2,silver,0,0,0.0,0.023207
C005862,5,134.54,3,silver,0,0,0.0,0.020697
C005863,7,198.01,4,silver,0,0,0.0,0.305701
C005864,11,175.98,0,silver,0,1,23.85,-0.043122
C005865,12,87.4,4,silver,0,0,0.0,0.003648
C005866,2,211.8,2,bronze,1,0,0.0,0.009218
C005867,0,0.0,2,silver,0,0,0.0,-0.044675
C005868,7,215.62,3,silver,0,0,0.0,0.123042
C005869,7,173.21,6,silver,0,1,100.94,0.044502
C005870,6,175.28,1,silver,1,0,0.0,-0.030929
C005871,4,0.0,0,silver,0,0,0.0,-0.040306
C005872,7,28.14,4,bronze,0,0,0.0,0.031905
C005873,7,147.82,4,bronze,1,0,0.0,0.106333
C005874,4,130.05,3,silver,0,0,0.0,0.026914
C005875,6,73.81,6,silver,1,0,0.0,-0.118272
C005876,3,135.49,5,bronze,0,0,0.0,0.018475
C005877,12,57.73,8,silver,1,1,93.59,0.160475
C005878,0,224.15,0,silver,1,0,0.0,-0.024537
C005879,8,128.74,7,silver,1,1,40.0,0.145083
C005880,2,97.4,4,bronze,1,0,0.0,0.01096
C005881,5,38.89,0,bronze,0,0,0.0,0.003741
C005882,11,180.74,4,silver,0,0,0.0,0.137564
C005883,5,116.71,5,silver,1,0,0.0,-0.099624
C005884,8,109.38,4,silver,0,1,22.45,0.058967
C005885,1,172.29,8,gold,1,0,0.0,-0.114538
C005886,5,32.91,4,silver,0,0,0.0,-0.036142
C005887,5,95.67,8,silver,0,0,0.0,0.069846
C005888,3,57.7,7,bronze,1,0,0.0,0.05224
C005889,9,75.54,5,bronze,1,0,0.0,0.053098
C005890,6,137.66,3,bronze,0,0,0.0,0.089055
C005891,13,161.27,6,silver,1,1,6.81,-0.129424
C005892,7,191.2,6,bronze,0,0,0.0,0.017636
C005893,4,70.6,4,silver,0,1,176.24,-0.112635
C005894,4,57.96,4,silver,1,0,0.0,-0.02818
C005895,3,157.31,5,silver,1,0,0.0,-0.043919
C005896,7,132.17,2,silver,1,0,0.0,-0.034345
C005897,2,113.7,4,silver,0,0,0.0,-0.055871
C005898,7,133.01,3,silver,1,1,70.93,-0.068408
C005899,11,77.32,1,bronze,0,0,0.0,-0.000306
C005900,1,0.19,6,silver,1,0,0.0,-0.060672
C005901,7,116.87,7,bronze,1,1,254.05,0.027172
C005902,7,71.12,4,silver,0,0,0.0,0.08666
C005903,7,149.77,4,bronze,0,0,0.0,0.075773
C005904,0,101.78,4,silver,1,0,0.0,-0.001906
C005905,1,67.28,5,silver,1,0,0.0,-0.022027
C005906,6,124.0,3,bronze,1,0,0.0,0.000598
C005907,9,168.47,4,gold,1,0,0.0,-0.037501
C005908,5,165.04,4,silver,0,0,0.0,-0.0309
C005909,10,92.43,4,silver,0,0,0.0,0.092327
C005910,4,160.09,6,gold,1,0,0.0,-0.148859
C005911,2,176.15,6,silver,1,0,0.0,-0.022643
C005912,6,232.16,7,silver,0,0,0.0,0.070697
C005913,7,111.19,3,silver,0,0,0.0,0.082835
C005914,5,68.95,8,gold,1,0,0.0,-0.197878
C005915,7,130.13,4,silver,0,0,0.0,-0.017566
C005916,6,129.0,5,silver,1,0,0.0,0.106102
C005917,4,122.12,4,bronze,0,0,0.0,0.034237
C005918,8,175.54,1,bronze,0,0,0.0,-0.033568
C005919,6,144.1,5,bronze,1,0,0.0,0.020455
C005920,10,141.5,3,bronze,0,0,0.0,0.0723
C005921,7,186.78,4,silver,0,0,0.0,0.089417
C005922,6,113.76,3,bronze,0,0,0.0,0.009465
C005923,3,70.06,4,gold,0,1,46.84,-0.173268
C005924,6,195.07,2,bronze,1,0,0.0,-0.005574
C005925,6,63.78,7,silver,0,0,0.0,-0.056228
C005926,2,127.74,1,silver,1,0,0.0,-0.03314
C005927,13,132.43,4,gold,1,1,12.96,0.078013
C005928,9,131.03,4,silver,1,0,0.0,0.063232
C005929,10,137.49,5,bronze,0,0,0.0,0.035532
C005930,6,135.84,5,silver,1,0,0.0,0.078121
C005931,8,51.39,4,gold,0,0,0.0,0.085483
C005932,7,97.67,5,gold,1,0,0.0,-0.016571
C005933,9,68.25,3,silver,0,1,75.51,0.159229
C005934,8,152.94,2,silver,1,0,0.0,-0.012205
C005935,4,153.18,4,silver,0,0,0.0,-0.017045
C005936,3,79.01,4,gold,0,1,94.99,-0.33397
C005937,12,50.87,4,gold,1,0,0.0,-0.065706
C005938,8,55.53,1,gold,0,0,0.0,0.126849
C005939,4,224.87,3,bronze,0,0,0.0,-0.001835
C005940,4,22.39,2,silver,0,0,0.0,-0.034079
C005941,5,149.18,6,gold,1,1,54.04,0.203359
C005942,9,148.27,0,silver,0,0,0.0,-0.039837
C005943,6,134.93,5,silver,1,0,0.0,0.09697
C005944,8,112.27,4,silver,1,0,0.0,0.03214
C005945,7,130.53,5,gold,0,1,85.49,0.054888
C005946,9,109.27,6,bronze,0,0,0.0,0.035096
C005947,5,11.74,2,bronze,1,0,0.0,-0.032332
C005948,9,105.24,5,silver,0,0,0.0,0.178855
C005949,5,65.69,3,bronze,0,0,0.0,0.013962
C005950,5,79.53,1,gold,0,1,75.93,0.116741
C005951,8,69.75,0,silver,0,0,0.0,-0.033012
C005952,3,113.8,0,gold,1,0,0.0,-0.455926
C005953,8,131.59,1,gold,0,0,0.0,-0.052158
C005954,6,175.17,7,bronze,0,0,0.0,0.053753
C005955,5,134.51,0,silver,1,0,0.0,-0.053353
C005956,8,80.44,7,gold,0,0,0.0,-0.067939
C005957,3,94.64,6,silver,0,0,0.0,-0.075675
C005958,8,125.0,1,bronze,1,0,0.0,-0.048666
C005959,9,34.85,2,silver,0,0,0.0,0.181917
C005960,0,96.65,3,gold,0,0,0.0,-0.030169
C005961,5,66.33,2,silver,1,0,0.0,-0.007758
C005962,0,82.07,6,bronze,0,0,0.0,-0.001848
C005963,11,136.95,4,silver,1,0,0.0,0.343763
C005964,7,114.35,5,bronze,0,0,0.0,0.05535
C005965,11,147.69,4,bronze,1,0,0.0,0.032997
C005966,9,93.99,1,silver,1,0,0.0,-0.006759
C005967,2,107.04,4,gold,0,0,0.0,-0.332337
C005968,9,127.09,1,bronze,1,0,0.0,-0.05719
C005969,8,55.88,2,gold,0,0,0.0,0.060761
C005970,4,129.03,5,bronze,1,0,0.0,0.046495
C005971,4,119.68,2,silver,1,0,0.0,-0.240683
C005972,7,119.99,1,bronze,1,0,0.0,-0.020901
C005973,1,88.74,3,silver,0,0,0.0,-0.004912
C005974,8,74.88,5,silver,1,1,30.96,0.327389
C005975,4,55.6,2,silver,0,0,0.0,-0.069461
C005976,4,175.38,3,silver,1,0,0.0,0.246584
C005977,7,153.51,6,bronze,0,0,0.0,0.116145
C005978,10,100.15,8,bronze,1,0,0.0,0.052189
C005979,1,162.59,3,silver,1,0,0.0,-0.007316
C005980,13,215.38,2,silver,1,0,0.0,0.349656
C005981,6,29.11,2,bronze,1,0,0.0,0.038234
C005982,4,125.97,3,silver,1,0,0.0,0.008125
C005983,8,96.3,4,bronze,1,0,0.0,0.040116
C005984,3,72.17,3,bronze,1,0,0.0,-0.012525
C005985,7,140.36,2,bronze,1,1,70.95,0.049272
C005986,7,143.21,5,silver,1,0,0.0,-0.072424
C005987,4,213.0,6,silver,0,0,0.0,0.16617
C005988,3,110.16,6,silver,1,0,0.0,0.01663
C005989,3,168.08,1,gold,1,0,0.0,-0.024089
C005990,5,74.93,4,gold,1,0,0.0,0.182895
C005991,4,126.54,7,silver,0,0,0.0,0.06614
C005992,11,122.73,6,gold,0,1,6.62,0.17572
C005993,5,144.48,7,silver,1,0,0.0,0.076619
C005994,6,254.3,7,gold,1,1,15.44,-0.101832
C005995,12,112.48,5,gold,0,0,0.0,-0.004056
C005996,4,161.82,5,silver,1,0,0.0,0.091856
C005997,6,80.72,3,bronze,1,0,0.0,-0.00552
C005998,6,109.58,0,silver,0,0,0.0,-0.052177
C005999,8,62.02,1,gold,0,0,0.0,0.241851
C006000,9,1.39,3,gold,0,0,0.0,-0.040991
C006001,8,147.72,3,silver,0,0,0.0,0.225366
C006002,11,90.03,3,silver,0,1,89.84,0.193643
C006003,2,148.58,6,silver,1,0,0.0,0.0668
C006004,1,142.95,3,silver,0,0,0.0,-0.069822
C006005,10,136.04,6,bronze,0,0,0.0,0.234244
C006006,8,193.18,3,bronze,1,0,0.0,0.038011
C006007,5,108.51,3,silver,0,0,0.0,0.054672
C006008,7,131.13,7,bronze,1,0,0.0,0.143481
C006009,6,149.65,2,silver,0,0,0.0,0.074781
C006010,0,170.05,7,bronze,0,0,0.0,0.012872
C006011,5,181.03,0,bronze,1,0,0.0,0.00698
C006012,7,126.21,3,bronze,0,0,0.0,0.029195
C006013,9,76.79,7,bronze,0,0,0.0,0.096625
C006014,5,163.78,4,silver,0,0,0.0,-0.021198
C006015,10,162.54,4,gold,0,0,0.0,0.165071
C006016,10,27.17,2,silver,1,1,45.83,0.207822
C006017,6,228.4,2,gold,0,0,0.0,-0.040039
C006018,8,34.64,6,silver,0,0,0.0,0.236414
C006019,6,102.74,4,gold,1,0,0.0,0.067849
C006020,11,33.09,0,gold,1,0,0.0,0.008222
C006021,7,120.34,2,gold,0,0,0.0,0.088244
C006022,5,202.36,3,bronze,0,0,0.0,-0.023248
C006023,0,284.2,2,silver,0,0,0.0,-0.071185
C006024,1,81.85,5,bronze,1,0,0.0,-0.00293
C006025,2,193.7,3,gold,0,1,132.39,-0.063322
C006026,7,45.34,3,gold,1,1,71.9,0.247444
C006027,2,144.9,5,silver,1,0,0.0,-0.028367
C006028,4,87.46,3,silver,0,0,0.0,0.01076
C006029,7,126.26,7,gold,0,1,82.13,0.288501
C006030,7,117.47,0,silver,1,0,0.0,-0.040491
C006031,5,95.19,7,gold,1,1,149.44,-0.032068
C006032,2,135.63,3,silver,1,0,0.0,-0.061227
C006033,6,164.46,0,gold,0,1,51.77,-0.139129
C006034,5,204.17,2,silver,1,0,0.0,-0.024625
C006035,12,106.49,8,silver,0,0,0.0,0.351373
C006036,7,0.0,1,bronze,1,0,0.0,-0.061942
C006037,5,152.02,8,bronze,0,0,0.0,0.039953
C006038,4,80.65,7,gold,0,0,0.0,0.220703
C006039,4,65.93,6,silver,1,0,0.0,0.063444
C006040,3,157.74,4,gold,0,0,0.0,-0.092697
C006041,4,209.95,5,bronze,0,0,0.0,0.028446
C006042,11,100.32,2,silver,0,0,0.0,0.04726
C006043,4,0.0,0,silver,0,0,0.0,-0.043612
C006044,8,120.71,5,silver,0,0,0.0,0.039758
C006045,8,138.4,9,bronze,0,0,0.0,0.050327
C006046,4,103.59,6,silver,1,0,0.0,0.330997
C006047,9,183.71,3,silver,0,0,0.0,-0.126618
C006048,4,228.08,3,bronze,1,0,0.0,-0.019015
C006049,0,153.43,7,silver,1,0,0.0,0.009007
C006050,11,309.8,1,bronze,1,0,0.0,-0.001681
C006051,7,230.18,5,bronze,1,1,116.36,0.019862
C006052,6,53.18,4,silver,0,1,10.7,0.200718
C006053,8,171.09,4,gold,1,1,80.89,0.176728
C006054,10,181.03,6,bronze,0,0,0.0,0.07901
C006055,5,15.37,5,bronze,1,0,0.0,-0.012136
C006056,6,62.62,2,bronze,0,0,0.0,-0.033014
C006057,10,80.62,4,bronze,0,0,0.0,0.145851
C006058,9,85.86,1,bronze,1,0,0.0,0.003277
C006059,8,0.0,3,silver,0,0,0.0,-0.014834
C006060,8,140.62,0,silver,0,0,0.0,-0.037561
C006061,5,162.14,0,silver,1,1,43.59,-0.069934
C006062,7,186.73,2,bronze,1,0,0.0,0.035081
C006063,4,67.2,0,silver,0,0,0.0,-0.059827
C006064,8,174.64,6,gold,0,0,0.0,0.371117
C006065,9,59.84,0,silver,0,0,0.0,-0.094432
C006066,8,45.62,4,silver,1,0,0.0,0.134424
C006067,13,116.97,5,gold,1,1,36.78,0.060991
C006068,5,125.72,5,silver,0,0,0.0,0.06913
C006069,12,240.79,2,bronze,0,0,0.0,-0.003309
C006070,8,86.18,2,bronze,1,0,0.0,-0.028522
C006071,7,227.07,0,gold,0,1,139.7,-0.230446
C006072,4,137.79,7,silver,1,0,0.0,0.038431
C006073,11,104.74,1,silver,0,1,64.74,-0.073313
C006074,6,88.88,2,silver,1,0,0.0,0.063461
C006075,4,0.0,6,silver,1,1,141.72,-0.085178
C006076,11,88.6,4,bronze,1,1,69.81,0.088051
C006077,5,117.55,7,bronze,0,0,0.0,0.003213
C006078,3,253.28,0,silver,1,0,0.0,-0.039002
C006079,4,104.32,6,silver,1,0,0.0,0.058852
C006080,9,189.92,6,bronze,0,1,32.74,0.032945
C006081,5,130.23,5,silver,1,0,0.0,0.132283
C006082,14,111.29,5,gold,1,0,0.0,0.151688
C006083,0,141.3,8,bronze,0,0,0.0,-0.005241
C006084,9,111.8,4,silver,1,0,0.0,0.062276
C006085,7,136.73,6,gold,0,1,46.55,0.112215
C006086,5,37.49,6,silver,0,0,0.0,-0.020074
C006087,5,79.82,6,gold,0,1,11.0,0.13291
C006088,7,163.39,2,silver,0,0,0.0,-0.010699
C006089,11,0.0,4,silver,0,1,55.04,-0.247924
C006090,8,94.25,3,silver,1,0,0.0,0.084233
C006091,8,50.04,5,bronze,0,0,0.0,0.054303
C006092,14,189.76,4,silver,0,0,0.0,0.314746
C006093,4,113.51,3,silver,1,0,0.0,-0.008581
C006094,5,141.2,2,silver,1,0,0.0,0.010027
C006095,8,113.72,1,silver,1,0,0.0,-0.003931
C006096,7,168.83,6,silver,1,0,0.0,0.120211
C006097,9,129.87,4,bronze,1,0,0.0,0.052163
C006098,8,139.46,2,gold,1,0,0.0,-0.260406
C006099,0,100.17,7,gold,0,1,134.38,-0.058345
C006100,8,147.62,3,bronze,0,0,0.0,0.108087
C006101,2,52.58,5,silver,0,0,0.0,-0.027892
C006102,13,93.08,3,silver,0,1,102.67,0.218448
C006103,8,37.45,5,silver,0,0,0.0,0.143001
C006104,6,40.03,2,silver,1,1,64.88,0.115337
C006105,5,161.61,5,silver,1,0,0.0,0.050669
C006106,5,71.7,4,bronze,1,0,0.0,0.038962
C006107,12,148.94,2,silver,1,1,32.58,0.271323
C006108,4,114.23,4,bronze,1,0,0.0,-0.011107
C006109,8,104.57,4,silver,0,0,0.0,0.203485
C006110,2,157.77,3,bronze,1,0,0.0,9.5e-05
C006111,9,15.97,5,silver,0,0,0.0,-0.001521
C006112,3,109.18,3,silver,1,0,0.0,-0.00837
C006113,10,194.46,3,bronze,1,0,0.0,-0.001088
C006114,15,28.9,5,bronze,0,0,0.0,0.176998
C006115,11,118.53,5,silver,1,1,22.39,0.065479
C006116,7,176.04,8,bronze,0,0,0.0,0.226735
C006117,5,153.08,4,silver,1,0,0.0,-0.013475
C006118,9,150.6,2,bronze,0,0,0.0,0.034957
C006119,9,220.88,6,bronze,0,0,0.0,0.13073
C006120,0,149.41,6,silver,1,0,0.0,-0.022568
C006121,6,95.28,4,silver,0,0,0.0,0.112372
C006122,7,238.79,7,silver,0,0,0.0,0.27539
C006123,5,176.83,5,bronze,1,0,0.0,0.062354
C006124,10,111.36,2,silver,0,0,0.0,-0.076246
C006125,6,48.77,6,silver,1,0,0.0,0.051615
C006126,10,67.22,3,bronze,1,0,0.0,-0.003323
C006127,5,148.14,3,silver,1,0,0.0,0.128345
C006128,7,58.74,5,silver,0,1,41.88,0.315906
C006129,7,130.11,3,gold,0,1,89.79,-0.210432
C006130,7,29.34,0,silver,1,0,0.0,-0.02217
C006131,12,127.53,6,bronze,0,0,0.0,0.111878
C006132,7,108.64,4,bronze,0,0,0.0,0.080552
C006133,6,119.82,3,gold,1,1,200.69,-0.287401
C006134,13,85.58,3,silver,0,0,0.0,0.0275
C006135,7,72.32,5,bronze,1,0,0.0,0.005634
C006136,14,0.0,4,silver,0,1,22.36,-0.021409
C006137,4,151.59,5,gold,0,0,0.0,-0.294761
C006138,8,148.65,1,silver,0,0,0.0,0.009932
C006139,8,48.94,6,gold,0,0,0.0,0.164964
C006140,4,189.67,5,silver,0,0,0.0,-0.009464
C006141,10,96.28,4,silver,1,0,0.0,-0.022968
C006142,3,172.35,3,gold,0,0,0.0,-0.174273
C006143,8,159.27,1,bronze,0,0,0.0,0.003447
C006144,12,181.65,4,gold,0,1,158.95,0.116729
C006145,8,138.68,3,bronze,0,0,0.0,0.061791
C006146,6,92.41,4,silver,0,0,0.0,0.008556
C006147,8,55.49,4,bronze,1,0,0.0,0.050822
C006148,11,77.83,3,bronze,0,0,0.0,0.04936
C006149,8,197.47,3,gold,0,1,98.2,-0.179766
C006150,4,73.8,0,gold,0,1,58.38,0.158978
C006151,4,150.09,2,bronze,0,0,0.0,-0.030491
C006152,9,68.83,5,silver,1,0,0.0,0.021437
C006153,5,137.08,2,bronze,1,1,161.15,-0.040176
C006154,11,177.3,5,bronze,0,0,0.0,0.153963
C006155,10,108.66,7,silver,1,1,89.4,0.030115
C006156,3,129.75,6,bronze,0,0,0.0,0.050273
C006157,6,143.35,2,gold,1,1,63.73,-0.042842
C006158,2,162.38,4,bronze,0,0,0.0,-0.00995
C006159,1,51.21,5,bronze,0,0,0.0,-0.015445
C006160,8,138.88,6,bronze,0,0,0.0,0.017845
C006161,7,162.09,3,silver,1,0,0.0,0.005476
C006162,4,21.55,0,gold,0,1,4.72,0.162818
C006163,8,162.51,6,silver,0,1,76.23,0.224128
C006164,1,199.2,7,gold,1,0,0.0,-0.026891
C006165,6,27.72,6,bronze,0,0,0.0,0.027857
C006166,8,186.3,5,bronze,1,0,0.0,0.09422
C006167,6,220.72,4,bronze,0,0,0.0,0.063426
C006168,7,23.03,5,silver,0,0,0.0,-0.033465
C006169,7,202.7,2,silver,0,0,0.0,-0.014136
C006170,8,124.93,7,gold,0,1,103.96,-0.020545
C006171,0,122.06,3,bronze,0,0,0.0,0.005042
C006172,3,130.98,3,silver,1,0,0.0,-0.130395
C006173,4,155.17,4,bronze,1,0,0.0,0.012599
C006174,4,0.0,7,bronze,0,0,0.0,-0.00924
C006175,8,183.13,3,gold,0,0,0.0,-0.078521
C006176,0,113.65,0,silver,0,0,0.0,-0.053622
C006177,7,137.71,4,bronze,1,1,17.7,0.102071
C006178,7,186.89,3,silver,1,0,0.0,0.346581
C006179,11,263.43,4,silver,0,0,0.0,-0.110834
C006180,5,148.58,5,silver,1,0,0.0,0.063296
C006181,4,177.19,5,silver,1,0,0.0,-0.029213
C006182,7,135.85,2,silver,0,1,24.56,-0.246237
C006183,5,153.1,4,silver,1,0,0.0,-0.113754
C006184,7,204.17,5,silver,1,0,0.0,0.385981
C006185,3,99.55,4,silver,0,0,0.0,-0.008865
C006186,6,199.29,3,silver,0,0,0.0,0.149243
C006187,6,182.83,2,silver,0,0,0.0,-0.07874
C006188,10,151.67,5,silver,1,0,0.0,0.041051
C006189,6,131.34,3,gold,1,1,124.94,0.18861
C006190,7,93.76,5,silver,1,0,0.0,-0.097764
C006191,7,128.26,8,silver,0,0,0.0,0.157954
C006192,7,102.75,2,bronze,0,0,0.0,-0.030762
C006193,2,231.42,2,silver,1,0,0.0,-0.025414
C006194,7,173.68,6,gold,1,0,0.0,0.083638
C006195,4,56.21,3,silver,0,0,0.0,0.073962
C006196,9,50.84,5,silver,1,0,0.0,0.160416
C006197,9,188.95,5,silver,1,0,0.0,0.171116
C006198,8,0.0,5,gold,0,1,82.27,0.078593
C006199,4,104.59,1,silver,0,0,0.0,-0.014404
C006200,7,177.39,4,silver,1,0,0.0,0.139806
C006201,11,93.11,3,bronze,0,0,0.0,0.087329
C006202,8,101.0,0,bronze,0,0,0.0,-0.004454
C006203,10,69.54,6,bronze,0,0,0.0,0.15029
C006204,6,113.6,5,silver,1,0,0.0,-0.003133
C006205,4,61.73,8,silver,0,0,0.0,-0.041552
C006206,9,168.36,2,gold,1,1,86.83,0.207871
C006207,0,22.09,5,silver,0,0,0.0,-0.029973
C006208,7,215.89,2,silver,0,0,0.0,0.032155
C006209,5,128.66,3,bronze,1,0,0.0,-0.086126
C006210,4,83.29,5,bronze,0,0,0.0,0.047563
C006211,3,190.52,4,gold,1,0,0.0,-0.128317
C006212,11,15.69,1,silver,0,0,0.0,-0.221585
C006213,8,71.51,7,bronze,0,0,0.0,0.027584
C006214,7,214.46,5,silver,0,0,0.0,-0.004255
C006215,14,134.79,3,silver,0,0,0.0,-0.207298
C006216,2,128.46,3,bronze,1,0,0.0,-0.016536
C006217,3,134.94,4,silver,0,0,0.0,-0.030747
C006218,0,225.63,4,silver,0,0,0.0,-0.024192
C006219,3,109.06,7,gold,0,0,0.0,0.064946
C006220,7,163.69,7,silver,1,0,0.0,-0.018497
C006221,6,71.49,2,silver,0,0,0.0,-0.006069
C006222,8,49.49,2,bronze,1,0,0.0,0.005537
C006223,7,159.62,4,silver,0,0,0.0,0.109756
C006224,6,27.93,6,bronze,1,0,0.0,0.034205
C006225,11,112.28,4,bronze,0,0,0.0,0.087051
C006226,7,56.49,3,gold,1,0,0.0,-0.046699
C006227,3,160.94,5,bronze,0,0,0.0,0.010162
C006228,6,0.0,3,silver,1,0,0.0,-0.032993
C006229,10,0.0,2,silver,0,0,0.0,-0.144015
C006230,6,184.38,3,silver,1,0,0.0,0.020612
C006231,7,102.68,7,gold,0,0,0.0,0.208081
C006232,0,253.86,7,gold,1,0,0.0,-0.051105
C006233,2,96.77,1,silver,1,0,0.0,-0.022163
C006234,6,120.65,6,silver,1,0,0.0,-0.106795
C006235,9,208.4,2,bronze,1,0,0.0,0.098256
C006236,1,58.57,3,silver,1,0,0.0,0.017538
C006237,2,238.28,4,silver,1,0,0.0,0.033623
C006238,4,60.83,6,gold,1,1,70.88,0.272716
C006239,7,82.99,2,silver,1,0,0.0,-0.090136
C006240,1,113.1,5,silver,0,0,0.0,-0.054216
C006241,3,181.83,6,bronze,1,0,0.0,0.027841
C006242,9,21.74,2,silver,0,0,0.0,-0.006295
C006243,0,109.05,6,silver,0,0,0.0,-0.052032
C006244,8,202.41,3,silver,1,0,0.0,-0.016963
C006245,11,30.14,4,gold,0,1,186.69,-0.180827
C006246,4,77.09,5,silver,1,0,0.0,-0.017497
C006247,13,154.65,4,bronze,1,0,0.0,0.070777
C006248,10,218.14,4,bronze,0,0,0.0,-0.014189
C006249,3,284.82,5,gold,0,1,128.09,0.414819
C006250,7,220.12,4,gold,0,0,0.0,0.060336
C006251,6,168.46,4,gold,0,0,0.0,-0.330182
C006252,12,99.5,3,silver,1,0,0.0,-0.006651
C006253,0,124.52,3,bronze,1,0,0.0,-0.008812
C006254,8,150.33,5,silver,1,0,0.0,0.163576
C006255,7,74.6,4,bronze,0,0,0.0,0.060441
C006256,10,49.99,6,silver,0,0,0.0,0.122081
C006257,9,22.1,2,bronze,0,0,0.0,0.008654
C006258,6,134.76,2,bronze,1,0,0.0,-0.008292
C006259,13,127.66,2,bronze,0,0,0.0,0.088464
C006260,4,135.22,3,silver,0,0,0.0,-0.009588
C006261,6,97.61,0,bronze,1,0,0.0,0.002797
C006262,6,172.82,1,silver,0,1,137.18,-0.023539
C006263,0,52.98,0,silver,0,1,104.19,-0.041872
C006264,5,137.83,5,silver,1,0,0.0,0.048032
C006265,3,64.3,3,silver,0,0,0.0,0.072877
C006266,4,112.08,5,silver,1,0,0.0,0.092709
C006267,6,171.07,3,bronze,1,0,0.0,0.069029
C006268,1,35.06,5,bronze,0,0,0.0,-0.033762
C006269,3,86.14,5,bronze,0,0,0.0,0.005312
C006270,6,113.29,6,silver,1,0,0.0,0.054649
C006271,5,51.87,8,gold,0,1,86.58,0.035966
C006272,11,0.0,6,bronze,1,0,0.0,0.025637
C006273,9,88.41,6,bronze,1,0,0.0,0.005611
C006274,11,151.57,3,silver,0,0,0.0,-0.166835
C006275,8,37.53,6,silver,0,0,0.0,-0.18283
C006276,8,78.82,3,silver,0,0,0.0,0.139089
C006277,11,176.55,3,bronze,1,0,0.0,0.013672
C006278,9,51.17,4,gold,0,0,0.0,-0.261095
C006279,14,161.63,0,silver,1,0,0.0,-0.032299
C006280,3,106.41,3,silver,0,0,0.0,-0.016072
C006281,4,73.68,5,silver,0,0,0.0,-0.04439
C006282,0,165.75,6,silver,1,0,0.0,-0.007885
C006283,6,110.22,6,silver,0,0,0.0,0.009442
C006284,5,0.0,1,silver,0,1,19.4,-0.057945
C006285,3,77.42,2,silver,1,0,0.0,-0.004436
C006286,2,170.8,3,silver,1,0,0.0,-0.057286
C006287,9,163.22,2,bronze,0,0,0.0,0.033365
C006288,5,225.46,2,bronze,1,0,0.0,-0.019144
C006289,10,66.09,3,silver,1,1,168.91,-0.080585
C006290,7,86.15,2,silver,0,1,54.7,0.477803
C006291,7,66.66,6,silver,0,1,112.69,-0.203251
C006292,8,143.17,7,silver,0,0,0.0,0.259508
C006293,6,61.76,3,gold,1,0,0.0,-0.137034
C006294,8,144.22,6,silver,1,0,0.0,0.055157
C006295,5,138.54,6,gold,0,0,0.0,0.155384
C006296,7,179.3,5,gold,0,0,0.0,-0.203438
C006297,11,73.85,4,bronze,0,0,0.0,0.038937
C006298,9,94.69,5,gold,1,0,0.0,0.194636
C006299,6,78.18,8,silver,0,0,0.0,0.020488
C006300,11,254.97,6,silver,1,1,219.28,0.271327
C006301,7,157.2,5,silver,1,0,0.0,-0.33235
C006302,4,156.51,4,silver,1,0,0.0,-0.00274
C006303,4,133.83,3,silver,1,0,0.0,-0.020748
C006304,6,125.71,3,gold,1,1,350.69,-0.102775
C006305,7,91.18,1,gold,1,0,0.0,0.090769
C006306,6,100.45,4,silver,1,0,0.0,0.00621
C006307,2,51.12,7,silver,0,0,0.0,0.046493
C006308,8,55.1,6,silver,0,0,0.0,-0.113864
C006309,11,228.15,4,bronze,1,0,0.0,0.131627
C006310,0,27.19,8,gold,1,0,0.0,-0.056393
C006311,7,96.03,6,silver,0,1,109.24,0.012435
C006312,5,106.16,5,bronze,1,0,0.0,0.041705
C006313,2,194.18,2,silver,0,0,0.0,-0.016833
C006314,1,78.68,7,bronze,0,0,0.0,0.00918
C006315,11,30.21,0,bronze,1,0,0.0,-0.056463
C006316,6,132.6,6,silver,0,0,0.0,0.093323
C006317,0,4.98,8,bronze,0,0,0.0,-0.017118
C006318,6,179.24,7,gold,0,1,69.15,-0.115342
C006319,9,91.03,5,silver,0,0,0.0,0.017177
C006320,4,124.25,4,gold,1,0,0.0,0.038749
C006321,6,141.76,3,silver,0,0,0.0,0.045015
C006322,5,82.91,4,silver,1,0,0.0,0.02904
C006323,11,110.52,5,bronze,0,0,0.0,0.05283
C006324,6,77.93,5,gold,0,1,7.11,0.031599
C006325,8,128.47,4,bronze,1,1,44.69,0.037378
C006326,0,117.39,3,gold,0,0,0.0,-0.107449
C006327,4,111.62,5,silver,0,0,0.0,-0.016856
C006328,6,147.69,4,gold,0,0,0.0,-0.230424
C006329,0,78.43,6,bronze,1,0,0.0,0.003061
C006330,7,141.0,5,bronze,0,0,0.0,0.022465
C006331,5,105.2,6,bronze,0,0,0.0,0.081731
C006332,10,91.5,4,bronze,1,0,0.0,0.013926
C006333,1,161.79,4,silver,1,0,0.0,0.041292
C006334,5,68.67,3,bronze,0,0,0.0,0.008836
C006335,3,175.29,2,bronze,1,0,0.0,-0.004653
C006336,2,123.7,5,silver,1,0,0.0,-0.054617
C006337,9,222.35,5,gold,1,0,0.0,0.349932
C006338,3,81.68,3,silver,0,0,0.0,0.034755
C006339,8,134.96,3,gold,1,1,93.56,-0.046746
C006340,6,156.45,4,silver,1,0,0.0,-0.007141
C006341,5,164.51,8,bronze,1,0,0.0,0.059492
C006342,6,133.42,8,bronze,1,0,0.0,0.104317
C006343,8,75.85,3,silver,1,0,0.0,-0.047351
C006344,7,93.96,7,silver,0,0,0.0,-0.106198
C006345,5,193.47,3,gold,0,1,148.71,0.183657
C006346,10,35.3,2,bronze,0,0,0.0,0.01654
C006347,1,87.18,2,gold,0,0,0.0,-0.389969
C006348,8,208.86,0,gold,1,0,0.0,-0.289077
C006349,6,128.5,1,bronze,0,0,0.0,-0.005567
C006350,2,220.88,5,bronze,0,0,0.0,0.011713
C006351,4,162.46,4,bronze,0,0,0.0,0.053353
C006352,9,144.31,6,gold,0,0,0.0,0.144902
C006353,11,170.21,6,silver,1,0,0.0,-0.297061
C006354,3,270.97,4,silver,0,0,0.0,-0.024654
C006355,3,92.25,7,silver,0,0,0.0,0.034923
C006356,10,89.12,4,silver,0,0,0.0,0.042014
C006357,8,63.32,3,silver,1,0,0.0,0.098565
C006358,4,295.6,5,silver,0,0,0.0,0.116079
C006359,9,81.12,7,silver,1,0,0.0,-0.072487
C006360,7,176.37,3,bronze,0,0,0.0,0.025566
C006361,7,254.87,6,gold,1,0,0.0,0.368347
C006362,5,97.0,3,gold,0,0,0.0,0.117079
C006363,8,1.78,3,gold,0,0,0.0,-0.234477
C006364,5,219.42,6,bronze,1,0,0.0,0.196474
C006365,6,164.64,4,bronze,0,0,0.0,0.03993
C006366,2,19.47,4,silver,0,0,0.0,-0.039828
C006367,7,50.96,6,bronze,1,0,0.0,0.05792
C006368,8,129.04,4,silver,0,0,0.0,0.197876
C006369,5,117.63,5,silver,0,0,0.0,0.059367
C006370,14,77.87,5,silver,1,1,135.23,0.146576
C006371,5,70.85,2,gold,1,0,0.0,-0.038687
C006372,4,59.5,2,gold,0,0,0.0,0.118632
C006373,9,115.05,5,silver,1,0,0.0,0.135448
C006374,7,121.55,3,silver,0,0,0.0,0.014043
C006375,8,49.7,2,bronze,1,0,0.0,-0.029878
C006376,8,170.75,3,gold,0,1,40.09,0.017047
C006377,7,94.39,2,silver,1,0,0.0,-0.072019
C006378,9,46.31,5,silver,1,0,0.0,0.096834
C006379,0,213.35,3,gold,1,1,216.37,0.165292
C006380,6,105.18,4,silver,0,1,116.08,0.033995
C006381,0,46.64,4,bronze,0,0,0.0,-0.009882
C006382,4,100.62,4,silver,0,0,0.0,0.020025
C006383,12,154.59,6,bronze,0,0,0.0,0.216437
C006384,9,66.37,0,gold,0,1,59.74,0.014997
C006385,7,162.97,2,silver,0,1,39.54,0.141981
C006386,6,47.96,2,gold,1,1,113.8,-0.053131
C006387,7,164.81,5,bronze,1,0,0.0,0.035378
C006388,8,98.61,3,gold,1,1,28.13,0.00058
C006389,2,84.31,8,silver,0,0,0.0,-0.092744
C006390,7,141.28,5,silver,0,0,0.0,0.031958
C006391,6,178.12,3,gold,1,1,75.93,0.410575
C006392,2,56.35,2,bronze,0,0,0.0,-0.05906
C006393,6,0.0,1,silver,1,0,0.0,-0.002514
C006394,7,177.27,3,silver,1,1,175.47,-0.070441
C006395,7,96.0,3,gold,1,0,0.0,0.347925
C006396,9,105.45,0,silver,1,0,0.0,-0.027098
C006397,6,93.53,1,silver,0,0,0.0,-0.018029
C006398,0,0.0,6,gold,0,0,0.0,-0.1693
C006399,6,194.79,9,silver,0,0,0.0,0.068206
C006400,6,199.99,3,bronze,1,1,66.89,0.01064
C006401,3,114.79,8,bronze,0,0,0.0,0.001419
C006402,9,120.4,6,gold,0,1,42.78,0.059285
C006403,2,52.87,5,silver,0,0,0.0,-0.010852
C006404,6,232.83,3,bronze,0,0,0.0,0.052662
C006405,9,60.53,4,bronze,0,0,0.0,0.008944
C006406,8,109.49,8,gold,0,0,0.0,0.200806
C006407,5,175.46,6,silver,1,0,0.0,0.149316
C006408,10,103.2,4,silver,0,0,0.0,0.051297
C006409,2,305.01,4,silver,0,0,0.0,-0.059996
C006410,9,183.63,4,silver,1,1,35.82,0.03947
C006411,3,108.39,6,silver,0,0,0.0,-0.145355
C006412,9,107.37,6,silver,1,0,0.0,0.064087
C006413,6,12.55,4,silver,0,0,0.0,-0.171788
C006414,1,191.87,3,gold,0,0,0.0,-0.254573
C006415,5,178.06,4,gold,0,1,268.76,0.165203
C006416,9,229.14,6,silver,0,1,120.83,0.208625
C006417,2,194.84,6,silver,0,0,0.0,-0.149383
C006418,8,86.88,5,bronze,0,0,0.0,0.063356
C006419,10,0.0,3,bronze,0,0,0.0,0.012196
C006420,9,171.09,5,silver,0,0,0.0,0.367972
C006421,14,148.12,5,bronze,1,0,0.0,0.097589
C006422,5,52.94,0,silver,1,0,0.0,-0.05797
C006423,4,50.55,2,bronze,0,0,0.0,-0.032742
C006424,7,5.54,0,bronze,1,0,0.0,-0.047321
C006425,5,30.65,2,silver,0,0,0.0,-0.033626
C006426,4,81.38,5,gold,1,1,271.64,-0.401857
C006427,5,146.13,4,silver,0,0,0.0,0.009962
C006428,8,78.07,3,bronze,0,0,0.0,0.008123
C006429,8,108.76,7,bronze,0,0,0.0,0.068671
C006430,10,115.94,3,silver,0,0,0.0,0.011076
C006431,11,43.6,1,silver,0,0,0.0,-0.054399
C006432,11,209.76,6,bronze,1,0,0.0,0.123496
C006433,13,0.0,7,silver,1,1,156.35,0.049229
C006434,8,164.01,4,gold,1,1,131.31,0.006492
C006435,1,163.52,5,silver,0,0,0.0,-0.080025
C006436,6,134.03,6,silver,1,1,130.36,0.112731
C006437,3,154.22,5,bronze,1,0,0.0,0.0076
C006438,7,170.27,6,bronze,1,1,78.69,0.021365
C006439,6,206.35,3,silver,1,0,0.0,0.189228
C006440,8,187.06,4,bronze,1,0,0.0,0.092216
C006441,9,149.92,6,silver,0,0,0.0,0.081496
C006442,4,181.62,7,bronze,1,0,0.0,0.052056
C006443,4,106.17,6,bronze,1,0,0.0,0.034509
C006444,11,147.83,9,gold,0,1,161.41,0.102265
C006445,6,117.3,5,bronze,1,0,0.0,-0.030374
C006446,7,143.95,6,gold,0,1,332.12,0.137568
C006447,5,3.07,2,bronze,0,0,0.0,-0.010756
C006448,7,142.33,5,silver,1,0,0.0,0.042074
C006449,6,117.39,4,gold,0,0,0.0,0.067052
C006450,11,164.55,3,silver,1,0,0.0,0.143913
C006451,7,28.32,0,gold,1,1,113.74,0.174544
C006452,5,158.96,3,bronze,0,0,0.0,0.032123
C006453,13,16.83,3,silver,0,0,0.0,0.006858
C006454,5,136.34,7,silver,0,0,0.0,-0.032273
C006455,5,235.23,6,bronze,1,0,0.0,0.003292
C006456,7,124.72,6,gold,1,1,67.85,0.008272
C006457,5,207.01,8,silver,0,0,0.0,0.087774
C006458,6,204.86,6,gold,1,1,147.36,-0.111556
C006459,4,225.2,2,bronze,1,0,0.0,-0.00991
C006460,7,98.79,3,silver,0,0,0.0,0.052074
C006461,3,113.96,3,gold,1,0,0.0,0.23875
C006462,4,237.88,2,gold,1,1,226.64,0.173405
C006463,6,193.46,2,gold,1,1,34.81,0.001373
C006464,2,142.72,7,gold,0,0,0.0,0.052834
C006465,8,43.49,5,silver,0,0,0.0,-0.078291
C006466,9,122.35,3,silver,1,0,0.0,0.212899
C006467,5,203.07,4,bronze,0,0,0.0,0.066976
C006468,3,104.03,7,silver,0,0,0.0,0.03156
C006469,3,73.54,7,gold,0,0,0.0,0.151779
C006470,11,91.29,5,bronze,1,0,0.0,0.037789
C006471,4,0.0,0,bronze,1,0,0.0,-0.022992
C006472,6,218.55,5,silver,0,0,0.0,-0.024807
C006473,6,205.18,8,silver,0,0,0.0,-0.006831
C006474,5,119.22,5,silver,1,0,0.0,0.125421
C006475,6,212.54,5,silver,0,0,0.0,-0.02731
C006476,2,175.64,6,silver,1,0,0.0,-0.083221
C006477,9,116.87,0,silver,0,0,0.0,-0.080244
C006478,4,133.71,0,silver,1,0,0.0,-0.052516
C006479,3,50.77,0,bronze,0,0,0.0,-0.003139
C006480,6,101.86,5,silver,1,0,0.0,-0.004453
C006481,5,120.53,3,silver,1,1,70.21,0.078231
C006482,2,129.45,7,silver,1,0,0.0,0.00942
C006483,2,138.18,1,silver,1,0,0.0,-0.095002
C006484,11,0.0,2,bronze,0,1,18.56,0.005223
C006485,6,12.64,3,gold,1,0,0.0,-0.015649
C006486,7,43.4,4,silver,1,0,0.0,0.244316
C006487,2,145.97,3,bronze,1,0,0.0,0.000496
C006488,9,135.81,4,silver,1,0,0.0,0.083648
C006489,4,134.91,2,silver,1,0,0.0,0.001548
C006490,7,169.97,5,bronze,0,1,10.05,0.063951
C006491,8,180.27,8,silver,0,0,0.0,0.101257
C006492,6,121.59,2,silver,0,0,0.0,-0.09711
C006493,5,201.86,7,silver,1,0,0.0,-0.006826
C006494,5,213.16,4,silver,1,0,0.0,0.175626
C006495,6,222.53,4,silver,1,1,34.72,0.160369
C006496,7,135.37,3,silver,1,0,0.0,0.162504
C006497,6,205.18,7,silver,1,0,0.0,0.02428
C006498,5,149.92,2,bronze,0,0,0.0,-0.009561
C006499,0,137.57,1,bronze,1,0,0.0,-0.011986
C006500,9,48.32,5,silver,1,0,0.0,-0.215609
C006501,7,83.94,4,bronze,1,0,0.0,0.074207
C006502,2,100.78,3,gold,0,0,0.0,-0.026974
C006503,5,9.17,4,silver,1,0,0.0,0.055001
C006504,9,90.57,2,bronze,0,0,0.0,0.021108
C006505,9,72.81,2,silver,1,1,167.3,-0.131518
C006506,6,135.85,3,silver,1,0,0.0,0.092906
C006507,5,86.28,2,silver,0,0,0.0,-0.043278
C006508,12,189.75,7,bronze,1,0,0.0,0.068606
C006509,6,194.18,6,gold,0,0,0.0,0.044691
C006510,6,173.3,3,silver,1,0,0.0,0.36432
C006511,10,25.88,3,silver,1,0,0.0,0.070787
C006512,4,273.01,8,silver,1,0,0.0,-0.095079
C006513,2,135.14,3,gold,1,0,0.0,-0.101385
C006514,4,72.82,3,silver,1,0,0.0,0.038955
C006515,7,148.08,3,silver,0,0,0.0,0.066557
C006516,5,73.15,7,silver,1,0,0.0,0.038909
C006517,8,181.82,5,gold,0,1,97.96,-0.048748
C006518,9,72.48,8,silver,1,1,61.75,0.171599
C006519,11,108.25,5,gold,1,0,0.0,-0.14504
C006520,1,180.22,3,silver,1,0,0.0,-0.005165
C006521,10,166.29,5,bronze,0,0,0.0,0.210803
C006522,1,0.0,4,silver,1,0,0.0,-0.018318
C006523,9,49.62,3,silver,1,1,101.9,0.130597
C006524,4,161.28,8,gold,1,0,0.0,-0.196045
C006525,5,40.36,2,silver,1,0,0.0,0.08026
C006526,8,170.43,0,gold,0,1,424.78,0.135843
C006527,6,43.45,4,bronze,0,0,0.0,-0.005985
C006528,5,122.47,2,silver,0,0,0.0,0.124298
C006529,9,112.0,7,gold,1,1,123.21,0.028778
C006530,5,149.38,5,bronze,1,0,0.0,0.026468
C006531,3,279.97,4,silver,1,1,63.47,-0.010856
C006532,4,176.57,4,silver,1,0,0.0,0.037249
C006533,2,154.08,7,silver,1,1,114.11,0.011032
C006534,7,83.78,5,silver,1,0,0.0,-0.132861
C006535,9,131.4,5,bronze,0,0,0.0,0.092374
C006536,8,163.46,4,bronze,1,0,0.0,0.087036
C006537,6,162.8,1,bronze,1,0,0.0,-0.009542
C006538,7,194.51,1,bronze,0,0,0.0,-0.032951
C006539,9,128.47,4,bronze,1,0,0.0,-0.005346
C006540,8,158.24,6,silver,1,0,0.0,0.235147
C006541,4,147.42,5,silver,1,0,0.0,0.107536
C006542,7,59.51,2,gold,0,1,79.85,0.044348
C006543,3,141.65,4,bronze,0,0,0.0,0.019289
C006544,12,248.68,7,gold,0,1,112.08,0.031289
C006545,9,163.64,5,silver,0,1,64.81,0.019646
C006546,4,156.79,4,gold,0,0,0.0,-0.061283
C006547,3,80.42,5,silver,0,0,0.0,-0.062689
C006548,3,52.02,5,bronze,0,0,0.0,0.052718
C006549,7,64.12,5,silver,0,0,0.0,-0.005022
C006550,9,238.0,1,silver,0,0,0.0,0.062189
C006551,4,199.76,4,bronze,1,0,0.0,0.116925
C006552,6,78.24,2,silver,1,0,0.0,-0.027894
C006553,3,4.1,1,silver,1,0,0.0,-0.012624
C006554,5,48.61,3,silver,0,1,170.31,0.116668
C006555,0,25.49,6,gold,0,0,0.0,-0.299227
C006556,4,195.3,5,silver,0,0,0.0,0.131815
C006557,3,116.01,5,bronze,0,0,0.0,0.008376
C006558,0,56.3,1,bronze,0,0,0.0,-0.003035
C006559,6,62.59,3,bronze,1,0,0.0,0.055918
C006560,4,99.87,4,bronze,0,0,0.0,0.022014
C006561,4,79.05,5,silver,0,0,0.0,0.027163
C006562,5,103.8,4,gold,0,0,0.0,0.083051
C006563,3,135.23,5,silver,0,0,0.0,-0.171127
C006564,11,248.44,1,silver,1,0,0.0,0.016991
C006565,9,133.51,2,silver,1,0,0.0,-0.097488
C006566,1,228.57,9,silver,0,0,0.0,-0.18706
C006567,2,203.14,3,silver,1,0,0.0,-0.063874
C006568,8,94.31,5,gold,1,0,0.0,0.019536
C006569,3,143.08,5,gold,1,0,0.0,-0.045676
C006570,10,45.84,3,bronze,0,1,149.41,-0.029521
C006571,3,155.23,2,gold,0,0,0.0,-0.295143
C006572,6,156.49,5,silver,1,0,0.0,0.006299
C006573,8,347.51,6,silver,0,0,0.0,0.058265
C006574,6,59.34,1,silver,1,0,0.0,0.006093
C006575,3,159.72,3,silver,0,0,0.0,-0.027078
C006576,6,131.29,2,bronze,1,0,0.0,-0.048813
C006577,11,178.38,7,silver,0,0,0.0,0.248518
C006578,6,92.65,7,silver,0,0,0.0,0.028798
C006579,0,103.74,2,silver,0,0,0.0,-0.073367
C006580,7,222.3,3,bronze,0,0,0.0,0.040683
C006581,5,99.13,3,silver,0,1,33.47,-0.190916
C006582,9,0.0,2,bronze,1,0,0.0,0.070302
C006583,6,17.37,3,silver,0,0,0.0,-0.002738
C006584,6,169.05,5,silver,0,0,0.0,-0.014167
C006585,9,87.64,3,gold,0,1,190.78,-0.071923
C006586,5,67.29,6,silver,1,0,0.0,0.099511
C006587,10,97.78,3,bronze,0,0,0.0,0.13917
C006588,3,185.0,1,gold,0,1,79.76,-0.175575
C006589,3,206.51,3,gold,0,0,0.0,-0.136225
C006590,0,172.42,5,gold,0,1,36.15,-0.28074
C006591,1,182.85,4,bronze,0,0,0.0,0.007389
C006592,5,1.7,4,silver,0,0,0.0,0.093437
C006593,10,96.26,3,bronze,1,0,0.0,0.150189
C006594,5,101.92,2,bronze,0,0,0.0,-0.002749
C006595,5,60.57,6,silver,0,0,0.0,-0.00971
C006596,8,117.25,5,silver,0,1,93.73,0.019825
C006597,8,137.98,5,silver,1,0,0.0,0.143231
C006598,4,234.32,9,gold,1,0,0.0,0.183825
C006599,3,116.33,1,silver,1,0,0.0,-0.149433
C006600,9,184.7,8,gold,0,0,0.0,-0.060915
C006601,2,129.91,3,silver,0,1,8.06,-0.105071
C006602,7,129.49,5,silver,0,0,0.0,-0.15231
C006603,9,190.89,5,silver,1,0,0.0,0.050259
C006604,2,213.25,4,silver,1,0,0.0,-0.127102
C006605,11,23.99,4,gold,0,0,0.0,0.073863
C006606,7,122.23,6,silver,0,1,214.83,-0.005981
C006607,5,131.64,8,silver,1,0,0.0,-0.162793
C006608,11,155.32,6,bronze,0,0,0.0,0.151763
C006609,7,140.0,3,silver,1,0,0.0,0.017033
C006610,8,235.07,2,bronze,0,0,0.0,0.085447
C006611,7,190.97,4,gold,1,1,126.73,0.165435
C006612,3,247.57,5,bronze,0,0,0.0,0.047771
C006613,5,78.56,4,bronze,1,0,0.0,0.000955
C006614,7,106.01,5,bronze,0,0,0.0,0.019476
C006615,3,12.09,2,gold,1,1,61.05,-0.2407
C006616,11,140.5,2,bronze,1,0,0.0,0.011183
C006617,15,95.55,0,gold,1,0,0.0,-0.308373
C006618,7,103.14,4,bronze,0,0,0.0,0.115186
C006619,7,54.25,4,silver,0,0,0.0,0.042743
C006620,4,119.39,2,silver,0,0,0.0,-0.128512
C006621,10,0.0,1,silver,1,0,0.0,-0.145689
C006622,6,127.78,5,bronze,1,0,0.0,0.035921
C006623,7,164.79,8,bronze,0,0,0.0,0.045822
C006624,11,17.29,5,bronze,0,0,0.0,0.07876
C006625,5,146.37,7,silver,0,1,103.8,0.166252
C006626,2,108.13,5,silver,0,0,0.0,0.038962
C006627,9,192.23,7,silver,0,0,0.0,0.11541
C006628,9,155.66,3,bronze,0,0,0.0,0.043079
C006629,7,149.03,3,silver,0,0,0.0,0.275878
C006630,7,80.27,8,silver,0,0,0.0,0.124447
C006631,5,156.88,5,gold,0,0,0.0,0.293715
C006632,5,41.19,4,silver,1,0,0.0,0.020207
C006633,1,204.99,8,silver,0,0,0.0,-0.041197
C006634,4,149.58,4,bronze,1,0,0.0,0.023795
C006635,7,79.87,3,silver,1,0,0.0,0.421503
C006636,6,116.92,7,gold,0,1,119.66,0.277165
C006637,2,138.88,2,silver,1,0,0.0,-0.031102
C006638,2,173.4,3,bronze,0,0,0.0,0.044152
C006639,7,62.01,6,bronze,0,0,0.0,0.025766
C006640,6,160.98,5,gold,0,0,0.0,-0.196446
C006641,0,56.02,3,gold,0,0,0.0,-0.212024
C006642,6,238.48,5,bronze,0,0,0.0,0.095723
C006643,0,75.42,5,bronze,1,0,0.0,-0.002293
C006644,7,112.65,2,bronze,0,0,0.0,0.076222
C006645,2,286.16,3,gold,0,0,0.0,-0.176149
C006646,5,103.68,3,bronze,0,1,193.59,0.031261
C006647,8,235.42,3,bronze,1,0,0.0,0.02733
C006648,10,101.48,3,bronze,1,0,0.0,0.003836
C006649,6,124.03,2,bronze,0,0,0.0,-0.033282
C006650,6,0.0,0,silver,0,0,0.0,0.043894
C006651,3,103.23,6,bronze,1,0,0.0,-0.00229
C006652,6,72.29,5,silver,1,0,0.0,-0.107711
C006653,2,20.89,7,bronze,1,0,0.0,-0.001071
C006654,9,156.63,5,silver,0,0,0.0,0.065766
C006655,4,76.34,2,bronze,0,0,0.0,-0.00054
C006656,10,123.38,4,silver,0,0,0.0,0.03806
C006657,11,166.74,2,silver,0,0,0.0,0.113877
C006658,4,296.11,4,gold,0,1,154.63,-0.090075
C006659,12,81.36,5,bronze,1,0,0.0,0.153598
C006660,11,129.32,8,silver,0,0,0.0,0.185333
C006661,2,68.55,3,bronze,1,0,0.0,0.038514
C006662,13,172.47,4,silver,0,0,0.0,0.089469
C006663,9,46.07,1,gold,0,0,0.0,0.044297
C006664,12,104.85,0,silver,1,0,0.0,-0.095458
C006665,14,0.0,3,gold,1,1,106.5,0.022645
C006666,11,127.02,6,silver,0,0,0.0,0.160632
C006667,2,181.59,4,bronze,0,0,0.0,0.004049
C006668,10,158.77,5,bronze,1,0,0.0,0.162134
C006669,4,62.74,6,silver,1,0,0.0,0.126961
C006670,0,107.56,5,gold,0,0,0.0,-0.304378
C006671,8,132.02,1,silver,1,0,0.0,-0.03986
C006672,7,136.9,6,silver,1,0,0.0,-0.015049
C006673,8,83.8,2,gold,0,1,43.46,0.123978
C006674,7,77.17,5,bronze,1,1,83.71,0.037737
C006675,12,244.71,7,silver,0,0,0.0,-0.108703
C006676,7,85.43,3,bronze,0,0,0.0,0.1226
C006677,6,116.05,7,gold,0,0,0.0,0.108603
C006678,1,164.25,4,bronze,0,0,0.0,-0.007473
C006679,5,100.57,4,bronze,0,0,0.0,0.003461
C006680,5,172.02,3,gold,1,1,15.72,0.059832
C006681,7,116.36,3,silver,1,1,461.22,0.11913
C006682,7,200.35,5,silver,1,0,0.0,0.108173
C006683,6,101.69,3,silver,1,1,31.37,0.156176
C006684,3,192.27,4,silver,1,0,0.0,0.015881
C006685,7,88.29,6,silver,0,0,0.0,-0.092806
C006686,4,0.0,4,bronze,1,0,0.0,0.001194
C006687,9,98.85,2,bronze,0,0,0.0,0.033343
C006688,5,29.08,5,silver,0,0,0.0,-0.019325
C006689,5,55.92,5,silver,0,0,0.0,-0.08898
C006690,5,228.14,5,bronze,1,0,0.0,0.256958
C006691,2,119.9,1,gold,1,1,43.48,-0.146192
C006692,6,191.08,5,gold,0,0,0.0,0.25406
C006693,8,151.45,3,bronze,1,0,0.0,0.083545
C006694,12,159.33,6,gold,0,0,0.0,0.167104
C006695,8,79.85,0,bronze,0,0,0.0,0.000215
C006696,10,135.81,2,silver,0,0,0.0,-0.019316
C006697,4,159.66,3,gold,0,0,0.0,0.01984
C006698,7,102.67,3,silver,0,0,0.0,0.039846
C006699,5,54.04,0,gold,0,1,217.59,0.229358
C006700,10,143.91,2,gold,1,1,84.22,0.076605
C006701,11,120.86,5,silver,1,0,0.0,0.191534
C006702,7,86.91,5,silver,1,0,0.0,0.190842
C006703,2,107.0,5,silver,0,0,0.0,0.016819
C006704,2,102.69,6,silver,1,0,0.0,0.037069
C006705,5,6.56,4,silver,1,0,0.0,-0.023168
C006706,6,104.23,3,bronze,0,0,0.0,0.040924
C006707,5,99.23,6,silver,1,0,0.0,0.170835
C006708,6,85.38,0,silver,1,0,0.0,-0.017233
C006709,6,265.75,1,silver,1,0,0.0,0.015722
C006710,4,76.03,4,silver,0,0,0.0,-0.063256
C006711,8,252.35,4,silver,1,1,48.93,-0.075308
C006712,6,125.61,4,bronze,1,0,0.0,0.024522
C006713,5,193.3,9,bronze,0,0,0.0,0.04149
C006714,4,55.2,4,bronze,0,0,0.0,0.004276
C006715,5,273.89,3,bronze,0,0,0.0,0.02524
C006716,6,135.6,2,silver,1,0,0.0,0.056952
C006717,10,194.03,7,bronze,0,0,0.0,0.18503
C006718,2,59.34,4,gold,0,0,0.0,0.033243
C006719,4,133.98,4,silver,1,1,246.71,0.064329
C006720,4,70.27,7,bronze,1,1,18.56,-0.005871
C006721,8,69.17,8,silver,1,1,44.93,0.107112
C006722,9,0.0,4,silver,1,1,121.64,0.036447
C006723,8,103.92,4,silver,1,0,0.0,0.068298
C006724,6,40.98,3,silver,1,1,260.45,0.108502
C006725,5,192.8,0,bronze,0,0,0.0,-0.000429
C006726,6,168.05,8,gold,1,1,45.26,0.233267
C006727,7,80.27,1,silver,0,0,0.0,-0.069972
C006728,0,156.57,4,silver,0,0,0.0,-0.02093
C006729,8,134.92,6,silver,1,0,0.0,-0.130832
C006730,7,120.78,5,bronze,0,0,0.0,0.028952
C006731,6,162.22,4,silver,1,0,0.0,0.10567
C006732,8,31.67,3,silver,1,0,0.0,-0.099224
C006733,4,141.79,6,bronze,0,0,0.0,0.081124
C006734,8,95.02,2,gold,0,1,145.64,-0.088634
C006735,2,97.18,4,silver,1,0,0.0,-0.069543
C006736,4,28.09,7,silver,0,1,58.33,0.024575
C006737,0,79.63,6,gold,0,0,0.0,-0.136732
C006738,0,141.12,6,gold,1,0,0.0,-0.091223
C006739,5,114.44,3,silver,1,0,0.0,0.022673
C006740,7,184.69,5,silver,0,0,0.0,0.10844
C006741,4,179.29,5,bronze,1,0,0.0,0.011631
C006742,6,74.32,4,bronze,1,0,0.0,0.012166
C006743,8,169.19,4,silver,1,1,134.72,0.095652
C006744,2,53.18,4,silver,1,0,0.0,-0.056261
C006745,7,184.49,2,silver,1,0,0.0,0.086413
C006746,4,211.63,7,gold,1,0,0.0,0.096601
C006747,5,10.13,6,silver,0,0,0.0,0.061515
C006748,5,120.77,0,bronze,1,0,0.0,0.012955
C006749,8,164.19,5,silver,0,0,0.0,0.109759
C006750,11,187.22,6,silver,0,1,37.41,-0.000641
C006751,6,93.63,3,silver,1,0,0.0,-0.100013
C006752,5,137.38,7,bronze,1,0,0.0,0.016476
C006753,5,223.05,4,silver,0,1,35.91,-0.053195
C006754,7,63.59,5,silver,0,1,153.64,0.073113
C006755,8,151.49,6,silver,1,0,0.0,0.01223
C006756,2,90.18,4,silver,1,0,0.0,-0.019045
C006757,8,153.81,0,silver,1,0,0.0,0.02774
C006758,1,136.91,4,silver,0,0,0.0,-0.099073
C006759,9,171.97,2,silver,0,0,0.0,0.068782
C006760,10,217.17,6,silver,0,0,0.0,0.072922
C006761,3,175.51,4,silver,0,1,64.93,-0.031614
C006762,9,186.47,3,bronze,0,0,0.0,0.144753
C006763,10,85.01,5,silver,0,0,0.0,-0.285943
C006764,5,105.07,8,silver,1,0,0.0,-0.215286
C006765,3,25.47,8,bronze,1,0,0.0,0.045998
C006766,1,122.9,4,silver,1,0,0.0,-0.076009
C006767,12,15.5,5,bronze,0,0,0.0,0.04667
C006768,2,123.59,1,silver,0,0,0.0,-0.006885
C006769,9,44.26,3,silver,0,0,0.0,0.191641
C006770,6,131.55,4,gold,1,0,0.0,-0.037511
C006771,11,0.0,3,silver,1,0,0.0,-0.016223
C006772,2,193.45,5,bronze,0,0,0.0,-0.023974
C006773,9,188.13,4,silver,0,0,0.0,0.187554
C006774,9,117.96,6,silver,1,0,0.0,0.005251
C006775,4,64.05,6,bronze,0,0,0.0,0.013224
C006776,4,93.19,5,gold,1,0,0.0,-0.037866
C006777,8,92.86,0,bronze,0,0,0.0,0.021289
C006778,2,201.45,2,silver,0,1,37.69,0.036013
C006779,3,20.86,4,silver,0,0,0.0,-0.163398
C006780,9,170.43,4,silver,0,1,94.23,0.282198
C006781,7,84.95,2,bronze,1,0,0.0,0.043923
C006782,8,75.82,6,gold,0,1,140.09,0.214661
C006783,5,122.16,6,silver,0,0,0.0,-0.089544
C006784,6,165.65,3,silver,1,1,176.31,0.23921
C006785,9,106.69,2,silver,1,0,0.0,0.061404
C006786,10,226.32,3,silver,0,0,0.0,0.292486
C006787,1,104.77,0,bronze,0,0,0.0,-0.003098
C006788,5,204.02,5,silver,0,0,0.0,0.044195
C006789,8,50.46,2,gold,1,0,0.0,0.023068
C006790,3,73.33,5,silver,0,0,0.0,-0.097647
C006791,5,9.97,3,bronze,0,0,0.0,-0.008925
C006792,11,1.26,7,bronze,1,1,256.29,0.033835
C006793,1,0.0,4,silver,0,0,0.0,-0.0471
C006794,1,209.64,4,gold,1,0,0.0,0.131648
C006795,11,143.5,5,silver,0,1,82.68,0.134243
C006796,9,126.96,2,silver,1,0,0.0,-0.163791
C006797,5,81.29,5,silver,0,1,102.28,0.06625
C006798,8,76.81,0,gold,1,0,0.0,-0.104108
C006799,7,253.36,2,silver,0,0,0.0,0.19685
C006800,9,112.55,4,gold,1,1,46.21,0.089893
C006801,1,140.34,4,silver,1,0,0.0,-0.025028
C006802,3,70.85,0,silver,0,0,0.0,-0.02777
C006803,9,60.38,5,gold,0,0,0.0,-0.019226
C006804,9,129.82,6,bronze,1,0,0.0,0.113461
C006805,2,136.48,2,bronze,0,0,0.0,-0.018685
C006806,8,178.8,4,silver,1,0,0.0,0.110329
C006807,9,69.42,1,gold,1,0,0.0,0.083101
C006808,5,72.88,7,silver,1,0,0.0,0.145282
C006809,8,109.06,6,silver,0,0,0.0,0.07463
C006810,4,156.88,4,silver,0,0,0.0,0.102962
C006811,12,25.91,6,silver,0,0,0.0,-0.05791
C006812,4,120.67,3,silver,1,0,0.0,-0.017484
C006813,6,164.23,3,silver,1,0,0.0,-0.029872
C006814,8,27.06,3,gold,1,1,52.39,0.328939
C006815,8,83.44,7,silver,0,0,0.0,-0.063852
C006816,6,183.08,3,bronze,1,1,44.1,0.051832
C006817,8,125.28,3,gold,0,0,0.0,0.110666
C006818,5,91.13,4,bronze,1,0,0.0,0.006831
C006819,0,132.16,2,silver,0,0,0.0,-0.068637
C006820,5,38.22,7,gold,1,0,0.0,-0.113109
C006821,4,98.3,3,bronze,0,0,0.0,0.004324
C006822,4,62.63,3,silver,1,0,0.0,-0.004018
C006823,4,18.32,7,bronze,0,0,0.0,-0.003195
C006824,9,183.86,0,bronze,1,0,0.0,0.011898
C006825,6,238.48,4,gold,1,0,0.0,-0.112854
C006826,6,109.08,3,silver,1,0,0.0,0.016603
C006827,8,334.62,3,silver,1,1,51.21,0.299719
C006828,0,82.96,6,silver,1,0,0.0,-0.071362
C006829,8,196.6,4,silver,0,0,0.0,0.390705
C006830,6,245.14,6,silver,0,0,0.0,0.091971
C006831,10,190.05,7,silver,0,1,28.39,0.191898
C006832,7,31.55,6,silver,1,0,0.0,0.133055
C006833,3,221.49,5,gold,1,0,0.0,-0.033202
C006834,6,69.78,3,gold,0,0,0.0,-0.176447
C006835,5,17.8,4,gold,0,1,46.39,0.005507
C006836,6,196.02,2,gold,0,1,114.97,0.172422
C006837,5,130.37,3,silver,1,1,292.85,0.13662
C006838,2,0.0,3,silver,0,0,0.0,-0.059564
C006839,4,134.23,5,silver,1,0,0.0,0.035968
C006840,10,116.07,5,silver,1,0,0.0,0.022552
C006841,9,130.66,3,silver,1,0,0.0,0.030895
C006842,13,120.62,5,silver,1,1,88.29,0.192492
C006843,6,215.99,6,bronze,0,0,0.0,0.08279
C006844,4,79.05,1,silver,0,0,0.0,0.021851
C006845,2,186.0,2,bronze,0,0,0.0,0.027515
C006846,7,131.13,6,silver,1,0,0.0,0.011742
C006847,7,146.43,3,silver,1,0,0.0,0.023422
C006848,6,206.0,3,silver,1,1,29.07,0.078042
C006849,5,130.59,7,gold,1,0,0.0,0.463972
C006850,4,123.08,4,bronze,0,0,0.0,-0.009876
C006851,4,3.07,5,gold,0,0,0.0,0.052438
C006852,9,0.0,1,bronze,0,0,0.0,0.011096
C006853,7,132.26,4,silver,1,0,0.0,0.127602
C006854,5,154.91,4,bronze,0,0,0.0,0.013923
C006855,7,215.72,8,gold,0,1,89.43,0.120332
C006856,7,153.68,6,silver,1,1,212.11,0.166012
C006857,6,101.28,4,silver,1,0,0.0,0.050796
C006858,1,134.25,2,gold,0,0,0.0,-0.603656
C006859,8,128.17,3,silver,0,0,0.0,0.068397
C006860,7,181.49,2,silver,1,0,0.0,0.035404
C006861,4,55.9,0,silver,0,0,0.0,-0.219814
C006862,1,117.53,5,gold,0,1,172.61,-0.04943
C006863,8,0.0,4,bronze,1,0,0.0,0.034504
C006864,10,23.13,0,gold,0,0,0.0,-0.011939
C006865,13,193.94,1,silver,1,0,0.0,-0.126571
C006866,8,108.65,7,silver,1,0,0.0,0.100128
C006867,0,163.22,3,silver,0,0,0.0,-0.020916
C006868,9,84.11,4,silver,1,0,0.0,0.135613
C006869,7,206.77,3,silver,0,1,149.98,0.120036
C006870,6,235.93,4,bronze,0,0,0.0,0.019753
C006871,3,180.27,5,gold,1,0,0.0,-0.077558
C006872,12,191.58,4,silver,0,0,0.0,0.139437
C006873,7,65.14,6,silver,0,0,0.0,0.040344
C006874,4,170.27,5,silver,0,0,0.0,0.011458
C006875,6,118.43,7,bronze,1,0,0.0,0.02414
C006876,5,138.92,4,bronze,0,0,0.0,-0.002553
C006877,12,113.01,6,silver,0,0,0.0,-0.013716
C006878,9,154.12,4,bronze,0,0,0.0,0.030795
C006879,3,79.94,6,silver,0,0,0.0,-0.002761
C006880,5,70.14,3,bronze,0,0,0.0,0.01214
C006881,8,8.02,2,silver,1,0,0.0,-0.089403
C006882,6,148.83,6,bronze,0,0,0.0,0.057113
C006883,8,168.97,5,bronze,0,0,0.0,0.046627
C006884,8,138.3,2,silver,1,0,0.0,-0.096569
C006885,11,89.95,5,bronze,1,0,0.0,0.03846
C006886,3,161.35,3,silver,1,0,0.0,-0.214613
C006887,0,129.13,5,silver,0,1,104.22,-0.007166
C006888,13,139.05,4,gold,1,1,110.88,0.137464
C006889,6,117.27,7,silver,0,0,0.0,0.058104
C006890,7,83.98,3,silver,1,0,0.0,0.176664
C006891,4,59.1,2,silver,1,0,0.0,-0.022445
C006892,4,114.29,4,bronze,1,0,0.0,0.007115
C006893,7,175.43,6,silver,1,0,0.0,0.174053
C006894,10,222.23,3,silver,1,0,0.0,-0.094042
C006895,3,83.45,5,bronze,0,0,0.0,-0.003865
C006896,2,50.52,3,silver,0,0,0.0,-0.008161
C006897,3,22.71,5,silver,1,0,0.0,-0.230044
C006898,3,109.15,7,bronze,1,0,0.0,0.027126
C006899,5,155.37,3,silver,1,0,0.0,-0.026551
C006900,4,175.91,2,silver,0,0,0.0,0.047105
C006901,1,268.92,9,silver,1,0,0.0,-0.116475
C006902,9,64.67,4,silver,0,0,0.0,0.111349
C006903,8,172.67,3,silver,1,1,160.4,0.195728
C006904,3,65.17,4,bronze,1,0,0.0,0.0105
C006905,4,160.54,2,gold,0,0,0.0,0.124725
C006906,6,135.36,7,gold,0,1,205.67,0.270369
C006907,11,122.03,5,silver,0,1,108.38,0.114648
C006908,1,150.55,2,bronze,1,0,0.0,-0.009348
C006909,4,196.39,6,bronze,0,0,0.0,0.006392
C006910,7,39.61,5,silver,0,0,0.0,0.244878
C006911,10,169.98,7,silver,1,1,171.85,0.299594
C006912,8,186.45,5,gold,0,1,108.15,-0.188763
C006913,5,196.57,2,bronze,1,0,0.0,-0.051356
C006914,7,120.87,3,silver,1,0,0.0,0.012276
C006915,6,203.11,3,bronze,0,0,0.0,-0.001683
C006916,7,122.63,3,silver,0,0,0.0,-0.037949
C006917,4,86.74,5,silver,1,0,0.0,-0.059591
C006918,6,10.67,3,bronze,0,0,0.0,-0.004499
C006919,4,210.46,5,bronze,1,0,0.0,-0.008052
C006920,6,0.0,2,silver,1,0,0.0,-0.044724
C006921,9,26.14,2,silver,0,0,0.0,-0.073039
C006922,7,91.36,5,gold,0,0,0.0,0.182856
C006923,8,195.87,4,silver,0,0,0.0,0.295167
C006924,3,145.68,0,gold,0,0,0.0,0.00946
C006925,3,66.66,4,silver,0,0,0.0,0.00353
C006926,9,137.28,7,silver,0,0,0.0,0.060127
C006927,9,37.66,4,silver,1,0,0.0,0.027088
C006928,3,131.08,4,silver,0,1,203.08,-0.199961
C006929,6,101.34,4,bronze,1,0,0.0,0.022091
C006930,10,107.31,2,gold,1,0,0.0,-0.043966
C006931,6,140.27,5,bronze,1,0,0.0,0.114072
C006932,2,158.2,7,bronze,0,0,0.0,0.000982
C006933,10,113.74,3,silver,1,0,0.0,0.079121
C006934,3,105.14,4,silver,1,0,0.0,-0.025711
C006935,7,135.78,4,silver,0,1,22.41,0.090766
C006936,2,0.0,7,silver,0,0,0.0,-0.055175
C006937,2,123.36,5,silver,1,0,0.0,-0.02912
C006938,10,6.85,4,silver,1,0,0.0,0.023694
C006939,2,41.87,6,silver,0,1,58.31,-0.012312
C006940,5,71.65,4,bronze,1,0,0.0,0.044368
C006941,7,152.72,5,silver,1,0,0.0,0.221568
C006942,12,187.32,6,gold,1,0,0.0,0.043699
C006943,9,105.31,4,gold,1,0,0.0,-0.056794
C006944,4,178.04,6,silver,1,1,52.49,0.056747
C006945,5,51.87,5,bronze,1,0,0.0,-0.013049
C006946,9,70.7,0,gold,1,0,0.0,-0.053119
C006947,6,96.36,7,silver,1,0,0.0,-0.092065
C006948,7,212.47,4,bronze,1,0,0.0,0.004843
C006949,3,122.3,0,silver,1,0,0.0,0.076989
C006950,7,230.27,4,bronze,1,0,0.0,-0.016492
C006951,5,0.0,7,silver,0,0,0.0,0.145723
C006952,5,89.6,4,silver,1,0,0.0,0.139407
C006953,3,93.4,5,gold,0,1,113.87,-0.203975
C006954,6,85.62,3,silver,0,0,0.0,0.196724
C006955,4,126.53,3,silver,0,0,0.0,0.073323
C006956,2,0.0,7,gold,0,1,59.9,0.024158
C006957,0,91.53,9,silver,0,0,0.0,0.000132
C006958,10,151.6,2,silver,1,0,0.0,0.079086
C006959,3,64.43,3,gold,0,0,0.0,-0.043689
C006960,12,205.75,0,bronze,0,0,0.0,0.001386
C006961,8,64.17,1,bronze,0,0,0.0,-0.036759
C006962,8,27.29,2,bronze,0,0,0.0,0.030578
C006963,10,129.58,3,bronze,0,0,0.0,0.04201
C006964,5,66.64,6,silver,1,0,0.0,0.031906
C006965,7,174.16,4,silver,1,0,0.0,0.23388
C006966,4,56.63,2,gold,1,0,0.0,0.100495
C006967,3,131.34,0,silver,0,0,0.0,0.029473
C006968,4,74.39,6,silver,0,1,39.59,-0.055217
C006969,8,125.7,4,gold,0,1,116.97,0.247779
C006970,1,135.31,5,silver,0,0,0.0,-0.012952
C006971,6,11.96,8,silver,0,0,0.0,0.01493
C006972,13,21.34,4,silver,0,1,149.14,-0.117626
C006973,8,47.18,1,silver,0,0,0.0,-0.135181
C006974,8,187.97,3,bronze,0,1,51.22,0.09893
C006975,2,58.55,4,silver,1,0,0.0,0.029901
C006976,1,210.21,6,gold,1,0,0.0,-0.138256
C006977,9,163.87,8,bronze,1,0,0.0,0.181308
C006978,9,39.44,10,bronze,1,0,0.0,-0.038669
C006979,0,136.1,3,silver,0,0,0.0,-0.006938
C006980,4,2.97,2,silver,0,0,0.0,-0.044866
C006981,7,96.13,4,silver,1,0,0.0,0.11759
C006982,10,130.34,5,gold,1,1,137.17,0.376678
C006983,5,205.03,6,silver,0,0,0.0,0.025734
C006984,1,0.0,1,silver,1,0,0.0,-0.050577
C006985,5,183.76,2,silver,1,0,0.0,-0.11223
C006986,4,272.77,5,silver,0,1,93.33,0.002572
C006987,6,140.47,2,silver,0,0,0.0,0.092717
C006988,2,137.15,2,gold,1,0,0.0,-0.014299
C006989,4,30.57,5,silver,1,0,0.0,-0.013183
C006990,7,144.68,9,silver,1,0,0.0,0.01941
C006991,5,180.44,5,bronze,0,1,78.91,0.002382
C006992,5,80.0,2,gold,0,1,101.3,-0.141167
C006993,3,11.14,2,silver,1,0,0.0,-0.037682
C006994,7,26.15,7,silver,1,0,0.0,0.13829
C006995,6,159.28,1,silver,1,0,0.0,0.116054
C006996,5,122.37,3,silver,1,0,0.0,-0.011531
C006997,9,91.49,6,gold,1,1,130.57,0.122824
C006998,13,155.67,11,gold,0,1,232.99,0.037903
C006999,10,146.08,5,silver,0,0,0.0,0.086369
C007000,4,66.04,3,gold,1,0,0.0,-0.156747
C007001,5,34.93,4,bronze,0,1,55.93,0.01529
C007002,4,273.53,4,gold,0,0,0.0,-0.109932
C007003,0,261.92,3,gold,0,1,92.49,-0.073686
C007004,1,60.9,5,bronze,0,0,0.0,-0.00234
C007005,3,39.56,6,silver,0,0,0.0,-0.06275
C007006,2,59.4,7,silver,0,0,0.0,-0.017308
C007007,5,145.13,7,silver,0,0,0.0,0.130896
C007008,2,112.91,6,silver,0,0,0.0,-0.045287
C007009,5,0.0,5,silver,1,1,52.18,0.209048
C007010,5,72.22,6,bronze,1,0,0.0,0.067834
C007011,3,0.0,4,gold,0,0,0.0,-0.005526
C007012,0,174.46,4,gold,0,0,0.0,-0.168833
C007013,10,122.27,4,silver,0,0,0.0,0.205876
C007014,9,44.16,4,silver,0,0,0.0,0.029761
C007015,8,134.24,3,bronze,0,1,59.59,0.112876
C007016,9,37.36,1,silver,0,0,0.0,-0.086937
C007017,10,202.32,3,silver,0,0,0.0,0.190063
C007018,4,71.25,2,gold,1,0,0.0,0.111905
C007019,3,183.15,4,silver,0,0,0.0,-0.097385
C007020,6,182.84,2,gold,1,1,64.99,-0.250823
C007021,9,115.72,2,silver,1,0,0.0,-0.052728
C007022,7,79.83,2,silver,1,0,0.0,0.090036
C007023,2,138.33,5,silver,0,0,0.0,0.102981
C007024,7,75.95,3,gold,0,1,60.69,0.21806
C007025,4,49.12,3,silver,0,0,0.0,-0.016402
C007026,3,135.8,7,silver,1,0,0.0,-0.047976
C007027,4,121.82,4,silver,1,0,0.0,-0.035575
C007028,7,35.46,5,silver,0,1,273.44,0.133144
C007029,4,86.07,10,gold,0,0,0.0,-0.081747
C007030,7,119.55,3,bronze,0,0,0.0,0.056277
C007031,6,0.0,3,bronze,0,0,0.0,-0.021158
C007032,3,35.64,3,silver,0,0,0.0,-0.020925
C007033,2,57.32,2,gold,0,0,0.0,-0.153539
C007034,1,152.18,9,silver,0,0,0.0,-0.073898
C007035,7,69.71,1,bronze,0,0,0.0,-0.051566
C007036,4,134.09,0,silver,1,0,0.0,-0.045406
C007037,10,144.88,10,silver,0,0,0.0,0.020198
C007038,7,98.6,4,bronze,1,0,0.0,0.011065
C007039,7,115.2,2,bronze,1,1,128.0,0.003413
C007040,2,195.31,4,silver,0,1,28.99,-0.003923
C007041,9,148.0,1,bronze,1,0,0.0,-0.005943
C007042,4,171.29,4,gold,0,1,187.55,-0.120795
C007043,2,154.7,5,bronze,0,0,0.0,0.019333
C007044,1,87.96,7,silver,0,0,0.0,-0.11906
C007045,1,296.63,6,gold,1,0,0.0,-0.135244
C007046,7,249.14,1,silver,1,0,0.0,-0.21206
C007047,5,103.43,4,silver,0,0,0.0,0.01149
C007048,6,22.2,4,silver,0,0,0.0,-0.023086
C007049,3,80.86,5,bronze,0,0,0.0,0.008357
C007050,7,52.41,7,silver,0,0,0.0,0.01031
C007051,3,202.21,4,silver,1,0,0.0,-0.207736
C007052,8,64.45,5,silver,1,0,0.0,0.131518
C007053,7,164.16,4,silver,1,0,0.0,-0.019141
C007054,9,190.58,8,silver,1,0,0.0,0.377602
C007055,7,78.99,6,silver,0,1,98.39,0.250269
C007056,12,206.87,4,silver,1,0,0.0,0.338126
C007057,8,202.3,7,silver,0,0,0.0,0.15881
C007058,0,103.16,5,bronze,1,0,0.0,-0.008914
C007059,6,186.16,5,silver,0,0,0.0,0.218906
C007060,6,109.14,6,gold,0,0,0.0,-0.137125
C007061,4,45.58,8,silver,0,0,0.0,-0.078438
C007062,2,183.41,4,silver,1,0,0.0,-0.040918
C007063,8,106.97,4,gold,1,0,0.0,0.174001
C007064,5,104.61,2,silver,1,1,22.27,0.033944
C007065,7,104.71,5,bronze,0,0,0.0,0.039776
C007066,9,60.01,5,silver,0,0,0.0,-0.008193
C007067,5,165.86,0,bronze,1,0,0.0,0.008095
C007068,3,224.62,0,silver,0,0,0.0,-0.012307
C007069,2,248.55,6,silver,0,1,105.91,-0.107238
C007070,8,123.08,5,silver,1,1,59.76,0.025376
C007071,10,118.34,6,gold,1,1,51.15,0.077745
C007072,9,130.04,6,gold,1,1,28.62,0.081611
C007073,11,30.59,3,gold,1,0,0.0,-0.07277
C007074,6,107.44,3,silver,1,0,0.0,0.118395
C007075,7,72.93,6,gold,0,1,101.89,-0.184398
C007076,3,34.3,3,silver,1,1,40.08,0.022335
C007077,9,93.48,4,bronze,0,0,0.0,0.036235
C007078,3,151.11,4,bronze,0,0,0.0,-0.010123
C007079,0,0.0,5,gold,0,0,0.0,-0.047023
C007080,1,135.74,4,silver,1,0,0.0,-0.01512
C007081,5,226.43,3,silver,0,0,0.0,0.005594
C007082,4,155.41,3,bronze,0,0,0.0,-0.002818
C007083,8,190.86,3,gold,0,0,0.0,0.033982
C007084,7,118.75,2,gold,0,0,0.0,-0.358846
C007085,7,87.51,6,silver,0,0,0.0,0.002988
C007086,5,182.0,2,silver,0,1,348.68,-0.138799
C007087,2,115.71,4,silver,0,0,0.0,-0.007423
C007088,9,112.79,5,silver,1,1,99.79,0.177401
C007089,6,20.84,2,bronze,1,0,0.0,0.03737
C007090,5,151.72,4,gold,0,1,93.34,-0.054505
C007091,3,180.24,2,silver,0,0,0.0,0.015076
C007092,3,106.22,5,silver,1,1,87.09,0.001195
C007093,5,188.37,4,silver,0,0,0.0,0.000482
C007094,6,178.03,2,silver,1,0,0.0,0.128456
C007095,8,113.07,2,bronze,0,0,0.0,0.086318
C007096,11,165.12,4,bronze,0,0,0.0,0.209211
C007097,2,75.09,9,gold,0,0,0.0,-0.268754
C007098,2,150.86,1,silver,1,0,0.0,-0.145172
C007099,5,185.19,6,silver,1,0,0.0,-0.057349
C007100,0,236.56,5,gold,1,1,12.53,-0.289563
C007101,8,107.69,6,bronze,0,1,27.22,-0.005304
C007102,6,136.53,6,silver,0,1,112.82,-0.05092
C007103,7,68.1,5,silver,1,0,0.0,0.158367
C007104,6,24.07,3,bronze,1,0,0.0,0.003052
C007105,7,112.44,0,gold,1,0,0.0,-0.306496
C007106,5,49.68,6,gold,0,0,0.0,-0.064453
C007107,6,90.12,1,silver,0,0,0.0,-0.014792
C007108,2,160.93,5,gold,0,0,0.0,-0.012662
C007109,3,138.85,4,gold,0,1,61.17,-0.184482
C007110,13,54.09,4,gold,1,1,143.0,0.043013
C007111,10,54.2,4,bronze,0,0,0.0,0.044581
C007112,7,100.33,3,silver,1,0,0.0,0.163023
C007113,0,45.64,2,gold,0,0,0.0,-0.065931
C007114,5,107.17,7,bronze,0,0,0.0,0.053496
C007115,7,25.56,0,gold,0,0,0.0,-0.005859
C007116,7,190.36,7,silver,0,1,77.07,-0.015295
C007117,4,88.71,2,gold,0,1,128.97,-0.06743
C007118,9,170.5,4,bronze,1,0,0.0,-0.138195
C007119,8,119.41,6,silver,0,0,0.0,0.290436
C007120,7,161.25,4,silver,0,0,0.0,-0.072184
C007121,0,56.34,7,bronze,1,0,0.0,0.000476
C007122,8,125.91,5,silver,0,0,0.0,0.153222
C007123,5,126.7,4,silver,1,0,0.0,0.035042
C007124,5,146.07,5,bronze,0,0,0.0,0.026377
C007125,10,0.0,7,bronze,0,0,0.0,0.051648
C007126,2,141.69,5,silver,1,0,0.0,-0.102731
C007127,5,103.46,3,bronze,1,0,0.0,0.115026
C007128,2,115.98,7,silver,0,0,0.0,-0.010449
C007129,1,138.62,3,bronze,1,0,0.0,-0.006395
C007130,9,79.82,2,bronze,1,0,0.0,-0.047906
C007131,9,112.02,1,bronze,1,0,0.0,-0.000121
C007132,3,231.71,7,gold,0,1,70.48,0.024902
C007133,8,125.68,1,gold,0,1,8.07,-0.015817
C007134,4,11.3,1,silver,0,0,0.0,-0.047315
C007135,9,131.06,0,silver,1,0,0.0,-0.092661
C007136,8,116.21,3,silver,1,0,0.0,0.025755
C007137,3,88.81,3,gold,1,0,0.0,-0.281135
C007138,5,160.96,3,silver,1,0,0.0,0.088916
C007139,7,124.59,4,bronze,0,0,0.0,0.006749
C007140,5,112.23,7,silver,1,1,85.96,0.076994
C007141,7,243.99,5,silver,1,0,0.0,0.112915
C007142,9,68.98,3,bronze,1,0,0.0,-0.053706
C007143,3,133.96,4,silver,0,0,0.0,0.02671
C007144,3,222.54,4,bronze,1,0,0.0,-0.030029
C007145,7,164.67,2,silver,0,0,0.0,-0.084975
C007146,7,13.97,5,bronze,0,0,0.0,0.034051
C007147,8,109.78,1,silver,1,0,0.0,-0.160506
C007148,5,45.47,2,silver,1,0,0.0,0.03249
C007149,4,163.81,2,silver,1,0,0.0,-0.012081
C007150,10,73.68,4,silver,1,0,0.0,0.3038
C007151,9,57.65,3,bronze,1,0,0.0,0.040683
C007152,1,127.68,7,gold,1,0,0.0,-0.027292
C007153,13,121.72,7,bronze,1,0,0.0,0.07917
C007154,7,94.34,6,bronze,1,0,0.0,0.090069
C007155,5,116.48,4,bronze,0,0,0.0,-0.00621
C007156,1,99.74,4,silver,0,0,0.0,-0.045142
C007157,2,187.15,9,gold,0,0,0.0,0.07222
C007158,0,105.85,2,silver,0,0,0.0,-0.003721
C007159,5,222.06,7,bronze,0,0,0.0,0.102882
C007160,6,157.39,1,gold,1,0,0.0,-0.11471
C007161,7,90.09,2,silver,1,0,0.0,0.007501
C007162,6,79.19,5,silver,1,0,0.0,0.18227
C007163,6,73.06,3,silver,0,0,0.0,-0.050304
C007164,5,87.22,5,gold,0,1,40.56,0.094996
C007165,7,184.4,4,gold,1,0,0.0,-0.130288
C007166,9,146.88,4,bronze,1,0,0.0,0.032784
C007167,4,133.64,2,silver,1,0,0.0,0.012318
C007168,5,236.13,3,silver,0,1,13.28,-0.066056
C007169,2,253.17,7,gold,0,0,0.0,-0.144759
C007170,3,91.03,6,silver,1,0,0.0,0.008156
C007171,6,96.47,5,gold,1,1,42.58,0.13477
C007172,1,198.25,8,gold,0,0,0.0,-0.226024
C007173,8,147.21,3,silver,0,0,0.0,0.033145
C007174,10,82.1,5,silver,0,1,35.51,0.144684
C007175,7,127.41,3,gold,1,1,93.34,-0.167736
C007176,5,157.7,3,gold,0,0,0.0,-0.129118
C007177,9,221.77,6,gold,1,1,129.68,0.301938
C007178,5,196.21,3,silver,0,0,0.0,0.046993
C007179,6,272.64,7,bronze,1,0,0.0,0.005351
C007180,6,212.58,4,silver,1,0,0.0,-0.069226
C007181,8,140.12,5,bronze,1,1,45.86,-0.102797
C007182,5,89.07,5,silver,0,1,66.01,0.121609
C007183,5,128.75,4,silver,1,0,0.0,0.002188
C007184,11,45.82,3,bronze,1,1,17.33,0.02902
C007185,6,168.83,2,bronze,1,0,0.0,0.006269
C007186,3,208.81,4,bronze,1,0,0.0,0.027675
C007187,5,116.35,6,gold,0,0,0.0,0.110819
C007188,5,110.25,1,gold,1,0,0.0,-0.345679
C007189,3,0.0,4,silver,1,0,0.0,0.009047
C007190,2,61.85,8,bronze,1,0,0.0,-0.00488
C007191,2,97.2,5,silver,1,0,0.0,-0.000603
C007192,7,102.53,3,bronze,0,0,0.0,0.011014
C007193,10,121.59,6,gold,1,1,87.42,0.019198
C007194,5,154.77,8,silver,0,0,0.0,0.009181
C007195,14,76.17,3,bronze,0,1,39.67,0.061299
C007196,1,173.73,5,gold,0,1,150.65,-0.254875
C007197,5,0.0,2,bronze,1,0,0.0,-0.003493
C007198,7,128.34,4,bronze,0,0,0.0,-0.003416
C007199,2,72.24,7,silver,1,0,0.0,0.003913
C007200,2,0.0,4,bronze,0,0,0.0,-0.034427
C007201,8,25.64,7,gold,1,1,137.87,0.163395
C007202,3,88.04,4,bronze,1,0,0.0,-0.000305
C007203,0,81.35,5,silver,0,0,0.0,-0.029433
C007204,8,31.14,3,silver,1,0,0.0,0.232532
C007205,7,1.45,0,silver,0,1,27.02,-0.013039
C007206,7,105.67,1,bronze,0,0,0.0,0.021904
C007207,7,61.07,1,silver,0,0,0.0,-0.045707
C007208,7,108.78,5,silver,0,1,57.36,-0.061175
C007209,10,66.15,5,silver,0,0,0.0,0.141998
C007210,8,75.85,6,gold,1,1,38.75,-0.002383
C007211,8,220.93,2,gold,1,1,75.3,-0.028702
C007212,6,226.45,3,silver,1,1,355.65,0.357109
C007213,4,52.99,2,gold,0,1,83.57,0.135099
C007214,13,0.0,2,gold,0,1,324.76,0.356874
C007215,1,171.79,5,bronze,1,0,0.0,0.003121
C007216,8,51.8,0,silver,0,0,0.0,-0.095174
C007217,5,147.64,2,silver,0,0,0.0,-0.036084
C007218,6,108.37,5,silver,1,0,0.0,-0.023639
C007219,3,140.8,4,bronze,0,0,0.0,0.009601
C007220,6,51.03,7,silver,0,0,0.0,0.09847
C007221,6,132.61,0,silver,0,0,0.0,-0.142074
C007222,0,75.11,5,gold,1,0,0.0,-0.14383
C007223,3,166.87,5,silver,0,0,0.0,-0.115683
C007224,9,113.72,3,silver,0,1,144.3,0.228512
C007225,14,52.38,6,silver,0,1,133.93,0.066586
C007226,9,207.1,3,silver,1,1,23.12,0.236489
C007227,5,154.34,2,silver,1,0,0.0,0.052215
C007228,2,166.6,2,gold,0,1,62.8,-0.096958
C007229,5,60.13,6,silver,0,0,0.0,-0.104931
C007230,6,88.48,3,bronze,0,0,0.0,0.042359
C007231,10,173.52,4,silver,0,1,63.92,0.202974
C007232,9,21.77,3,bronze,0,0,0.0,-0.007958
C007233,3,123.67,2,gold,0,1,135.86,-0.135945
C007234,3,265.41,5,bronze,0,0,0.0,-0.039367
C007235,2,141.68,4,silver,1,0,0.0,0.027183
C007236,4,114.0,6,silver,0,0,0.0,-0.026341
C007237,5,147.26,4,silver,0,0,0.0,-0.120122
C007238,3,175.18,5,silver,1,0,0.0,0.032612
C007239,2,185.18,4,bronze,1,0,0.0,0.004768
C007240,9,0.0,6,bronze,1,0,0.0,0.008968
C007241,6,178.28,5,gold,0,1,10.5,0.37926
C007242,11,0.0,6,gold,1,1,65.45,-0.128016
C007243,7,33.93,5,silver,1,0,0.0,0.025399
C007244,4,162.48,4,bronze,1,0,0.0,0.026143
C007245,7,85.56,1,silver,0,0,0.0,0.081424
C007246,3,205.74,5,bronze,1,0,0.0,0.015228
C007247,7,0.0,2,silver,1,0,0.0,-0.034688
C007248,4,175.28,1,silver,0,0,0.0,-0.026859
C007249,0,85.54,0,silver,1,0,0.0,-0.01718
C007250,6,254.53,4,silver,0,0,0.0,0.295284
C007251,6,119.98,1,silver,0,0,0.0,0.002301
C007252,12,110.99,2,bronze,0,0,0.0,0.028655
C007253,7,152.78,6,gold,1,1,130.93,0.083397
C007254,5,130.46,2,gold,1,0,0.0,-0.215599
C007255,7,88.84,4,silver,1,0,0.0,0.25722
C007256,8,188.54,7,silver,0,1,188.73,0.148095
C007257,4,133.25,1,bronze,0,0,0.0,0.003177
C007258,6,276.86,5,silver,0,0,0.0,0.217895
C007259,7,53.23,4,gold,1,1,40.95,-0.026953
C007260,1,193.97,3,silver,1,1,286.26,-0.187069
C007261,7,150.7,1,gold,1,0,0.0,0.009506
C007262,6,112.23,3,silver,0,0,0.0,0.006488
C007263,7,92.2,4,silver,0,0,0.0,0.006586
C007264,4,133.75,0,silver,1,0,0.0,-0.049797
C007265,2,86.61,6,gold,0,0,0.0,-0.18583
C007266,8,185.34,7,bronze,1,0,0.0,0.118264
C007267,13,137.1,5,silver,1,1,69.89,-0.072846
C007268,7,92.48,4,gold,1,0,0.0,0.122197
C007269,5,186.44,4,gold,0,0,0.0,-0.091098
C007270,6,81.11,3,silver,0,1,35.21,-0.127103
C007271,3,96.83,5,silver,0,0,0.0,-0.02439
C007272,5,40.26,6,bronze,1,0,0.0,0.018872
C007273,0,229.69,6,silver,1,0,0.0,-0.036509
C007274,2,159.87,2,bronze,0,0,0.0,-0.020677
C007275,11,172.18,4,bronze,0,0,0.0,0.000702
C007276,6,152.52,7,silver,0,1,16.63,-3.9e-05
C007277,6,46.91,4,gold,0,0,0.0,-0.065896
C007278,9,153.77,3,gold,1,0,0.0,0.247177
C007279,3,173.96,5,gold,1,0,0.0,-0.205999
C007280,7,78.04,6,gold,1,0,0.0,-0.157495
C007281,1,77.22,7,silver,1,0,0.0,0.089203
C007282,6,168.28,5,silver,0,0,0.0,-0.000901
C007283,4,155.31,2,silver,0,0,0.0,-0.177967
C007284,4,114.62,2,silver,0,0,0.0,0.039346
C007285,7,194.65,4,bronze,1,0,0.0,-0.002122
C007286,8,179.4,2,bronze,0,0,0.0,0.098207
C007287,8,219.8,4,bronze,0,0,0.0,0.037749
C007288,9,157.01,4,gold,0,1,71.57,0.273451
C007289,8,163.32,8,silver,1,0,0.0,0.037264
C007290,3,149.14,1,bronze,1,0,0.0,-0.027742
C007291,5,42.85,4,gold,1,0,0.0,0.063496
C007292,7,156.47,5,silver,1,0,0.0,-0.057749
C007293,5,53.74,4,bronze,1,0,0.0,0.009743
C007294,7,179.28,6,gold,0,0,0.0,-0.027247
C007295,2,155.97,5,silver,0,0,0.0,0.037483
C007296,10,151.38,5,silver,0,0,0.0,0.06716
C007297,4,169.28,6,bronze,0,0,0.0,-0.010394
C007298,6,8.46,4,silver,0,0,0.0,0.458429
C007299,2,145.56,3,silver,0,0,0.0,-0.069071
C007300,8,122.71,0,silver,0,0,0.0,-0.102614
C007301,6,136.1,4,bronze,1,0,0.0,-0.026306
C007302,6,1.97,8,silver,1,0,0.0,0.117453
C007303,3,225.78,3,silver,0,1,73.22,0.010942
C007304,10,96.1,6,gold,1,1,47.6,0.017168
C007305,8,30.0,6,gold,0,0,0.0,-0.093179
C007306,3,222.0,5,bronze,0,0,0.0,-0.001912
C007307,7,146.46,7,bronze,1,0,0.0,0.026291
C007308,4,160.77,5,gold,0,0,0.0,-0.132345
C007309,7,200.04,4,gold,1,0,0.0,0.290247
C007310,8,157.89,4,silver,1,0,0.0,0.373275
C007311,8,91.87,3,bronze,1,1,42.3,-0.04044
C007312,4,171.71,1,bronze,1,0,0.0,-0.003414
C007313,5,63.88,3,bronze,1,0,0.0,0.009849
C007314,3,79.2,1,silver,0,0,0.0,0.103129
C007315,6,85.15,4,gold,0,0,0.0,-0.168454
C007316,10,193.39,3,silver,1,0,0.0,0.012631
C007317,8,115.64,2,bronze,0,0,0.0,0.000574
C007318,8,65.81,2,bronze,0,0,0.0,-0.004249
C007319,2,77.7,2,silver,0,1,102.53,0.000404
C007320,12,0.0,6,gold,0,0,0.0,0.056901
C007321,8,240.2,6,silver,1,0,0.0,0.170954
C007322,6,134.44,4,silver,1,0,0.0,0.179774
C007323,4,158.61,2,gold,1,0,0.0,-0.403578
C007324,2,38.21,2,gold,1,1,68.09,-0.087621
C007325,11,139.03,4,silver,0,0,0.0,0.361755
C007326,8,108.99,5,silver,0,0,0.0,0.029078
C007327,3,107.37,7,silver,1,0,0.0,-0.129939
C007328,6,0.0,5,bronze,1,0,0.0,0.010333
C007329,5,177.5,4,silver,1,0,0.0,0.170081
C007330,4,108.69,8,gold,0,1,26.93,-0.120267
C007331,6,142.07,6,silver,1,0,0.0,0.129537
C007332,6,133.96,5,bronze,0,0,0.0,0.003936
C007333,8,181.02,4,bronze,0,0,0.0,0.05233
C007334,3,54.6,4,silver,1,0,0.0,0.007092
C007335,10,75.42,0,gold,1,0,0.0,-0.341879
C007336,8,167.55,7,silver,1,0,0.0,0.296795
C007337,9,90.37,3,silver,0,0,0.0,-0.028349
C007338,8,77.76,6,gold,0,1,118.88,0.243165
C007339,6,64.33,1,silver,1,0,0.0,-0.085806
C007340,3,85.72,3,silver,0,0,0.0,-0.099701
C007341,0,50.39,6,gold,1,0,0.0,0.016131
C007342,3,139.72,0,gold,1,0,0.0,-0.061014
C007343,4,0.0,5,gold,0,0,0.0,0.042678
C007344,2,120.9,6,silver,1,0,0.0,-0.000438
C007345,2,125.55,6,bronze,1,0,0.0,-0.003477
C007346,3,106.06,5,silver,0,0,0.0,-0.046183
C007347,5,231.84,1,silver,0,0,0.0,-0.070447
C007348,9,182.54,6,bronze,1,0,0.0,0.10136
C007349,2,193.08,4,gold,0,1,77.67,-0.12659
C007350,13,84.8,6,silver,0,0,0.0,0.09048
C007351,3,188.95,3,gold,0,0,0.0,-0.079187
C007352,0,28.68,5,bronze,1,0,0.0,0.003272
C007353,4,166.31,3,silver,1,0,0.0,-0.008717
C007354,3,127.76,6,gold,1,0,0.0,-0.23362
C007355,7,109.45,3,gold,0,1,69.6,0.146472
C007356,1,83.34,3,silver,1,0,0.0,-0.024063
C007357,4,162.5,3,gold,0,0,0.0,-0.129441
C007358,3,67.47,4,silver,0,0,0.0,0.00832
C007359,11,125.79,2,gold,1,0,0.0,0.206826
C007360,8,174.24,5,silver,0,1,66.37,0.036156
C007361,6,3.68,5,bronze,0,0,0.0,0.032922
C007362,4,151.73,5,silver,0,0,0.0,0.096521
C007363,10,137.67,4,gold,0,1,83.3,-0.073466
C007364,7,222.13,3,bronze,1,0,0.0,0.045976
C007365,4,179.7,2,silver,0,0,0.0,-0.020938
C007366,9,244.89,5,silver,0,1,35.31,-0.141217
C007367,7,38.58,5,silver,0,0,0.0,-0.054065
C007368,5,24.98,5,bronze,1,0,0.0,0.039595
C007369,11,183.97,4,silver,0,1,23.74,0.171019
C007370,1,95.33,6,gold,1,0,0.0,-0.146635
C007371,3,118.11,3,silver,1,0,0.0,-0.011087
C007372,5,83.86,2,silver,1,0,0.0,-0.051894
C007373,10,113.92,2,gold,0,0,0.0,0.002667
C007374,12,109.93,5,silver,1,0,0.0,0.256679
C007375,3,174.71,0,gold,0,0,0.0,0.162096
C007376,8,0.0,6,bronze,1,0,0.0,-0.085148
C007377,5,176.21,5,silver,0,0,0.0,-0.006313
C007378,10,112.9,3,gold,0,0,0.0,0.029425
C007379,7,0.0,4,silver,0,0,0.0,0.014044
C007380,2,160.85,2,gold,0,0,0.0,-0.017451
C007381,5,41.24,6,silver,0,0,0.0,0.014631
C007382,7,121.44,6,silver,1,0,0.0,-0.106609
C007383,14,66.99,2,silver,1,1,103.22,-0.151926
C007384,6,134.75,5,silver,0,0,0.0,-0.011511
C007385,5,99.09,3,bronze,0,0,0.0,-0.039839
C007386,12,65.51,6,silver,0,0,0.0,0.204906
C007387,11,137.26,2,silver,1,0,0.0,-0.132765
C007388,6,113.06,2,gold,0,0,0.0,-0.167438
C007389,9,217.27,2,bronze,1,0,0.0,0.135768
C007390,9,132.44,2,silver,1,0,0.0,0.119955
C007391,6,44.64,4,silver,1,0,0.0,0.013309
C007392,2,275.06,6,bronze,0,0,0.0,0.014556
C007393,11,125.16,0,silver,0,0,0.0,-0.125212
C007394,1,104.0,4,silver,1,0,0.0,-0.020248
C007395,8,220.89,7,bronze,0,0,0.0,0.036933
C007396,3,84.63,5,silver,0,0,0.0,0.040969
C007397,8,164.11,3,silver,0,0,0.0,0.180612
C007398,10,76.35,4,silver,1,1,31.56,-0.116624
C007399,5,198.34,3,silver,0,0,0.0,-0.060683
C007400,5,62.46,3,bronze,0,0,0.0,0.006812
C007401,5,84.17,6,silver,1,0,0.0,0.110175
C007402,4,245.93,6,silver,1,1,224.22,0.168008
C007403,0,200.86,4,bronze,1,0,0.0,-0.01755
C007404,9,136.63,8,bronze,0,0,0.0,0.116706
C007405,9,201.33,2,silver,1,0,0.0,-0.081568
C007406,9,222.09,5,silver,1,1,46.76,-0.04623
C007407,4,35.75,9,silver,0,1,118.56,0.100889
C007408,7,191.43,5,silver,0,0,0.0,-0.058288
C007409,10,170.13,4,bronze,0,0,0.0,0.095173
C007410,4,85.84,3,silver,0,0,0.0,-0.061693
C007411,0,125.41,6,silver,0,0,0.0,-0.075843
C007412,9,145.08,6,silver,0,0,0.0,0.010277
C007413,5,28.53,5,silver,1,1,34.24,0.095855
C007414,9,174.64,0,silver,0,0,0.0,0.097325
C007415,4,96.12,0,silver,0,0,0.0,-0.046824
C007416,16,195.28,2,silver,1,0,0.0,-0.00201
C007417,10,171.15,4,silver,0,0,0.0,0.117161
C007418,11,51.58,2,gold,0,1,73.4,-0.334916
C007419,10,130.25,3,bronze,0,0,0.0,0.035233
C007420,5,22.01,3,bronze,1,0,0.0,0.020978
C007421,7,0.0,1,silver,1,0,0.0,-0.124393
C007422,6,188.46,2,bronze,1,0,0.0,0.0076
C007423,7,116.24,5,silver,1,0,0.0,0.134942
C007424,7,144.09,5,silver,0,0,0.0,-0.066033
C007425,9,102.24,6,silver,0,0,0.0,0.121605
C007426,5,152.53,4,bronze,0,0,0.0,0.095116
C007427,3,145.4,2,silver,1,0,0.0,-0.295162
C007428,7,29.13,0,bronze,1,0,0.0,-0.004113
C007429,9,170.92,5,silver,0,0,0.0,0.161023
C007430,6,127.83,2,silver,1,1,109.39,0.051703
C007431,9,246.52,0,silver,0,0,0.0,-0.048863
C007432,2,181.24,4,bronze,1,0,0.0,0.006655
C007433,6,101.49,3,bronze,1,0,0.0,0.017165
C007434,12,40.52,3,bronze,0,0,0.0,0.050995
C007435,7,127.61,5,silver,1,0,0.0,-0.093704
C007436,7,123.92,4,silver,0,0,0.0,-0.011012
C007437,6,113.97,3,bronze,0,0,0.0,0.014596
C007438,10,180.19,8,silver,1,0,0.0,0.400689
C007439,3,143.47,5,gold,1,1,78.13,-0.08556
C007440,5,74.7,5,silver,1,1,125.51,0.030788
C007441,7,86.76,3,silver,0,0,0.0,0.184417
C007442,5,136.62,2,gold,0,0,0.0,-0.114938
C007443,6,78.94,9,silver,1,0,0.0,0.200194
C007444,13,195.09,8,silver,1,1,228.24,-0.086435
C007445,5,190.78,5,silver,1,0,0.0,-0.021822
C007446,0,90.26,1,gold,1,0,0.0,-0.219748
C007447,5,108.23,4,gold,0,0,0.0,-0.086342
C007448,8,103.26,3,gold,0,1,111.86,0.106809
C007449,3,167.13,1,gold,1,0,0.0,-0.06708
C007450,8,69.55,2,silver,1,0,0.0,-0.183786
C007451,6,62.36,5,silver,0,0,0.0,-0.020471
C007452,0,67.6,6,bronze,0,0,0.0,0.005423
C007453,2,69.0,1,bronze,0,0,0.0,-0.0681
C007454,8,164.34,5,gold,1,0,0.0,0.163914
C007455,12,104.48,5,bronze,0,1,183.15,-0.007556
C007456,4,93.58,5,silver,1,0,0.0,0.10295
C007457,4,157.41,2,bronze,1,0,0.0,-0.007118
C007458,6,0.0,4,silver,1,1,16.3,0.134902
C007459,11,236.59,3,silver,1,0,0.0,0.227065
C007460,1,107.46,4,gold,1,1,172.53,-0.251055
C007461,13,159.99,4,bronze,1,0,0.0,0.1818
C007462,0,106.01,5,silver,1,0,0.0,-0.026412
C007463,10,89.46,1,silver,1,0,0.0,-0.246502
C007464,4,137.65,3,silver,1,0,0.0,0.006395
C007465,8,98.86,5,gold,0,0,0.0,-0.120735
C007466,7,165.74,2,bronze,1,0,0.0,0.002413
C007467,11,76.93,5,silver,0,1,382.08,0.061483
C007468,7,81.1,2,bronze,0,0,0.0,-0.033147
C007469,10,117.08,4,silver,1,0,0.0,-0.027017
C007470,2,47.69,4,gold,1,0,0.0,-0.043424
C007471,0,96.51,0,silver,0,0,0.0,-0.070549
C007472,3,191.05,2,gold,0,1,87.65,-0.172788
C007473,8,187.6,0,silver,1,0,0.0,0.017353
C007474,7,37.23,7,bronze,0,0,0.0,-0.03089
C007475,5,189.66,0,silver,0,0,0.0,-0.167056
C007476,9,96.56,5,silver,0,0,0.0,-0.121766
C007477,7,84.63,5,silver,1,1,72.01,-0.093152
C007478,10,144.18,3,bronze,0,0,0.0,0.008222
C007479,9,125.46,2,silver,0,0,0.0,0.068979
C007480,9,187.84,3,bronze,1,0,0.0,0.119705
C007481,10,107.73,3,silver,0,0,0.0,0.168185
C007482,10,84.74,2,bronze,1,0,0.0,0.043958
C007483,11,220.51,7,gold,0,1,150.61,0.259034
C007484,2,0.0,7,gold,1,0,0.0,-0.034148
C007485,7,64.81,3,bronze,1,0,0.0,0.020586
C007486,2,52.98,2,silver,0,0,0.0,0.048685
C007487,7,163.09,2,silver,0,0,0.0,-0.191969
C007488,9,30.0,4,bronze,0,0,0.0,-0.010185
C007489,10,82.49,6,bronze,1,0,0.0,-0.044565
C007490,5,67.81,5,silver,1,0,0.0,-0.031667
C007491,7,205.81,6,gold,1,0,0.0,-0.012848
C007492,7,49.01,8,silver,1,0,0.0,0.030674
C007493,6,188.14,7,silver,1,0,0.0,0.019424
C007494,8,36.0,3,bronze,1,0,0.0,0.03732
C007495,8,85.83,6,bronze,0,0,0.0,0.091068
C007496,7,141.14,9,silver,0,0,0.0,0.018262
C007497,13,71.11,6,silver,1,0,0.0,0.137993
C007498,9,111.81,4,silver,1,0,0.0,0.036194
C007499,7,166.41,2,gold,1,0,0.0,-0.035932
C007500,1,234.91,4,silver,0,0,0.0,-0.02289
C007501,4,185.25,2,silver,1,0,0.0,0.01588
C007502,1,127.65,5,gold,1,0,0.0,-0.225696
C007503,3,242.11,7,silver,0,0,0.0,-0.045695
C007504,8,143.41,3,silver,1,0,0.0,0.119614
C007505,12,58.35,5,silver,1,0,0.0,0.006675
C007506,2,64.14,6,bronze,0,0,0.0,-0.003243
C007507,4,147.07,2,silver,0,1,189.59,-0.002477
C007508,7,45.91,4,silver,0,0,0.0,0.009845
C007509,6,153.7,5,silver,0,0,0.0,0.12154
C007510,1,265.84,5,bronze,0,0,0.0,-0.009897
C007511,6,133.29,6,silver,0,0,0.0,0.113139
C007512,4,120.15,5,silver,1,1,131.73,-0.122079
C007513,8,105.23,3,silver,0,0,0.0,0.066886
C007514,13,115.17,8,bronze,0,0,0.0,0.168415
C007515,5,183.69,2,silver,1,0,0.0,0.008019
C007516,10,57.38,4,silver,0,0,0.0,-0.125498
C007517,7,170.2,4,bronze,0,0,0.0,0.110006
C007518,10,151.49,5,gold,0,1,67.92,0.027737
C007519,12,246.28,4,silver,0,1,144.85,0.109597
C007520,2,145.62,9,silver,0,0,0.0,-0.042984
C007521,4,80.87,5,silver,1,0,0.0,0.079616
C007522,8,227.22,2,gold,1,0,0.0,-0.074229
C007523,6,159.37,4,silver,0,0,0.0,0.242704
C007524,7,204.02,6,silver,1,1,64.07,-0.027551
C007525,5,178.12,4,silver,1,0,0.0,0.134846
C007526,4,65.95,2,silver,0,0,0.0,-0.080018
C007527,0,182.71,1,gold,0,1,154.04,-0.038033
C007528,0,123.33,7,bronze,0,0,0.0,-0.013645
C007529,6,169.97,4,silver,1,0,0.0,0.167577
C007530,5,72.09,4,silver,0,1,200.79,-0.025548
C007531,11,130.33,3,silver,0,0,0.0,0.067387
C007532,7,167.27,2,silver,1,0,0.0,-0.039736
C007533,4,199.89,5,silver,0,0,0.0,0.021913
C007534,9,117.6,5,silver,1,0,0.0,-0.284339
C007535,7,227.96,5,silver,1,0,0.0,0.154062
C007536,6,0.0,1,silver,0,0,0.0,-0.014108
C007537,5,164.45,6,bronze,1,0,0.0,3.2e-05
C007538,6,181.3,4,silver,0,0,0.0,0.108566
C007539,0,202.34,5,bronze,0,0,0.0,0.000455
C007540,6,28.82,1,silver,1,0,0.0,-0.05328
C007541,0,209.24,4,gold,0,0,0.0,-0.179861
C007542,4,67.36,3,silver,0,0,0.0,0.033616
C007543,12,177.08,5,silver,1,1,65.84,-0.015071
C007544,6,135.55,9,silver,0,0,0.0,0.039544
C007545,1,23.96,2,bronze,1,0,0.0,-0.026551
C007546,10,158.54,4,gold,1,0,0.0,0.231588
C007547,6,1.83,6,bronze,0,0,0.0,0.001176
C007548,2,121.93,4,silver,1,0,0.0,-0.039982
C007549,5,118.56,3,silver,0,0,0.0,0.189531
C007550,6,68.83,7,silver,1,1,33.42,-0.070001
C007551,9,137.13,6,silver,1,0,0.0,0.104042
C007552,9,63.14,4,bronze,0,0,0.0,0.101806
C007553,13,75.67,3,bronze,1,0,0.0,0.149088
C007554,5,191.7,2,silver,0,1,60.56,-0.022616
C007555,2,179.66,1,silver,0,0,0.0,-0.120128
C007556,7,46.66,1,bronze,1,0,0.0,-0.046978
C007557,8,131.03,4,gold,0,0,0.0,-0.068697
C007558,11,83.32,5,bronze,0,0,0.0,-0.000992
C007559,7,158.04,1,silver,0,0,0.0,-0.105427
C007560,5,41.23,0,bronze,1,0,0.0,-0.01148
C007561,6,0.0,3,bronze,0,0,0.0,-0.011485
C007562,9,120.84,3,silver,0,0,0.0,0.104147
C007563,7,208.64,5,silver,1,0,0.0,0.082911
C007564,5,184.85,5,silver,0,0,0.0,0.119757
C007565,8,68.99,3,gold,1,0,0.0,0.0957
C007566,2,31.95,0,gold,0,0,0.0,-0.108206
C007567,2,257.08,3,gold,1,0,0.0,-0.109025
C007568,8,104.12,6,gold,0,0,0.0,0.159624
C007569,5,45.67,5,silver,1,1,153.14,0.027184
C007570,9,65.21,7,gold,0,0,0.0,0.093759
C007571,8,120.62,3,gold,1,1,85.0,-0.082205
C007572,5,166.33,4,bronze,1,0,0.0,0.044886
C007573,7,110.75,4,silver,1,0,0.0,-0.083224
C007574,9,158.83,3,bronze,0,0,0.0,0.010268
C007575,9,11.41,9,bronze,0,0,0.0,0.061997
C007576,0,126.05,4,gold,1,0,0.0,-0.072106
C007577,4,66.1,3,bronze,0,0,0.0,-0.003343
C007578,6,133.63,0,silver,0,0,0.0,-0.066293
C007579,7,58.16,3,silver,1,0,0.0,0.011743
C007580,6,116.66,5,silver,0,0,0.0,0.066947
C007581,5,150.66,0,silver,0,0,0.0,-0.05668
C007582,4,29.13,8,bronze,0,0,0.0,-0.0173
C007583,4,184.46,4,silver,0,0,0.0,-0.010479
C007584,7,156.54,5,silver,1,0,0.0,0.088079
C007585,6,127.84,7,silver,0,0,0.0,-0.11511
C007586,12,160.4,3,silver,1,1,60.25,0.270333
C007587,2,134.91,5,silver,1,0,0.0,-0.014084
C007588,3,171.05,1,bronze,1,0,0.0,-0.022842
C007589,4,86.11,2,silver,1,0,0.0,0.023649
C007590,9,51.68,2,bronze,0,1,29.45,0.006505
C007591,7,26.65,3,bronze,0,0,0.0,0.018563
C007592,12,110.04,4,bronze,1,0,0.0,0.09955
C007593,2,150.94,3,gold,0,1,15.09,-0.200438
C007594,3,90.31,4,silver,0,0,0.0,0.020037
C007595,8,148.88,2,silver,1,0,0.0,-0.008588
C007596,5,122.75,3,bronze,1,0,0.0,0.034645
C007597,10,180.04,2,bronze,1,0,0.0,0.09687
C007598,4,147.97,1,silver,0,0,0.0,-0.005926
C007599,0,270.69,4,gold,0,0,0.0,-0.143397
C007600,2,82.44,6,silver,1,0,0.0,-0.059473
C007601,4,168.97,5,silver,1,0,0.0,-0.015916
C007602,5,31.98,2,silver,1,0,0.0,-0.065638
C007603,7,114.91,2,silver,0,1,44.57,0.016236
C007604,7,0.0,3,bronze,0,0,0.0,0.030898
C007605,4,56.3,5,bronze,1,0,0.0,0.021765
C007606,8,82.72,5,gold,0,1,56.57,0.09074
C007607,0,115.34,8,gold,1,1,209.74,-0.052367
C007608,2,75.78,0,bronze,0,0,0.0,-0.002972
C007609,7,120.36,2,silver,0,0,0.0,-0.236867
C007610,10,93.7,4,silver,1,0,0.0,0.105977
C007611,6,299.64,4,silver,1,1,38.18,-0.1743
C007612,9,184.42,4,bronze,0,0,0.0,0.128208
C007613,4,193.41,1,silver,0,0,0.0,0.031451
C007614,7,185.29,6,silver,1,0,0.0,0.028544
C007615,0,197.06,1,silver,1,0,0.0,-0.080753
C007616,8,132.08,1,gold,0,1,38.43,-0.195144
C007617,7,45.17,4,bronze,1,0,0.0,0.013682
C007618,4,0.0,4,silver,1,0,0.0,-0.008273
C007619,4,172.35,7,bronze,1,0,0.0,0.018265
C007620,6,51.16,0,silver,1,0,0.0,-0.012199
C007621,7,125.74,6,silver,0,0,0.0,0.067989
C007622,5,58.99,3,silver,0,1,53.26,0.138536
C007623,3,81.76,4,bronze,1,0,0.0,-0.006502
C007624,3,92.93,3,bronze,0,1,128.44,0.027424
C007625,7,74.94,1,bronze,0,0,0.0,-0.027818
C007626,13,130.27,4,gold,0,1,61.05,0.072919
C007627,0,100.92,5,silver,0,0,0.0,0.003282
C007628,3,292.05,7,bronze,1,0,0.0,0.005122
C007629,7,171.54,3,silver,0,0,0.0,0.057153
C007630,2,188.48,4,bronze,1,0,0.0,0.005796
C007631,10,102.3,7,gold,1,1,147.06,-0.124109
C007632,13,202.09,3,silver,1,0,0.0,0.168527
C007633,12,159.46,4,bronze,0,0,0.0,0.168093
C007634,5,136.62,2,silver,1,0,0.0,-0.003703
C007635,8,130.13,5,bronze,0,0,0.0,0.060624
C007636,15,35.62,1,silver,1,0,0.0,-0.068756
C007637,8,95.85,3,silver,1,0,0.0,0.037525
C007638,6,118.12,8,silver,1,0,0.0,0.040565
C007639,5,45.4,5,bronze,0,0,0.0,0.014893
C007640,8,99.94,2,silver,0,0,0.0,-0.020123
C007641,10,101.7,3,bronze,0,0,0.0,0.002856
C007642,5,95.27,4,gold,1,0,0.0,-0.018857
C007643,6,77.41,3,silver,0,0,0.0,0.095185
C007644,5,128.45,1,bronze,0,0,0.0,-0.001346
C007645,3,138.03,6,silver,0,0,0.0,-0.056092
C007646,7,2.02,4,bronze,1,0,0.0,0.005683
C007647,6,43.59,7,silver,0,0,0.0,0.082076
C007648,11,136.83,5,bronze,1,1,121.58,0.114801
C007649,8,217.95,4,silver,0,0,0.0,0.133495
C007650,3,36.47,0,silver,0,0,0.0,-0.046618
C007651,5,54.71,5,gold,1,0,0.0,0.034235
C007652,2,77.36,2,bronze,1,0,0.0,-0.026837
C007653,8,67.04,3,silver,1,0,0.0,0.305831
C007654,10,158.5,6,bronze,1,0,0.0,0.088445
C007655,8,235.31,2,silver,0,0,0.0,-0.117185
C007656,12,0.0,5,silver,0,1,86.83,0.469879
C007657,2,0.0,5,silver,0,0,0.0,-0.051947
C007658,4,59.04,9,bronze,0,0,0.0,0.165971
C007659,12,67.24,6,bronze,1,0,0.0,0.000959
C007660,1,107.92,6,silver,0,0,0.0,-0.057506
C007661,3,51.03,6,gold,1,0,0.0,0.2765
C007662,0,72.84,3,silver,0,0,0.0,-0.043913
C007663,4,153.88,4,silver,1,1,102.51,-0.059447
C007664,10,205.88,7,silver,0,0,0.0,0.292817
C007665,7,91.43,5,bronze,1,0,0.0,0.006382
C007666,11,28.42,3,silver,0,0,0.0,-0.015533
C007667,7,64.04,5,silver,0,1,235.61,0.012332
C007668,0,62.57,4,silver,0,0,0.0,-0.076185
C007669,0,115.48,7,silver,1,0,0.0,-0.013686
C007670,7,151.98,4,silver,1,0,0.0,0.06449
C007671,3,96.76,8,gold,0,1,35.36,-0.069663
C007672,2,120.54,2,bronze,1,0,0.0,-0.043332
C007673,6,120.15,5,bronze,0,0,0.0,0.035107
C007674,9,206.2,4,silver,0,0,0.0,0.038327
C007675,4,121.65,2,bronze,0,0,0.0,-0.00999
C007676,4,140.59,1,silver,0,0,0.0,-0.021439
C007677,4,103.41,4,silver,1,1,83.95,0.035805
C007678,3,125.38,4,silver,1,0,0.0,-0.038032
C007679,4,18.3,7,silver,0,0,0.0,0.02276
C007680,11,61.36,3,silver,1,0,0.0,0.045258
C007681,3,87.06,4,bronze,0,0,0.0,0.000404
C007682,4,187.63,4,bronze,1,0,0.0,0.007199
C007683,3,42.96,5,gold,1,0,0.0,0.310498
C007684,12,92.11,6,bronze,0,0,0.0,0.075014
C007685,7,140.37,5,gold,0,1,114.6,0.24232
C007686,3,33.35,7,bronze,1,0,0.0,0.013517
C007687,0,94.44,1,silver,1,0,0.0,-0.060324
C007688,5,25.1,3,bronze,0,0,0.0,0.083518
C007689,4,36.72,5,gold,1,1,124.99,0.22981
C007690,7,112.19,5,gold,1,0,0.0,-0.034027
C007691,7,100.45,5,gold,0,0,0.0,0.227385
C007692,4,118.88,5,gold,1,1,148.92,-0.065441
C007693,12,159.92,4,gold,0,1,170.26,0.103279
C007694,5,90.12,2,bronze,1,0,0.0,0.002109
C007695,9,156.96,3,silver,0,0,0.0,-0.134429
C007696,4,103.0,3,silver,1,0,0.0,0.025385
C007697,7,151.21,3,gold,0,0,0.0,-0.184637
C007698,3,90.46,6,bronze,1,0,0.0,0.003178
C007699,8,139.63,5,silver,1,0,0.0,-0.045468
C007700,8,202.82,1,silver,0,0,0.0,0.063709
C007701,8,161.56,4,silver,0,0,0.0,-0.042112
C007702,0,185.22,5,silver,0,0,0.0,-0.036151
C007703,4,140.58,4,silver,0,0,0.0,-0.047306
C007704,3,191.98,4,bronze,0,0,0.0,-0.002913
C007705,9,167.92,9,silver,0,0,0.0,0.129589
C007706,2,147.17,6,silver,1,0,0.0,-0.182413
C007707,9,108.41,6,bronze,0,0,0.0,0.043608
C007708,7,190.78,2,silver,1,0,0.0,0.020578
C007709,6,178.67,4,gold,1,0,0.0,-0.083094
C007710,1,53.83,8,gold,0,0,0.0,0.02778
C007711,7,248.25,4,silver,0,0,0.0,0.047855
C007712,2,81.79,7,silver,0,0,0.0,0.01299
C007713,4,167.72,7,bronze,0,0,0.0,0.074201
C007714,10,49.23,2,gold,1,0,0.0,0.076601
C007715,5,230.05,4,silver,0,0,0.0,0.106094
C007716,7,194.54,2,bronze,1,0,0.0,0.02203
C007717,8,76.6,4,silver,1,1,17.86,0.167994
C007718,9,184.9,8,silver,0,0,0.0,0.030877
C007719,7,125.01,4,silver,1,0,0.0,-0.001828
C007720,7,149.09,3,gold,1,1,141.7,-0.092599
C007721,5,186.81,3,bronze,0,0,0.0,0.044295
C007722,3,43.84,5,silver,0,0,0.0,0.045126
C007723,8,140.07,4,bronze,0,0,0.0,0.222043
C007724,11,137.46,3,gold,1,1,55.46,0.042876
C007725,9,133.89,4,silver,0,1,110.02,-0.131581
C007726,2,162.45,1,gold,1,0,0.0,-0.388599
C007727,4,177.4,4,gold,0,1,52.66,0.00028
C007728,4,183.99,3,silver,0,1,157.58,-0.020618
C007729,11,124.78,5,silver,1,0,0.0,0.039422
C007730,4,109.04,2,bronze,1,0,0.0,-0.027946
C007731,0,167.95,5,silver,0,0,0.0,-0.008468
C007732,5,130.78,6,bronze,1,0,0.0,0.034352
C007733,8,86.59,7,bronze,1,0,0.0,0.100366
C007734,1,180.65,4,gold,1,0,0.0,-0.020625
C007735,9,98.38,4,gold,0,0,0.0,0.117776
C007736,6,179.97,1,bronze,1,0,0.0,-0.04158
C007737,6,133.21,3,bronze,0,0,0.0,0.046356
C007738,4,216.19,5,silver,1,0,0.0,0.027545
C007739,8,80.54,1,silver,0,0,0.0,-0.042928
C007740,7,142.81,3,gold,0,1,137.62,0.233785
C007741,7,162.17,0,silver,0,1,18.59,0.013767
C007742,7,106.91,1,silver,1,1,100.53,-0.150211
C007743,5,202.68,2,bronze,0,0,0.0,0.018397
C007744,5,117.6,7,bronze,1,0,0.0,0.053625
C007745,8,115.71,1,silver,1,0,0.0,-0.030181
C007746,6,22.27,3,gold,1,0,0.0,0.305332
C007747,5,203.61,7,silver,0,0,0.0,0.053342
C007748,3,95.59,3,gold,1,0,0.0,-0.093444
C007749,10,70.56,2,silver,0,1,160.36,0.171014
C007750,1,156.39,4,gold,0,0,0.0,-0.075026
C007751,4,7.35,4,silver,1,0,0.0,0.089013
C007752,8,126.29,5,silver,0,0,0.0,-0.014896
C007753,4,150.27,8,silver,0,0,0.0,0.039518
C007754,6,112.54,4,silver,0,0,0.0,0.039645
C007755,7,171.36,3,gold,0,1,198.23,-0.318868
C007756,2,118.11,0,silver,1,0,0.0,-0.08066
C007757,7,127.07,4,silver,0,0,0.0,0.116615
C007758,0,143.66,7,silver,0,0,0.0,0.019016
C007759,1,72.36,2,gold,1,0,0.0,0.028052
C007760,12,0.0,4,gold,1,1,81.71,-0.119065
C007761,3,184.06,2,bronze,0,0,0.0,-0.08177
C007762,8,260.07,2,bronze,1,0,0.0,0.027578
C007763,10,125.66,4,silver,0,1,124.36,-0.251054
C007764,7,182.92,2,gold,1,0,0.0,-0.065861
C007765,8,144.86,6,bronze,0,0,0.0,0.002657
C007766,2,208.3,4,silver,1,0,0.0,0.023611
C007767,6,173.97,5,silver,1,0,0.0,0.076581
C007768,9,139.49,1,gold,0,0,0.0,0.076864
C007769,10,179.04,5,silver,1,0,0.0,0.143483
C007770,10,144.73,6,bronze,0,0,0.0,0.072536
C007771,3,139.44,3,gold,0,0,0.0,-0.029793
C007772,5,118.9,3,silver,0,0,0.0,0.140549
C007773,0,138.63,3,silver,0,1,30.26,-0.009906
C007774,8,75.59,7,gold,1,0,0.0,0.07688
C007775,9,45.52,5,gold,1,0,0.0,-0.178236
C007776,8,113.4,1,gold,1,0,0.0,-0.095324
C007777,8,41.86,5,silver,1,0,0.0,-0.102027
C007778,4,166.49,4,bronze,1,0,0.0,0.003785
C007779,5,99.33,3,bronze,0,0,0.0,0.001396
C007780,15,176.11,4,gold,0,1,27.6,0.262697
C007781,7,85.5,5,gold,1,0,0.0,-0.156595
C007782,1,0.0,5,bronze,1,0,0.0,-0.002172
C007783,2,173.99,2,gold,1,0,0.0,-0.187557
C007784,2,207.81,0,silver,0,0,0.0,-0.130568
C007785,10,104.98,4,silver,1,1,12.38,-0.107227
C007786,11,187.63,5,bronze,0,0,0.0,-0.010711
C007787,5,123.59,5,silver,1,1,80.68,0.026795
C007788,6,218.29,0,silver,1,0,0.0,-0.069639
C007789,2,196.37,4,bronze,1,0,0.0,-0.007393
C007790,4,78.74,2,silver,1,0,0.0,-0.014705
C007791,4,193.12,6,silver,0,0,0.0,0.222562
C007792,4,81.48,4,silver,0,0,0.0,0.0064
C007793,5,23.45,3,bronze,0,0,0.0,-0.016747
C007794,6,93.39,5,bronze,1,1,111.07,0.034305
C007795,9,141.77,3,silver,0,0,0.0,0.08371
C007796,1,113.94,5,bronze,0,0,0.0,-0.008352
C007797,4,236.99,3,bronze,0,0,0.0,0.005272
C007798,10,111.39,0,gold,1,0,0.0,-0.091518
C007799,7,101.12,1,bronze,1,0,0.0,-0.004916
C007800,11,53.22,3,bronze,0,0,0.0,-0.105532
C007801,2,147.29,3,silver,1,0,0.0,-0.077955
C007802,0,114.45,3,silver,0,0,0.0,-0.051622
C007803,10,0.0,2,silver,0,0,0.0,-0.039309
C007804,6,168.58,5,bronze,1,0,0.0,0.075417
C007805,4,196.77,5,bronze,1,0,0.0,0.032118
C007806,7,212.88,5,silver,0,0,0.0,-0.003995
C007807,7,138.11,6,silver,0,0,0.0,0.139752
C007808,4,94.11,2,silver,0,0,0.0,-0.057322
C007809,2,103.36,3,bronze,1,0,0.0,-0.02444
C007810,9,123.96,5,gold,0,1,60.86,-0.113601
C007811,8,85.72,0,silver,1,0,0.0,-0.044486
C007812,6,244.32,5,gold,0,0,0.0,0.171262
C007813,7,15.34,3,bronze,0,0,0.0,-0.026315
C007814,3,145.87,3,gold,0,0,0.0,0.089509
C007815,5,109.49,2,bronze,0,0,0.0,0.044921
C007816,1,7.27,3,silver,1,0,0.0,0.005514
C007817,4,152.35,7,silver,0,0,0.0,0.027806
C007818,2,194.89,3,silver,1,0,0.0,0.011601
C007819,5,171.73,4,silver,0,0,0.0,-0.066212
C007820,7,30.28,6,silver,1,0,0.0,0.060386
C007821,7,104.62,1,silver,0,0,0.0,-0.03085
C007822,6,94.73,5,silver,0,1,125.62,0.042607
C007823,5,35.92,5,silver,1,0,0.0,0.019188
C007824,5,32.01,1,bronze,0,0,0.0,-0.019414
C007825,7,168.9,5,gold,1,0,0.0,0.173688
C007826,2,104.66,4,bronze,1,0,0.0,0.039613
C007827,3,25.31,5,silver,0,0,0.0,0.02533
C007828,12,121.26,5,gold,0,1,157.48,-0.057734
C007829,6,93.16,0,bronze,0,0,0.0,-0.003448
C007830,6,98.35,2,bronze,1,0,0.0,-0.043139
C007831,9,104.66,4,bronze,1,0,0.0,0.138502
C007832,6,31.04,3,silver,1,1,30.75,0.107983
C007833,8,108.25,4,gold,1,0,0.0,-0.030245
C007834,9,141.68,4,silver,0,0,0.0,0.086793
C007835,9,94.6,4,silver,1,1,38.87,-0.008685
C007836,9,147.92,7,gold,0,0,0.0,0.146476
C007837,0,92.26,1,silver,0,1,140.59,-0.008793
C007838,6,86.94,4,gold,1,1,82.91,0.140583
C007839,7,115.15,5,gold,1,1,40.71,-0.063525
C007840,7,141.12,2,bronze,1,0,0.0,-0.036657
C007841,11,116.15,4,bronze,1,1,105.18,0.007724
C007842,6,122.95,5,silver,0,0,0.0,-0.028742
C007843,8,88.95,6,bronze,1,0,0.0,0.045776
C007844,4,11.78,7,silver,0,0,0.0,0.052183
C007845,8,90.02,4,silver,1,0,0.0,0.092283
C007846,11,100.63,9,silver,0,0,0.0,-0.007916
C007847,6,168.03,4,silver,1,0,0.0,0.187255
C007848,5,57.52,6,gold,0,1,112.04,0.084341
C007849,3,60.72,0,silver,0,0,0.0,-0.019678
C007850,4,157.49,5,bronze,1,0,0.0,0.009885
C007851,8,75.41,5,silver,1,1,64.22,-0.112666
C007852,1,97.86,5,silver,1,0,0.0,-0.018738
C007853,4,200.93,3,silver,1,0,0.0,-0.02121
C007854,5,144.6,8,gold,0,1,15.18,0.107387
C007855,7,170.92,4,bronze,1,0,0.0,-0.038957
C007856,3,90.89,7,bronze,0,0,0.0,0.000591
C007857,5,278.68,3,bronze,0,0,0.0,-0.005111
C007858,7,259.56,7,silver,1,0,0.0,0.061746
C007859,11,125.43,4,silver,0,0,0.0,0.156848
C007860,8,56.41,5,bronze,1,1,13.33,0.081083
C007861,9,148.45,1,silver,0,0,0.0,0.003054
C007862,1,31.13,7,silver,0,0,0.0,-0.053656
C007863,1,140.63,5,silver,0,0,0.0,-0.0661
C007864,7,180.06,2,silver,0,0,0.0,0.002869
C007865,8,183.12,3,silver,1,0,0.0,0.221962
C007866,5,103.15,1,silver,1,0,0.0,-0.005849
C007867,11,102.19,0,bronze,0,0,0.0,-0.002197
C007868,5,122.56,4,silver,1,0,0.0,0.010884
C007869,11,108.36,4,gold,0,1,138.34,-0.02138
C007870,6,61.64,3,bronze,0,0,0.0,0.033919
C007871,11,142.7,2,bronze,0,0,0.0,0.053364
C007872,8,82.14,4,bronze,0,0,0.0,0.038665
C007873,6,162.62,10,silver,0,0,0.0,-0.040054
C007874,3,129.45,2,bronze,0,0,0.0,-0.002212
C007875,4,8.97,4,gold,0,0,0.0,-0.086512
C007876,0,133.29,5,gold,1,0,0.0,-0.090566
C007877,0,85.44,3,gold,1,0,0.0,0.137569
C007878,4,110.1,7,silver,0,0,0.0,0.012921
C007879,4,103.82,3,silver,0,0,0.0,0.150402
C007880,6,180.96,3,silver,0,0,0.0,0.177435
C007881,9,130.96,6,silver,1,1,166.95,-0.026555
C007882,1,175.32,5,gold,0,0,0.0,-0.154986
C007883,7,94.28,2,silver,1,0,0.0,0.287291
C007884,2,119.99,5,gold,0,1,94.56,-0.10689
C007885,3,91.54,5,silver,0,0,0.0,-0.026533
C007886,11,79.26,0,gold,1,0,0.0,-0.299456
C007887,9,131.49,1,silver,0,0,0.0,-0.000898
C007888,8,202.52,4,gold,1,0,0.0,0.116851
C007889,7,17.88,3,bronze,0,0,0.0,0.045103
C007890,10,158.64,4,silver,1,0,0.0,0.05522
C007891,4,249.0,3,gold,0,1,138.41,0.104593
C007892,2,145.14,5,silver,1,0,0.0,-0.409473
C007893,0,35.76,1,bronze,1,0,0.0,-0.000215
C007894,8,141.66,4,silver,1,0,0.0,-0.014919
C007895,4,123.96,5,silver,0,0,0.0,-0.092376
C007896,8,111.85,4,bronze,0,0,0.0,-0.042353
C007897,5,122.46,2,bronze,1,0,0.0,-0.003587
C007898,7,123.85,2,silver,0,1,127.43,-0.036746
C007899,0,21.24,6,silver,0,0,0.0,-0.006399
C007900,9,192.8,1,silver,0,0,0.0,-0.121935
C007901,7,12.5,8,bronze,1,0,0.0,-0.065392
C007902,13,113.67,1,silver,1,0,0.0,-0.254183
C007903,10,115.99,3,silver,1,0,0.0,-0.036946
C007904,7,197.53,3,bronze,0,0,0.0,0.029417
C007905,6,141.44,1,silver,1,0,0.0,0.049335
C007906,5,0.0,5,gold,1,0,0.0,-0.031907
C007907,3,21.34,3,bronze,0,0,0.0,-0.000972
C007908,7,38.99,4,gold,0,1,70.25,0.068831
C007909,7,124.01,4,gold,1,0,0.0,-0.009126
C007910,8,93.19,2,silver,1,1,53.13,-0.116304
C007911,6,116.27,2,bronze,1,0,0.0,-0.022506
C007912,5,33.6,4,gold,1,0,0.0,-0.001008
C007913,6,171.87,0,silver,1,0,0.0,-0.025645
C007914,5,0.0,6,silver,1,0,0.0,-0.019607
C007915,11,115.65,6,bronze,1,0,0.0,0.101219
C007916,7,136.41,1,bronze,1,0,0.0,-0.076203
C007917,0,0.0,7,gold,1,0,0.0,-0.025502
C007918,3,39.89,1,silver,1,0,0.0,0.056263
C007919,7,61.23,2,gold,1,1,31.92,0.128475
C007920,6,156.15,4,bronze,0,0,0.0,0.101105
C007921,10,111.22,0,gold,1,0,0.0,0.03989
C007922,9,100.26,1,silver,1,0,0.0,-0.007759
C007923,4,140.18,7,silver,0,0,0.0,0.003472
C007924,6,158.63,4,bronze,1,0,0.0,0.046381
C007925,3,97.18,6,bronze,0,0,0.0,0.020578
C007926,8,111.44,3,silver,1,1,117.96,0.166911
C007927,3,135.11,5,bronze,1,0,0.0,0.023896
C007928,5,156.48,3,gold,0,0,0.0,-0.169955
C007929,3,91.78,4,silver,1,1,29.5,0.140102
C007930,5,177.13,3,silver,1,0,0.0,0.196033
C007931,4,76.72,1,silver,0,0,0.0,0.000633
C007932,7,107.28,1,silver,0,0,0.0,-0.046975
C007933,7,166.23,2,bronze,0,0,0.0,0.001374
C007934,7,188.2,3,gold,1,0,0.0,-0.031757
C007935,2,201.78,2,silver,0,0,0.0,-0.055232
C007936,1,49.58,5,gold,0,0,0.0,-0.06163
C007937,5,95.87,3,silver,1,0,0.0,-0.024898
C007938,4,234.58,4,bronze,0,0,0.0,-0.033226
C007939,3,164.47,0,silver,1,0,0.0,-0.038145
C007940,8,187.11,3,gold,0,0,0.0,0.138949
C007941,8,78.98,4,silver,0,0,0.0,0.126332
C007942,8,122.91,1,silver,0,0,0.0,-0.046092
C007943,7,143.35,0,gold,0,0,0.0,-0.072577
C007944,15,162.81,4,gold,1,1,11.42,0.056032
C007945,9,212.36,3,gold,0,0,0.0,-0.264632
C007946,4,80.31,6,silver,1,0,0.0,0.160683
C007947,9,177.0,4,silver,1,0,0.0,0.073453
C007948,7,140.52,2,silver,0,0,0.0,-0.109301
C007949,2,123.75,5,silver,0,1,103.61,-0.041316
C007950,6,109.81,4,silver,0,0,0.0,0.006887
C007951,12,100.73,2,bronze,1,0,0.0,-0.003709
C007952,9,86.05,3,bronze,0,0,0.0,0.02305
C007953,8,255.79,6,silver,0,1,19.97,0.10362
C007954,3,259.24,2,silver,1,0,0.0,-0.052785
C007955,6,181.43,4,bronze,1,1,30.51,0.06212
C007956,3,38.29,5,silver,1,0,0.0,0.08594
C007957,0,18.79,2,silver,1,0,0.0,-0.016746
C007958,7,154.8,6,gold,1,1,11.64,0.305018
C007959,0,94.97,7,silver,0,0,0.0,-0.159383
C007960,7,159.14,6,silver,1,0,0.0,-0.001153
C007961,2,114.95,5,silver,1,0,0.0,-0.009111
C007962,8,96.11,8,gold,1,1,188.33,0.357372
C007963,6,81.52,6,silver,1,0,0.0,0.02388
C007964,10,98.33,6,silver,0,0,0.0,-0.007808
C007965,7,68.86,5,bronze,1,0,0.0,0.041951
C007966,4,119.09,4,silver,0,1,208.92,-0.041117
C007967,11,6.67,2,bronze,1,0,0.0,0.035842
C007968,8,156.43,5,silver,0,0,0.0,0.002977
C007969,5,94.8,4,bronze,1,0,0.0,0.021372
C007970,8,130.98,2,silver,1,0,0.0,-0.094815
C007971,5,184.66,1,bronze,0,0,0.0,0.000354
C007972,8,79.74,3,gold,0,0,0.0,0.084443
C007973,8,109.83,4,bronze,1,0,0.0,0.070375
C007974,5,230.9,5,silver,0,0,0.0,-0.090729
C007975,4,226.88,8,bronze,0,0,0.0,0.011908
C007976,5,164.02,6,silver,1,0,0.0,-0.075411
C007977,8,217.65,3,silver,0,0,0.0,0.006817
C007978,8,88.61,6,silver,1,0,0.0,0.00795
C007979,1,160.48,3,silver,1,0,0.0,-0.041845
C007980,12,191.09,3,bronze,1,0,0.0,0.090736
C007981,6,36.9,7,bronze,0,0,0.0,0.012804
C007982,4,177.65,3,silver,1,0,0.0,0.013842
C007983,8,145.52,3,silver,0,0,0.0,0.065444
C007984,4,177.09,4,gold,1,0,0.0,-0.148078
C007985,7,138.02,1,bronze,1,0,0.0,-0.010909
C007986,7,97.94,3,silver,1,1,41.9,0.024335
C007987,6,122.37,1,silver,1,0,0.0,0.008698
C007988,3,90.86,4,bronze,0,0,0.0,-0.01477
C007989,2,106.78,0,gold,1,1,11.33,-0.109256
C007990,6,47.56,5,gold,0,1,72.54,0.127509
C007991,1,127.49,8,silver,0,0,0.0,-0.042324
C007992,10,147.95,3,bronze,1,0,0.0,0.064564
C007993,5,76.85,2,silver,0,0,0.0,-0.004593
C007994,4,67.14,5,silver,0,0,0.0,0.003219
C007995,7,148.0,3,silver,0,0,0.0,-0.014219
C007996,9,199.8,4,silver,1,0,0.0,0.069245
C007997,5,116.64,6,bronze,0,0,0.0,0.020085
C007998,9,172.65,5,gold,1,1,137.99,0.126415
C007999,0,172.84,3,silver,0,0,0.0,-0.029862
C008000,12,167.13,5,silver,0,0,0.0,-0.175364
C008001,4,137.32,3,silver,0,0,0.0,-0.003777
C008002,7,177.74,7,silver,1,1,160.95,0.342093
C008003,1,120.06,4,silver,1,0,0.0,-0.014749
C008004,7,15.34,8,silver,1,0,0.0,-0.03204
C008005,2,209.22,0,silver,1,0,0.0,-0.113717
C008006,5,50.44,5,silver,0,0,0.0,-0.00452
C008007,2,158.29,4,bronze,1,0,0.0,-0.001716
C008008,12,154.23,7,bronze,1,0,0.0,0.009038
C008009,2,65.36,4,silver,0,0,0.0,-0.133515
C008010,1,110.65,7,silver,0,0,0.0,-0.005117
C008011,9,99.14,5,bronze,0,0,0.0,0.088915
C008012,3,69.14,6,silver,1,1,105.94,-0.003229
C008013,3,107.84,3,silver,1,1,29.64,0.067055
C008014,12,187.56,5,bronze,0,0,0.0,0.078864
C008015,11,124.55,6,bronze,1,0,0.0,0.134688
C008016,4,172.01,4,silver,1,0,0.0,0.000202
C008017,10,143.16,3,bronze,0,0,0.0,0.13473
C008018,3,176.27,2,bronze,1,0,0.0,-0.10099
C008019,6,154.31,6,bronze,1,0,0.0,0.007986
C008020,6,68.33,5,bronze,1,0,0.0,0.006609
C008021,4,0.0,0,bronze,1,0,0.0,-0.028649
C008022,8,69.06,7,gold,1,0,0.0,0.200775
C008023,6,84.09,1,silver,1,0,0.0,0.026198
C008024,9,219.16,7,silver,1,0,0.0,0.048437
C008025,7,131.31,4,gold,1,0,0.0,0.043958
C008026,8,131.01,4,gold,1,0,0.0,-0.109811
C008027,10,189.32,7,silver,0,0,0.0,-0.012043
C008028,0,77.21,6,gold,0,0,0.0,-0.392084
C008029,7,190.9,1,silver,1,0,0.0,0.010579
C008030,4,43.5,1,silver,1,0,0.0,0.096715
C008031,6,217.48,3,bronze,0,0,0.0,0.11905
C008032,5,214.11,5,silver,1,0,0.0,0.077685
C008033,6,206.49,5,silver,1,1,140.35,0.071782
C008034,7,50.11,3,gold,1,1,42.35,0.083522
C008035,11,76.39,3,bronze,1,0,0.0,-0.001702
C008036,6,80.77,7,gold,0,0,0.0,0.148931
C008037,3,56.04,6,silver,1,0,0.0,0.04651
C008038,5,50.32,5,silver,0,0,0.0,0.106289
C008039,2,79.72,5,silver,0,0,0.0,-0.006278
C008040,10,259.39,4,bronze,1,0,0.0,0.070553
C008041,1,112.77,4,silver,0,0,0.0,-0.028104
C008042,12,178.35,4,bronze,1,1,474.17,0.009798
C008043,6,72.06,3,silver,0,0,0.0,0.247669
C008044,6,118.89,6,bronze,0,0,0.0,0.060026
C008045,6,249.0,3,silver,0,0,0.0,0.024782
C008046,2,261.91,4,silver,0,0,0.0,-0.058148
C008047,9,208.16,5,silver,0,0,0.0,0.264878
C008048,9,102.75,4,bronze,1,0,0.0,0.048195
C008049,9,212.71,0,silver,0,0,0.0,-0.005175
C008050,8,16.14,2,bronze,0,0,0.0,-0.03842
C008051,5,162.26,3,silver,0,0,0.0,0.005513
C008052,6,57.17,4,gold,1,0,0.0,0.339853
C008053,7,112.71,4,silver,1,0,0.0,0.091343
C008054,11,184.71,1,bronze,0,0,0.0,-0.047907
C008055,7,114.6,6,silver,0,1,144.41,0.122941
C008056,17,37.44,4,silver,1,1,148.87,-0.046841
C008057,0,33.41,6,bronze,0,0,0.0,-0.021716
C008058,7,52.64,3,silver,0,0,0.0,-0.075266
C008059,9,100.76,2,silver,1,0,0.0,-0.055454
C008060,6,87.05,2,silver,1,0,0.0,-0.035769
C008061,4,165.7,2,silver,0,0,0.0,-0.188625
C008062,9,103.0,8,gold,0,0,0.0,-0.086138
C008063,11,158.59,5,silver,1,1,53.01,0.307889
C008064,5,202.04,5,gold,0,1,411.54,0.007718
C008065,7,178.67,5,silver,0,0,0.0,0.140295
C008066,12,64.35,4,silver,0,0,0.0,0.063254
C008067,4,138.15,6,gold,0,1,81.78,-0.014397
C008068,7,76.72,1,silver,1,0,0.0,-0.044237
C008069,3,119.54,2,silver,1,0,0.0,-0.088705
C008070,8,95.77,3,gold,0,0,0.0,-0.141794
C008071,11,13.68,4,gold,0,0,0.0,0.072284
C008072,3,180.19,2,silver,0,0,0.0,0.051254
C008073,13,59.85,3,gold,1,1,138.22,0.256848
C008074,6,70.07,5,silver,1,0,0.0,0.015552
C008075,13,101.63,1,silver,0,1,74.0,-0.230284
C008076,6,35.67,6,silver,0,0,0.0,-0.171545
C008077,13,140.16,2,silver,0,1,297.83,0.187713
C008078,1,28.1,5,bronze,0,0,0.0,-0.020108
C008079,7,15.92,5,gold,1,1,58.25,0.111155
C008080,10,16.26,5,bronze,1,0,0.0,0.102028
C008081,2,126.56,6,silver,1,0,0.0,-0.035873
C008082,6,21.54,3,gold,1,1,67.82,0.004363
C008083,6,0.0,4,silver,0,0,0.0,-0.353838
C008084,6,302.24,1,bronze,0,0,0.0,-0.083942
C008085,1,192.64,5,bronze,0,0,0.0,0.004852
C008086,7,299.54,3,gold,0,1,42.86,0.003427
C008087,8,222.39,0,silver,1,0,0.0,0.047934
C008088,7,117.88,5,silver,1,0,0.0,0.181098
C008089,11,116.12,4,silver,0,0,0.0,0.017846
C008090,8,94.72,4,gold,1,1,31.06,-0.318916
C008091,5,68.46,5,gold,1,0,0.0,0.0162
C008092,1,149.68,4,silver,1,0,0.0,-0.00419
C008093,6,66.11,4,silver,0,0,0.0,0.011075
C008094,7,70.49,2,gold,0,1,96.14,0.004369
C008095,7,88.65,2,silver,1,0,0.0,-0.017816
C008096,3,0.0,1,silver,1,0,0.0,-0.056971
C008097,10,31.07,4,bronze,1,0,0.0,0.059411
C008098,6,63.94,2,silver,0,0,0.0,0.11965
C008099,10,138.78,3,silver,0,0,0.0,0.215942
C008100,8,125.31,6,silver,1,0,0.0,0.062224
C008101,8,188.56,1,bronze,0,0,0.0,-0.049815
C008102,5,75.12,5,silver,1,1,167.65,-0.025874
C008103,6,149.96,2,bronze,1,0,0.0,-0.068124
C008104,8,131.64,0,silver,0,0,0.0,-0.069781
C008105,7,0.0,5,silver,0,0,0.0,0.08113
C008106,8,35.97,4,bronze,0,0,0.0,0.02335
C008107,6,249.77,5,gold,1,0,0.0,-0.09759
C008108,10,167.25,7,bronze,1,0,0.0,0.112155
C008109,9,153.57,6,silver,1,0,0.0,0.083899
C008110,7,116.43,6,bronze,0,0,0.0,0.079448
C008111,3,280.48,4,gold,0,1,128.14,-0.241664
C008112,12,192.14,6,bronze,0,0,0.0,0.057128
C008113,4,116.68,5,silver,1,0,0.0,-0.032804
C008114,13,120.61,6,silver,1,1,48.86,0.16111
C008115,6,236.76,3,silver,1,0,0.0,0.057593
C008116,4,206.47,4,bronze,1,0,0.0,0.003052
C008117,8,119.04,0,bronze,1,0,0.0,-0.004185
C008118,8,53.09,6,gold,0,0,0.0,0.052784
C008119,8,293.41,8,silver,0,0,0.0,0.073228
C008120,9,226.3,2,silver,0,0,0.0,-0.149927
C008121,3,147.23,6,silver,1,0,0.0,-0.046585
C008122,0,203.05,5,silver,0,0,0.0,-0.01871
C008123,6,0.0,7,gold,1,1,101.18,0.399291
C008124,6,225.07,3,silver,1,1,125.9,0.066765
C008125,2,140.17,4,silver,0,0,0.0,-0.119588
C008126,4,138.55,4,gold,1,1,26.48,0.008919
C008127,14,247.49,3,silver,1,0,0.0,-0.059443
C008128,10,211.36,0,silver,0,0,0.0,-0.06298
C008129,3,210.39,6,silver,0,0,0.0,-0.06926
C008130,8,185.21,4,silver,1,0,0.0,-0.058629
C008131,7,134.73,6,silver,0,0,0.0,0.272368
C008132,4,69.58,3,silver,1,1,80.09,-0.098336
C008133,3,53.95,6,gold,0,0,0.0,-0.052965
C008134,6,159.64,2,gold,0,1,165.54,0.034008
C008135,6,216.68,1,gold,1,1,33.38,-0.233149
C008136,5,60.96,1,silver,1,0,0.0,-0.062973
C008137,8,138.53,4,silver,0,0,0.0,0.109361
C008138,5,150.67,0,gold,1,0,0.0,-0.054565
C008139,5,259.13,3,bronze,1,0,0.0,-0.006406
C008140,9,154.43,3,silver,0,0,0.0,0.076394
C008141,5,244.43,7,bronze,1,1,134.0,0.031017
C008142,4,142.75,3,bronze,0,0,0.0,0.00026
C008143,3,81.53,3,gold,0,0,0.0,-0.050753
C008144,7,116.68,6,silver,1,1,46.36,0.189634
C008145,7,136.63,5,silver,1,0,0.0,-0.004415
C008146,2,74.29,5,gold,0,1,281.76,0.144632
C008147,6,155.65,4,bronze,1,1,61.81,0.133559
C008148,10,139.24,2,bronze,1,0,0.0,0.018274
C008149,6,64.19,8,silver,0,0,0.0,0.000767
C008150,8,189.41,4,silver,1,0,0.0,0.42022
C008151,9,138.77,6,silver,0,0,0.0,-0.012605
C008152,10,46.7,3,silver,1,0,0.0,0.112149
C008153,5,85.38,7,silver,1,0,0.0,0.108444
C008154,8,95.78,3,gold,0,1,17.13,0.056684
C008155,5,77.5,1,bronze,1,0,0.0,0.002561
C008156,9,149.87,6,gold,1,1,161.18,-0.023441
C008157,7,164.6,2,silver,1,1,52.05,0.005748
C008158,5,180.51,6,silver,0,0,0.0,0.144163
C008159,9,104.02,8,bronze,0,0,0.0,0.067094
C008160,3,140.31,2,silver,1,0,0.0,-0.029841
C008161,9,116.69,2,gold,1,0,0.0,0.030163
C008162,6,34.1,5,silver,1,0,0.0,-0.002056
C008163,0,150.53,8,silver,0,0,0.0,-0.011373
C008164,8,113.42,3,silver,0,0,0.0,0.128283
C008165,4,109.35,3,gold,1,0,0.0,0.190363
C008166,5,87.08,4,gold,1,0,0.0,-0.004344
C008167,4,76.2,4,gold,0,1,31.49,-0.107294
C008168,4,130.9,6,bronze,1,0,0.0,0.010638
C008169,7,111.19,4,gold,0,1,51.34,-0.012975
C008170,7,258.04,3,silver,0,0,0.0,0.273134
C008171,7,65.83,2,silver,0,1,178.49,0.044296
C008172,10,179.28,5,gold,0,1,157.26,0.009677
C008173,7,124.25,2,bronze,0,1,36.14,-0.017739
C008174,8,138.76,5,silver,1,0,0.0,0.1023
C008175,13,76.8,1,gold,0,0,0.0,-0.023573
C008176,6,125.62,3,silver,0,0,0.0,0.150531
C008177,1,100.84,4,silver,0,0,0.0,0.000292
C008178,9,109.05,3,silver,1,0,0.0,0.051946
C008179,5,97.69,3,silver,0,0,0.0,-0.093985
C008180,7,152.24,4,silver,0,0,0.0,0.004272
C008181,3,115.42,3,silver,0,0,0.0,-0.022105
C008182,6,0.0,1,silver,1,0,0.0,-0.082369
C008183,10,179.04,3,silver,0,0,0.0,0.329389
C008184,7,128.96,6,bronze,0,0,0.0,0.140921
C008185,8,173.01,5,silver,0,1,48.12,0.044052
C008186,7,162.39,7,gold,1,1,80.26,-0.05815
C008187,8,46.56,3,silver,1,0,0.0,0.095756
C008188,5,103.08,3,silver,0,0,0.0,0.014248
C008189,5,66.32,4,bronze,1,0,0.0,0.01413
C008190,9,0.0,3,bronze,1,0,0.0,0.088797
C008191,7,230.08,4,gold,1,1,201.85,0.143228
C008192,6,152.19,5,silver,0,0,0.0,0.048523
C008193,5,207.49,5,gold,1,0,0.0,0.110586
C008194,3,0.0,3,bronze,0,0,0.0,-0.019094
C008195,0,86.51,5,bronze,1,0,0.0,0.001928
C008196,8,0.0,6,silver,0,1,24.43,0.04454
C008197,4,164.5,2,gold,0,1,131.57,-0.475354
C008198,6,198.99,4,gold,1,1,87.41,0.328659
C008199,4,232.61,8,bronze,0,0,0.0,0.006223
C008200,15,0.0,4,gold,0,0,0.0,0.00186
C008201,5,192.4,3,silver,0,0,0.0,-0.068487
C008202,3,185.81,3,gold,0,1,218.41,-0.036717
C008203,9,17.13,6,bronze,0,0,0.0,0.001119
C008204,2,77.27,4,gold,0,0,0.0,0.024121
C008205,7,253.14,6,silver,1,0,0.0,-0.018571
C008206,5,47.59,5,silver,1,0,0.0,-0.061188
C008207,6,287.78,5,gold,1,1,99.33,0.279504
C008208,8,70.75,2,silver,0,1,42.07,-0.174572
C008209,8,156.21,4,bronze,1,0,0.0,0.051328
C008210,2,89.33,5,silver,1,0,0.0,-0.015013
C008211,0,43.31,3,silver,1,0,0.0,-0.020959
C008212,2,44.18,4,silver,1,0,0.0,-0.018017
C008213,10,54.26,6,gold,1,1,127.28,-0.027996
C008214,1,97.53,4,silver,1,0,0.0,0.013538
C008215,11,92.73,4,silver,0,0,0.0,0.121049
C008216,6,188.77,5,gold,0,0,0.0,0.024109
C008217,6,124.45,5,gold,1,0,0.0,-0.06324
C008218,3,64.42,4,silver,0,0,0.0,0.112488
C008219,4,53.3,2,silver,1,0,0.0,-0.072328
C008220,8,213.37,9,silver,1,0,0.0,0.256453
C008221,3,116.06,0,silver,1,0,0.0,-0.018653
C008222,8,108.31,4,gold,1,0,0.0,-0.135971
C008223,5,49.58,3,silver,0,0,0.0,-0.002015
C008224,9,121.14,6,gold,0,0,0.0,0.07078
C008225,9,92.09,5,silver,1,0,0.0,-0.041039
C008226,9,110.85,7,silver,1,0,0.0,0.047234
C008227,9,45.24,4,bronze,1,0,0.0,0.008014
C008228,7,145.18,7,bronze,0,0,0.0,0.069569
C008229,6,83.85,5,bronze,1,0,0.0,0.01072
C008230,0,135.79,10,silver,1,0,0.0,-0.064796
C008231,3,200.85,6,bronze,0,0,0.0,0.011075
C008232,11,178.85,7,silver,0,1,33.82,0.140927
C008233,9,150.58,10,silver,0,0,0.0,0.424236
C008234,4,23.8,4,bronze,0,0,0.0,0.002838
C008235,6,79.33,3,silver,1,1,14.94,0.121975
C008236,3,149.92,0,bronze,0,0,0.0,-0.001767
C008237,10,80.24,5,bronze,0,0,0.0,0.049546
C008238,7,158.03,5,silver,1,0,0.0,0.009059
C008239,7,72.47,1,silver,1,0,0.0,-0.104455
C008240,7,89.18,3,silver,0,0,0.0,-0.061888
C008241,8,197.52,5,silver,0,0,0.0,0.222227
C008242,8,0.0,5,silver,1,0,0.0,-0.177834
C008243,8,64.85,7,silver,1,0,0.0,0.228655
C008244,0,291.49,5,silver,0,0,0.0,-0.062123
C008245,2,225.06,8,bronze,0,0,0.0,-0.009491
C008246,4,143.34,5,bronze,0,0,0.0,0.134278
C008247,9,126.87,9,silver,0,0,0.0,-0.003288
C008248,9,175.95,3,gold,1,0,0.0,0.013776
C008249,6,267.47,2,bronze,0,0,0.0,-0.023579
C008250,7,164.87,0,bronze,1,0,0.0,0.00143
C008251,5,0.0,4,silver,1,0,0.0,-0.041929
C008252,11,216.94,7,silver,1,0,0.0,0.112321
C008253,7,157.34,5,silver,0,0,0.0,0.017355
C008254,5,0.0,3,gold,0,0,0.0,0.052995
C008255,8,141.0,6,bronze,0,0,0.0,0.001627
C008256,5,72.16,2,silver,0,0,0.0,0.022311
C008257,6,128.94,6,silver,1,1,69.51,0.296162
C008258,7,158.2,3,bronze,0,0,0.0,0.040859
C008259,4,175.03,5,gold,0,0,0.0,0.007393
C008260,10,144.3,5,bronze,0,0,0.0,0.018442
C008261,5,116.08,7,bronze,0,0,0.0,0.015959
C008262,1,77.27,3,silver,1,0,0.0,-0.029367
C008263,3,188.42,3,gold,0,1,164.59,0.037205
C008264,9,75.55,2,bronze,1,0,0.0,-0.020639
C008265,9,177.37,5,silver,1,0,0.0,0.012681
C008266,6,133.15,6,bronze,0,0,0.0,0.025907
C008267,9,80.96,4,bronze,1,0,0.0,-0.068199
C008268,0,200.7,5,silver,0,0,0.0,-0.017212
C008269,10,36.66,1,bronze,1,0,0.0,0.006427
C008270,10,130.42,5,silver,0,0,0.0,0.065091
C008271,6,136.38,3,silver,1,0,0.0,-0.103247
C008272,6,138.54,5,silver,0,1,77.81,0.178426
C008273,9,110.32,4,silver,1,0,0.0,0.028409
C008274,6,85.57,2,silver,0,0,0.0,-0.077859
C008275,5,139.36,2,silver,0,0,0.0,0.010133
C008276,2,50.41,5,gold,1,1,67.11,-0.25606
C008277,6,269.65,3,gold,1,0,0.0,0.139988
C008278,2,121.94,7,bronze,0,0,0.0,0.00672
C008279,0,239.78,3,silver,0,0,0.0,-0.090644
C008280,8,39.88,4,gold,1,0,0.0,0.35085
C008281,11,119.92,8,gold,1,0,0.0,0.006946
C008282,3,188.16,5,bronze,1,0,0.0,0.01428
C008283,5,109.24,6,silver,1,0,0.0,0.078959
C008284,2,114.98,8,silver,1,0,0.0,-0.031689
C008285,6,231.86,5,bronze,1,0,0.0,0.030001
C008286,3,161.45,4,silver,0,0,0.0,-0.082912
C008287,3,133.43,1,gold,1,1,127.89,-0.094573
C008288,3,180.16,1,silver,1,0,0.0,0.029606
C008289,7,141.32,6,silver,1,0,0.0,0.076604
C008290,7,120.0,3,silver,1,0,0.0,0.088896
C008291,10,147.43,3,bronze,0,0,0.0,0.002641
C008292,8,0.0,2,bronze,1,0,0.0,0.005952
C008293,0,183.98,2,silver,0,0,0.0,-0.030457
C008294,9,85.8,4,bronze,1,0,0.0,0.05157
C008295,8,97.44,3,silver,1,0,0.0,0.075722
C008296,2,185.08,4,silver,0,0,0.0,-0.072614
C008297,6,158.23,1,silver,0,0,0.0,-0.015936
C008298,0,159.8,2,bronze,0,0,0.0,-0.00024
C008299,10,76.85,2,bronze,0,0,0.0,0.049649
C008300,4,131.37,3,silver,1,0,0.0,0.061078
C008301,9,115.26,6,silver,1,0,0.0,0.153145
C008302,8,183.02,0,gold,1,1,73.49,-0.162728
C008303,5,120.83,4,silver,1,1,134.12,0.086825
C008304,6,8.63,6,bronze,0,0,0.0,1.5e-05
C008305,0,110.72,7,bronze,0,0,0.0,0.007675
C008306,9,136.94,5,gold,0,0,0.0,0.153291
C008307,9,61.85,3,bronze,0,0,0.0,0.070817
C008308,5,175.29,2,gold,0,0,0.0,-0.057612
C008309,6,101.5,5,gold,1,1,121.66,-0.128237
C008310,8,94.36,3,gold,1,1,53.19,0.194589
C008311,9,237.05,4,bronze,1,0,0.0,0.036996
C008312,5,120.4,0,bronze,1,0,0.0,-0.00528
C008313,8,41.34,6,bronze,1,0,0.0,0.043673
C008314,8,111.93,2,bronze,1,0,0.0,0.012181
C008315,5,109.2,3,silver,0,0,0.0,0.117962
C008316,3,60.14,2,gold,1,0,0.0,-0.055174
C008317,8,184.75,5,silver,0,0,0.0,0.300578
C008318,6,137.9,7,silver,1,0,0.0,0.049924
C008319,14,170.65,7,silver,1,0,0.0,0.401024
C008320,5,223.75,3,bronze,0,0,0.0,0.014026
C008321,8,170.36,3,silver,0,0,0.0,0.001607
C008322,3,178.49,5,gold,0,0,0.0,0.466267
C008323,10,150.05,4,gold,1,0,0.0,0.135218
C008324,4,156.78,6,bronze,1,0,0.0,0.031444
C008325,10,131.95,4,bronze,1,0,0.0,-0.006937
C008326,7,60.08,3,silver,0,1,77.06,0.10227
C008327,5,157.2,3,silver,1,1,56.58,-0.013956
C008328,10,193.42,7,bronze,1,0,0.0,0.252197
C008329,9,78.1,4,silver,0,0,0.0,0.15443
C008330,5,156.63,0,silver,1,1,63.23,-0.024958
C008331,5,129.42,4,gold,1,0,0.0,0.187139
C008332,6,112.97,4,bronze,0,0,0.0,0.023119
C008333,8,66.14,4,silver,1,0,0.0,-0.062587
C008334,3,200.9,0,silver,0,0,0.0,-0.0328
C008335,7,95.44,5,bronze,1,0,0.0,0.080358
C008336,8,80.02,4,bronze,0,0,0.0,0.010352
C008337,7,154.59,3,silver,0,0,0.0,0.00844
C008338,4,166.58,2,gold,1,0,0.0,-0.059782
C008339,1,115.01,3,silver,1,0,0.0,-0.000725
C008340,4,26.63,4,bronze,1,0,0.0,-0.018706
C008341,6,94.59,5,silver,0,0,0.0,0.035544
C008342,4,157.87,7,bronze,1,0,0.0,0.010369
C008343,5,110.94,1,bronze,0,0,0.0,0.001075
C008344,7,110.13,7,bronze,1,0,0.0,0.075443
C008345,6,92.36,4,gold,1,0,0.0,0.041013
C008346,12,120.69,5,silver,1,1,29.79,0.290534
C008347,8,51.01,6,silver,1,0,0.0,0.01641
C008348,8,155.46,6,gold,1,0,0.0,0.229569
C008349,4,149.1,2,silver,0,0,0.0,0.012956
C008350,2,0.0,2,silver,1,0,0.0,-0.04335
C008351,5,31.46,7,silver,0,0,0.0,0.044768
C008352,7,146.74,6,bronze,1,0,0.0,0.048461
C008353,4,92.88,6,bronze,0,0,0.0,-0.005416
C008354,9,37.84,4,bronze,0,0,0.0,0.027691
C008355,4,95.05,6,silver,0,0,0.0,0.019957
C008356,8,79.64,3,silver,1,0,0.0,0.165396
C008357,5,136.58,3,silver,1,0,0.0,-0.041199
C008358,9,91.55,4,silver,0,0,0.0,0.008614
C008359,2,109.94,7,bronze,1,0,0.0,0.009583
C008360,7,2.98,2,gold,0,1,75.07,0.080364
C008361,15,209.42,6,gold,0,1,53.83,0.108471
C008362,7,112.4,5,bronze,1,0,0.0,0.083153
C008363,7,0.0,6,gold,1,0,0.0,0.119636
C008364,4,13.28,4,silver,1,0,0.0,0.098686
C008365,5,190.19,6,silver,1,0,0.0,-0.0837
C008366,8,107.66,6,gold,0,1,43.89,-0.015137
C008367,2,219.89,6,bronze,1,0,0.0,-0.028499
C008368,6,278.15,4,gold,1,0,0.0,0.087013
C008369,12,0.0,2,silver,1,0,0.0,-0.207351
C008370,7,106.82,2,silver,0,0,0.0,0.065963
C008371,8,59.72,6,bronze,0,0,0.0,0.040756
C008372,5,83.58,8,silver,1,1,176.25,0.007462
C008373,7,128.64,3,gold,0,0,0.0,-0.463126
C008374,9,180.17,2,silver,0,0,0.0,0.080666
C008375,3,76.06,5,gold,1,0,0.0,-0.157113
C008376,5,35.6,0,silver,1,0,0.0,0.071111
C008377,10,135.53,4,silver,0,0,0.0,0.173925
C008378,12,61.98,2,bronze,0,0,0.0,-0.008482
C008379,7,177.99,0,silver,0,0,0.0,-0.037077
C008380,4,101.94,6,gold,0,0,0.0,0.10915
C008381,8,171.46,3,silver,0,0,0.0,0.171159
C008382,10,110.13,4,silver,1,0,0.0,0.124129
C008383,6,58.91,4,bronze,0,0,0.0,0.037713
C008384,6,82.95,5,gold,0,1,109.64,0.086323
C008385,7,97.67,0,bronze,1,0,0.0,0.002495
C008386,9,219.94,4,silver,0,0,0.0,0.224753
C008387,6,142.03,6,bronze,0,0,0.0,0.04715
C008388,10,234.57,2,bronze,1,0,0.0,-0.026341
C008389,5,153.46,2,silver,1,0,0.0,-0.073264
C008390,2,118.28,3,gold,0,0,0.0,-0.05385
C008391,9,72.47,0,bronze,0,0,0.0,0.000242
C008392,12,1.6,6,silver,1,0,0.0,0.105998
C008393,10,163.96,3,silver,0,0,0.0,0.344682
C008394,6,88.1,4,gold,1,0,0.0,0.005928
C008395,0,101.89,3,silver,0,0,0.0,-0.10705
C008396,6,0.0,6,silver,1,0,0.0,-0.008689
C008397,8,70.04,5,gold,1,0,0.0,0.103538
C008398,6,119.72,5,silver,1,0,0.0,0.009664
C008399,7,110.83,5,silver,0,1,98.73,0.053508
C008400,6,148.47,4,silver,0,0,0.0,0.096083
C008401,9,151.9,5,silver,1,0,0.0,0.126873
C008402,3,23.81,2,gold,0,0,0.0,-0.268404
C008403,3,18.57,5,silver,1,0,0.0,0.043664
C008404,3,149.04,6,silver,1,0,0.0,-0.023268
C008405,2,126.78,2,silver,0,1,100.54,-0.016399
C008406,6,130.33,4,bronze,0,0,0.0,0.057927
C008407,2,192.36,4,gold,1,1,156.92,-0.053842
C008408,9,134.72,3,silver,1,0,0.0,0.243953
C008409,6,148.61,5,gold,1,1,215.38,-0.147751
C008410,3,137.3,2,silver,0,1,64.47,-0.019778
C008411,7,192.73,3,silver,1,0,0.0,0.048783
C008412,7,181.4,6,silver,0,0,0.0,-0.028559
C008413,7,50.39,5,gold,1,0,0.0,0.085898
C008414,9,58.72,5,bronze,1,0,0.0,0.064203
C008415,9,136.95,4,bronze,1,0,0.0,0.015962
C008416,7,32.29,3,silver,0,0,0.0,0.066009
C008417,6,116.83,2,bronze,1,0,0.0,-0.01457
C008418,3,28.54,4,bronze,0,0,0.0,-0.004774
C008419,4,135.32,5,silver,1,0,0.0,0.172623
C008420,3,97.11,4,silver,1,0,0.0,-0.03131
C008421,5,68.71,1,silver,0,0,0.0,-0.050903
C008422,8,44.56,5,gold,0,0,0.0,0.075134
C008423,7,82.09,4,silver,0,0,0.0,-0.19474
C008424,0,208.58,8,bronze,1,0,0.0,-0.015768
C008425,2,132.91,3,bronze,1,0,0.0,0.01502
C008426,8,223.5,4,bronze,0,0,0.0,0.030229
C008427,4,153.79,2,silver,0,0,0.0,-0.157093
C008428,5,95.28,8,bronze,1,0,0.0,0.018832
C008429,5,253.92,4,bronze,1,0,0.0,0.008629
C008430,4,127.73,4,bronze,1,0,0.0,-0.010006
C008431,8,40.4,5,bronze,0,0,0.0,0.008986
C008432,9,290.5,6,gold,0,0,0.0,-0.340653
C008433,9,181.91,6,gold,0,0,0.0,0.074828
C008434,9,188.37,5,silver,0,1,127.24,0.078257
C008435,7,105.95,4,gold,1,0,0.0,0.202978
C008436,10,111.56,6,silver,1,0,0.0,0.231052
C008437,9,167.21,3,bronze,1,0,0.0,0.082613
C008438,5,0.0,5,bronze,0,0,0.0,0.005627
C008439,4,79.91,5,silver,0,0,0.0,0.057777
C008440,3,22.02,7,bronze,0,0,0.0,0.00634
C008441,10,89.28,5,bronze,1,0,0.0,0.069962
C008442,13,89.21,1,gold,0,1,65.35,-0.041984
C008443,8,140.66,3,silver,1,1,63.5,-0.052988
C008444,4,212.89,5,bronze,1,0,0.0,-0.000506
C008445,6,150.07,0,bronze,1,0,0.0,-0.002441
C008446,9,100.41,5,silver,1,0,0.0,0.516297
C008447,5,26.42,5,silver,0,0,0.0,-0.033469
C008448,3,209.71,3,gold,0,1,165.74,-0.204923
C008449,8,85.68,4,silver,1,0,0.0,0.218668
C008450,8,15.54,4,gold,1,1,57.23,-0.073083
C008451,7,148.95,4,silver,1,0,0.0,-0.008811
C008452,7,126.08,5,silver,0,0,0.0,0.170134
C008453,3,45.41,7,bronze,0,0,0.0,0.020236
C008454,3,54.46,8,bronze,0,1,148.41,0.023421
C008455,5,194.89,3,gold,1,0,0.0,-0.394817
C008456,6,275.38,3,gold,0,0,0.0,0.127617
C008457,1,168.35,3,silver,0,0,0.0,-0.012837
C008458,2,210.92,2,silver,0,0,0.0,-0.104867
C008459,7,127.34,2,gold,0,1,61.89,-0.165844
C008460,7,72.24,6,gold,0,1,17.84,-0.021335
C008461,6,214.01,3,gold,1,0,0.0,0.487735
C008462,8,0.0,4,silver,0,1,252.35,-0.009589
C008463,0,184.72,4,gold,1,0,0.0,-0.187397
C008464,0,116.71,3,silver,1,0,0.0,0.007551
C008465,2,36.58,4,gold,1,0,0.0,-0.106644
C008466,5,173.6,8,silver,0,0,0.0,0.060992
C008467,0,146.55,6,bronze,1,0,0.0,0.002853
C008468,11,134.94,2,gold,0,0,0.0,0.046791
C008469,15,101.46,4,silver,1,0,0.0,0.239235
C008470,0,168.13,3,gold,0,0,0.0,-0.054303
C008471,5,119.18,6,gold,0,1,82.91,0.066192
C008472,9,80.62,3,bronze,0,0,0.0,0.011937
C008473,8,222.19,2,gold,0,0,0.0,-0.003564
C008474,6,34.1,2,silver,1,0,0.0,-0.00366
C008475,5,90.09,5,silver,0,0,0.0,0.025162
C008476,9,72.89,4,silver,1,0,0.0,0.019707
C008477,6,57.23,3,silver,0,0,0.0,0.098646
C008478,5,39.0,1,silver,0,0,0.0,0.031557
C008479,3,49.48,6,bronze,1,0,0.0,-0.02607
C008480,0,92.58,1,bronze,1,0,0.0,-0.005292
C008481,11,75.85,3,bronze,1,0,0.0,0.035797
C008482,2,134.32,5,silver,1,0,0.0,-0.061849
C008483,1,164.93,4,silver,0,0,0.0,0.002742
C008484,6,201.81,6,silver,1,1,109.6,9.4e-05
C008485,10,70.9,4,silver,1,0,0.0,-0.022812
C008486,10,233.88,2,silver,0,0,0.0,0.132202
C008487,9,52.53,1,silver,0,0,0.0,-0.066002
C008488,7,116.72,8,silver,1,0,0.0,0.070198
C008489,6,183.57,0,silver,0,0,0.0,-0.057796
C008490,5,138.42,1,silver,1,1,44.48,-0.037321
C008491,12,170.2,5,silver,0,0,0.0,-0.007592
C008492,6,133.3,7,bronze,1,0,0.0,0.075348
C008493,8,170.34,7,gold,1,1,160.43,0.073195
C008494,12,84.73,4,gold,0,0,0.0,-0.224372
C008495,12,128.44,7,gold,1,1,31.04,0.07348
C008496,8,128.87,2,gold,0,0,0.0,-0.084228
C008497,7,146.22,3,silver,1,0,0.0,0.161036
C008498,10,94.44,5,silver,1,0,0.0,0.029957
C008499,9,176.38,3,silver,0,0,0.0,0.025261
C008500,8,72.96,3,silver,0,1,60.71,0.060525
C008501,3,103.91,4,silver,1,0,0.0,-0.086904
C008502,7,249.86,4,silver,1,1,40.01,-0.124637
C008503,2,102.88,1,gold,1,1,41.32,-0.069278
C008504,6,203.94,5,bronze,1,0,0.0,0.035509
C008505,3,76.88,10,silver,1,1,184.99,-0.077143
C008506,7,163.34,5,silver,1,0,0.0,-0.151141
C008507,8,178.16,7,bronze,1,0,0.0,0.103108
C008508,8,124.67,7,bronze,0,0,0.0,0.152157
C008509,4,125.87,4,bronze,0,0,0.0,0.055117
C008510,4,207.65,6,silver,1,0,0.0,0.059542
C008511,4,194.59,0,silver,1,1,119.52,-0.001231
C008512,11,131.2,2,silver,0,0,0.0,0.014179
C008513,4,52.27,7,silver,1,0,0.0,0.012165
C008514,4,172.88,4,bronze,1,0,0.0,0.017552
C008515,3,43.74,5,silver,0,0,0.0,-0.014076
C008516,5,140.01,4,gold,1,0,0.0,0.093786
C008517,5,121.25,2,silver,1,0,0.0,-0.202653
C008518,5,68.96,5,silver,1,0,0.0,0.027318
C008519,9,90.27,5,silver,0,0,0.0,0.066375
C008520,10,93.68,1,silver,0,0,0.0,0.020893
C008521,12,55.24,2,bronze,0,0,0.0,-0.014409
C008522,8,104.49,6,bronze,1,0,0.0,0.049326
C008523,2,124.35,7,silver,0,0,0.0,0.015242
C008524,7,168.01,3,silver,0,0,0.0,-0.095067
C008525,6,81.44,6,silver,1,0,0.0,0.020424
C008526,6,89.6,5,gold,0,0,0.0,0.008436
C008527,2,187.92,6,bronze,1,0,0.0,-0.020172
C008528,7,139.27,2,silver,1,1,15.11,0.043555
C008529,5,143.38,4,silver,0,0,0.0,0.037634
C008530,6,64.81,6,gold,0,0,0.0,-0.213416
C008531,7,147.33,3,silver,0,0,0.0,0.049669
C008532,4,255.15,4,bronze,0,0,0.0,0.063287
C008533,3,68.69,2,silver,1,0,0.0,-0.106477
C008534,6,106.61,6,gold,1,1,52.37,-0.164092
C008535,4,209.3,4,gold,1,0,0.0,-0.100536
C008536,6,209.11,3,gold,1,0,0.0,-0.201982
C008537,1,57.34,4,bronze,1,0,0.0,-0.004958
C008538,6,116.5,2,silver,1,1,131.97,0.019152
C008539,7,93.18,2,silver,0,0,0.0,0.084042
C008540,7,133.6,3,bronze,1,0,0.0,0.086558
C008541,6,34.22,11,bronze,0,0,0.0,0.012945
C008542,2,47.07,3,bronze,1,0,0.0,-0.00102
C008543,7,151.66,3,silver,0,0,0.0,0.176599
C008544,5,77.37,4,gold,0,0,0.0,-0.022554
C008545,6,113.96,2,silver,0,0,0.0,-0.098961
C008546,8,205.2,4,gold,1,0,0.0,-0.019323
C008547,1,72.26,5,silver,1,0,0.0,-0.039164
C008548,7,108.17,7,silver,0,0,0.0,-0.028185
C008549,6,145.35,4,silver,1,1,27.62,0.070754
C008550,5,49.57,3,gold,0,0,0.0,0.078655
C008551,9,161.98,5,silver,0,0,0.0,-0.173417
C008552,7,177.79,3,silver,0,0,0.0,0.386216
C008553,6,20.88,6,bronze,0,0,0.0,0.036147
C008554,5,160.89,3,gold,1,1,486.61,0.124058
C008555,11,219.41,1,silver,1,0,0.0,-0.255284
C008556,9,121.08,1,bronze,1,0,0.0,0.013318
C008557,4,190.16,6,silver,0,1,82.45,-0.075144
C008558,0,133.34,5,silver,1,0,0.0,-0.182624
C008559,9,63.74,4,silver,1,0,0.0,0.097193
C008560,11,94.17,2,silver,0,0,0.0,0.148044
C008561,10,171.74,3,silver,1,0,0.0,0.098375
C008562,3,68.37,2,silver,0,0,0.0,-0.052709
C008563,7,28.11,2,gold,0,0,0.0,-0.129407
C008564,0,135.36,2,bronze,0,0,0.0,-0.000676
C008565,0,103.19,5,silver,0,0,0.0,0.039181
C008566,3,41.4,6,silver,0,0,0.0,0.010395
C008567,6,95.28,1,silver,0,0,0.0,-0.122025
C008568,7,82.2,3,gold,0,1,43.48,0.008187
C008569,10,83.78,4,gold,0,1,238.08,0.027473
C008570,4,54.22,4,bronze,0,0,0.0,-0.01646
C008571,9,167.51,7,bronze,1,0,0.0,-0.003614
C008572,5,144.3,5,bronze,0,0,0.0,0.00503
C008573,3,141.49,1,silver,0,0,0.0,-0.225405
C008574,6,107.56,2,silver,0,1,52.9,0.052016
C008575,13,158.51,7,silver,1,0,0.0,0.340812
C008576,4,210.4,3,silver,0,0,0.0,0.037806
C008577,5,97.12,8,silver,0,1,54.67,-0.109367
C008578,5,13.9,8,silver,0,0,0.0,-0.099088
C008579,11,104.72,4,silver,0,0,0.0,0.150371
C008580,6,97.08,3,bronze,1,0,0.0,0.053176
C008581,4,75.76,4,gold,0,1,116.62,-0.110926
C008582,11,103.2,3,bronze,1,0,0.0,-0.037577
C008583,10,71.18,4,silver,1,0,0.0,0.116304
C008584,10,46.42,3,silver,1,0,0.0,-0.052655
C008585,5,105.13,5,bronze,0,0,0.0,0.050121
C008586,9,171.92,2,bronze,0,0,0.0,0.125776
C008587,6,0.0,1,bronze,0,0,0.0,0.001183
C008588,7,195.74,3,silver,0,0,0.0,0.107249
C008589,4,129.6,4,silver,1,0,0.0,-0.010285
C008590,9,110.66,2,gold,1,1,213.24,-0.02222
C008591,7,47.42,2,bronze,1,0,0.0,-0.00805
C008592,2,126.77,5,bronze,0,0,0.0,0.011781
C008593,6,174.12,8,silver,0,0,0.0,0.072638
C008594,6,137.38,4,silver,0,0,0.0,0.002933
C008595,0,67.6,6,silver,1,0,0.0,-0.014679
C008596,6,135.49,3,bronze,0,0,0.0,0.089602
C008597,7,206.15,6,silver,1,0,0.0,0.161998
C008598,2,65.82,3,bronze,0,0,0.0,0.002675
C008599,3,0.0,9,silver,0,0,0.0,-0.107673
C008600,5,102.29,4,gold,0,0,0.0,-0.066785
C008601,6,162.13,2,silver,1,0,0.0,0.306675
C008602,14,72.38,7,bronze,0,0,0.0,0.090894
C008603,8,96.03,3,silver,1,0,0.0,0.184033
C008604,2,94.24,3,silver,1,1,29.71,-0.007711
C008605,4,72.28,4,silver,0,0,0.0,0.000755
C008606,3,190.4,5,silver,0,0,0.0,0.142585
C008607,9,138.65,3,bronze,0,0,0.0,0.036165
C008608,6,0.0,6,bronze,1,0,0.0,0.014727
C008609,2,91.46,3,gold,0,1,24.42,0.092865
C008610,6,100.31,5,silver,1,0,0.0,-0.170307
C008611,0,128.8,7,silver,1,0,0.0,-0.018233
C008612,3,68.8,2,silver,1,0,0.0,-0.024129
C008613,4,114.62,5,bronze,0,0,0.0,0.119223
C008614,7,81.67,8,silver,0,0,0.0,-0.017092
C008615,9,0.0,1,silver,0,0,0.0,-0.119114
C008616,6,41.58,6,gold,0,1,136.18,0.146779
C008617,4,160.55,7,silver,1,0,0.0,0.281456
C008618,7,235.1,3,gold,0,0,0.0,-0.027831
C008619,5,108.77,5,bronze,1,0,0.0,0.012383
C008620,9,154.04,1,bronze,1,0,0.0,-0.019898
C008621,12,192.1,4,bronze,1,0,0.0,0.082772
C008622,7,168.02,4,silver,1,0,0.0,0.284848
C008623,5,179.89,4,silver,1,0,0.0,-0.05063
C008624,0,54.29,5,bronze,0,0,0.0,-0.04668
C008625,6,46.44,6,silver,0,0,0.0,-0.320604
C008626,7,152.1,4,silver,0,0,0.0,0.181648
C008627,12,73.57,1,silver,1,0,0.0,-0.08107
C008628,9,109.61,5,bronze,0,0,0.0,0.059852
C008629,6,251.77,3,gold,1,0,0.0,-0.014914
C008630,6,226.21,5,silver,0,0,0.0,0.192944
C008631,8,168.91,2,silver,1,0,0.0,0.048022
C008632,8,275.17,5,silver,0,0,0.0,0.033445
C008633,5,171.09,5,bronze,1,0,0.0,0.022737
C008634,4,108.86,4,bronze,0,0,0.0,0.010846
C008635,6,173.79,5,silver,1,0,0.0,0.011023
C008636,7,189.74,6,silver,0,0,0.0,0.029227
C008637,10,254.56,3,silver,1,0,0.0,0.164911
C008638,10,128.21,1,silver,1,0,0.0,-0.114537
C008639,6,128.02,3,bronze,0,0,0.0,0.00592
C008640,4,99.32,4,silver,0,0,0.0,-0.014038
C008641,5,41.19,3,silver,0,0,0.0,-0.006189
C008642,0,104.98,4,bronze,1,0,0.0,0.001408
C008643,4,110.66,7,silver,1,0,0.0,-0.018123
C008644,7,76.95,1,silver,1,0,0.0,0.015209
C008645,5,81.77,3,bronze,0,0,0.0,-0.030743
C008646,10,205.73,5,gold,1,1,37.37,-0.262033
C008647,8,110.51,5,silver,0,0,0.0,0.139761
C008648,5,9.5,6,gold,1,0,0.0,-0.041604
C008649,6,61.55,5,silver,1,0,0.0,0.158173
C008650,2,83.72,6,gold,0,0,0.0,-0.052188
C008651,7,202.64,7,silver,0,0,0.0,-0.063741
C008652,8,143.41,5,silver,0,0,0.0,0.249017
C008653,7,184.32,4,silver,1,0,0.0,0.081795
C008654,6,146.83,4,silver,0,0,0.0,0.153351
C008655,4,254.99,4,gold,0,0,0.0,0.166403
C008656,7,85.49,9,bronze,0,0,0.0,0.041974
C008657,8,99.06,3,silver,0,0,0.0,0.075281
C008658,2,139.14,5,silver,1,0,0.0,-0.109127
C008659,9,32.91,3,bronze,0,0,0.0,0.015719
C008660,6,100.38,4,silver,1,0,0.0,0.027997
C008661,5,61.0,4,silver,1,0,0.0,-0.00969
C008662,10,55.11,4,silver,0,0,0.0,0.067466
C008663,5,147.41,2,silver,0,0,0.0,-0.008934
C008664,7,136.54,5,silver,1,0,0.0,-0.019559
C008665,5,201.38,6,bronze,0,0,0.0,0.107696
C008666,15,183.6,4,silver,1,1,52.31,0.38161
C008667,0,0.0,5,bronze,0,0,0.0,-0.008092
C008668,8,109.36,5,bronze,0,0,0.0,0.107245
C008669,11,120.62,1,silver,0,0,0.0,-0.056002
C008670,10,116.48,5,silver,0,0,0.0,0.11748
C008671,5,117.55,3,bronze,1,0,0.0,-0.003381
C008672,6,86.02,7,bronze,1,0,0.0,0.037891
C008673,3,107.84,5,bronze,0,0,0.0,0.015197
C008674,3,162.87,3,gold,0,0,0.0,-0.213484
C008675,5,104.3,6,silver,1,0,0.0,0.211479
C008676,6,211.5,6,gold,0,0,0.0,-0.296976
C008677,8,132.63,3,silver,1,0,0.0,0.230203
C008678,9,103.9,5,bronze,0,0,0.0,0.051129
C008679,5,109.91,3,bronze,1,0,0.0,0.087708
C008680,4,69.29,0,bronze,1,0,0.0,-0.011677
C008681,0,67.52,3,bronze,1,0,0.0,-0.004837
C008682,10,56.4,2,gold,0,1,12.75,0.142496
C008683,3,247.32,6,silver,0,1,116.86,-0.048412
C008684,5,225.53,3,silver,0,0,0.0,0.177144
C008685,8,120.56,4,bronze,0,0,0.0,0.021812
C008686,6,46.76,4,silver,1,0,0.0,0.051559
C008687,4,157.48,3,bronze,0,0,0.0,-0.001749
C008688,7,199.05,6,silver,0,0,0.0,-0.078366
C008689,4,100.58,7,bronze,1,0,0.0,0.069161
C008690,6,125.13,3,silver,1,1,146.48,-0.009207
C008691,6,129.84,4,silver,1,0,0.0,-0.044886
C008692,0,14.63,0,silver,0,0,0.0,-0.071811
C008693,9,68.6,3,bronze,0,0,0.0,0.012442
C008694,5,47.83,6,bronze,1,0,0.0,0.008725
C008695,2,213.57,5,silver,1,0,0.0,0.091536
C008696,7,36.23,2,silver,0,0,0.0,-0.0056
C008697,5,60.06,1,bronze,1,0,0.0,-0.000538
C008698,7,126.11,4,bronze,0,0,0.0,0.071182
C008699,5,104.04,4,silver,0,0,0.0,0.022566
C008700,6,0.0,4,gold,1,0,0.0,0.168649
C008701,7,78.33,3,bronze,1,1,37.25,0.017816
C008702,8,72.61,4,bronze,1,0,0.0,0.056248
C008703,4,139.92,6,silver,0,0,0.0,-0.024688
C008704,0,136.77,2,silver,1,0,0.0,-0.04605
C008705,4,172.96,4,gold,0,1,86.98,-0.287533
C008706,2,201.59,8,gold,0,1,278.22,-0.224663
C008707,3,139.06,4,silver,1,1,173.36,-0.048453
C008708,12,163.32,3,bronze,0,0,0.0,-0.023058
C008709,7,103.23,3,silver,0,0,0.0,0.07119
C008710,10,59.97,6,silver,0,0,0.0,0.051926
C008711,13,93.85,3,silver,1,0,0.0,-0.001888
C008712,7,126.77,5,gold,0,0,0.0,-0.087318
C008713,3,179.19,3,gold,0,1,49.26,-0.030583
C008714,2,139.9,5,silver,0,0,0.0,-0.003493
C008715,10,38.15,2,silver,1,0,0.0,0.096973
C008716,5,205.08,2,bronze,0,0,0.0,-0.008904
C008717,7,37.16,3,silver,0,0,0.0,0.024365
C008718,11,147.35,0,gold,0,0,0.0,-0.137781
C008719,5,75.64,6,gold,0,0,0.0,-0.028205
C008720,7,180.54,6,gold,0,0,0.0,0.214183
C008721,4,163.48,5,gold,0,0,0.0,-0.214012
C008722,10,51.8,3,gold,0,0,0.0,-0.030374
C008723,6,117.37,1,silver,1,0,0.0,-0.043621
C008724,8,305.06,4,silver,1,0,0.0,0.183112
C008725,8,64.14,2,silver,0,0,0.0,0.024999
C008726,8,172.88,3,silver,0,0,0.0,0.020644
C008727,4,44.83,3,silver,1,0,0.0,0.030517
C008728,12,112.03,4,silver,0,0,0.0,-0.054299
C008729,6,69.21,2,silver,1,0,0.0,-0.025922
C008730,2,34.16,5,bronze,0,0,0.0,-0.011338
C008731,10,30.96,4,bronze,1,0,0.0,0.018935
C008732,7,0.0,3,gold,0,1,57.52,0.103131
C008733,4,143.3,6,silver,1,0,0.0,-0.001388
C008734,3,203.64,1,bronze,1,0,0.0,-0.006467
C008735,7,157.25,6,gold,0,0,0.0,-0.374536
C008736,9,226.74,3,gold,0,1,191.36,0.049316
C008737,4,174.34,5,silver,0,0,0.0,-0.009388
C008738,8,75.64,5,bronze,0,1,59.63,0.060419
C008739,9,0.0,4,silver,1,1,115.6,-6.3e-05
C008740,2,165.92,2,bronze,0,0,0.0,-0.014889
C008741,11,70.73,8,silver,1,0,0.0,0.014
C008742,2,106.49,4,silver,1,0,0.0,-0.078279
C008743,4,207.83,1,bronze,0,0,0.0,-0.018034
C008744,8,206.72,1,silver,1,0,0.0,0.028108
C008745,6,96.96,2,gold,1,0,0.0,0.211486
C008746,3,196.09,4,silver,0,0,0.0,-0.047702
C008747,4,190.83,1,silver,0,0,0.0,-0.253545
C008748,8,153.51,5,bronze,0,0,0.0,0.045394
C008749,5,148.87,6,silver,0,0,0.0,0.021574
C008750,4,42.91,4,gold,0,0,0.0,0.018441
C008751,5,0.0,3,silver,0,0,0.0,-0.008433
C008752,12,205.15,3,bronze,0,0,0.0,-0.017479
C008753,3,210.04,3,silver,0,0,0.0,-0.048245
C008754,8,53.22,1,silver,1,1,102.47,-0.224288
C008755,10,118.48,6,silver,0,0,0.0,0.007314
C008756,3,135.29,5,silver,0,0,0.0,-0.017537
C008757,8,87.54,6,bronze,0,0,0.0,-0.018977
C008758,8,113.72,6,silver,1,1,58.29,0.044286
C008759,3,219.79,7,bronze,1,0,0.0,0.019339
C008760,2,212.27,1,bronze,0,0,0.0,-0.005406
C008761,8,94.97,6,bronze,1,0,0.0,0.070603
C008762,16,182.8,4,silver,1,0,0.0,0.159468
C008763,3,133.69,5,silver,0,0,0.0,-0.020741
C008764,0,191.47,2,gold,0,0,0.0,-0.308724
C008765,7,14.38,2,gold,0,1,109.07,-0.142352
C008766,7,168.63,2,silver,0,0,0.0,-0.109279
C008767,1,135.7,6,silver,1,0,0.0,-0.108725
C008768,8,24.74,3,silver,0,0,0.0,0.145142
C008769,7,105.09,5,silver,0,0,0.0,0.126031
C008770,9,115.1,4,gold,1,0,0.0,0.03245
C008771,3,96.99,4,silver,0,0,0.0,-0.003351
C008772,6,69.32,1,silver,0,0,0.0,-0.056
C008773,5,171.18,3,gold,1,0,0.0,0.003218
C008774,5,135.28,1,bronze,1,0,0.0,-0.010069
C008775,9,101.97,2,bronze,1,0,0.0,-0.060727
C008776,5,61.49,4,gold,0,1,36.63,0.161648
C008777,13,96.61,4,silver,0,0,0.0,0.250836
C008778,13,66.43,4,silver,1,0,0.0,0.049273
C008779,6,178.78,5,silver,0,0,0.0,-0.001139
C008780,9,156.21,6,gold,0,1,27.26,0.113177
C008781,8,137.57,4,bronze,0,0,0.0,-0.013114
C008782,7,64.78,3,gold,1,0,0.0,-0.150762
C008783,7,80.95,2,silver,0,0,0.0,0.00114
C008784,6,40.96,2,silver,0,0,0.0,0.012983
C008785,0,244.79,1,silver,1,0,0.0,-0.03594
C008786,5,48.23,4,bronze,0,0,0.0,0.013767
C008787,11,198.94,0,silver,0,0,0.0,-0.147428
C008788,8,254.2,4,silver,1,1,152.17,0.110848
C008789,4,164.61,4,silver,0,0,0.0,-0.022397
C008790,9,215.63,4,bronze,0,0,0.0,-0.044257
C008791,7,72.86,4,silver,0,0,0.0,0.0152
C008792,5,115.71,3,bronze,1,0,0.0,-0.047273
C008793,6,43.7,4,silver,0,0,0.0,0.094899
C008794,9,120.08,4,silver,1,0,0.0,0.162328
C008795,6,157.28,1,gold,1,0,0.0,0.329832
C008796,2,148.16,5,gold,1,0,0.0,0.057475
C008797,5,230.23,7,silver,0,0,0.0,0.052876
C008798,1,21.1,5,bronze,1,0,0.0,-0.053213
C008799,1,105.41,6,gold,1,0,0.0,0.137545
C008800,1,39.15,1,bronze,1,0,0.0,0.002352
C008801,3,186.63,1,silver,0,0,0.0,-0.178078
C008802,6,100.62,4,silver,1,0,0.0,0.111822
C008803,5,79.99,4,silver,1,0,0.0,0.094003
C008804,9,100.55,5,silver,0,0,0.0,-0.018614
C008805,3,145.41,0,silver,0,0,0.0,-0.057238
C008806,15,142.23,3,bronze,1,0,0.0,0.403586
C008807,5,16.8,2,bronze,1,0,0.0,-0.042532
C008808,11,56.02,6,gold,1,1,42.92,-0.092351
C008809,9,148.83,7,silver,0,0,0.0,0.06867
C008810,9,175.95,3,bronze,0,0,0.0,0.047326
C008811,9,47.22,3,silver,0,0,0.0,0.151329
C008812,4,0.0,6,silver,0,1,136.49,-0.033908
C008813,4,281.63,3,silver,0,0,0.0,0.029735
C008814,13,150.58,4,silver,0,1,77.94,0.026785
C008815,6,122.83,3,silver,0,0,0.0,-0.204853
C008816,5,101.87,3,gold,1,0,0.0,-0.131526
C008817,1,120.96,5,bronze,1,0,0.0,0.001221
C008818,6,0.0,6,silver,1,0,0.0,0.00259
C008819,6,91.68,6,silver,0,0,0.0,0.038455
C008820,2,22.97,0,gold,0,0,0.0,0.075033
C008821,5,1.55,7,bronze,0,0,0.0,0.023055
C008822,1,178.21,1,silver,1,0,0.0,-0.106657
C008823,8,121.18,6,bronze,0,0,0.0,0.118467
C008824,11,13.82,5,silver,0,0,0.0,0.165407
C008825,2,46.53,6,gold,0,0,0.0,0.031608
C008826,9,186.73,4,bronze,0,0,0.0,0.068529
C008827,7,9.67,4,bronze,0,1,67.46,0.007691
C008828,6,19.54,2,silver,1,0,0.0,0.147383
C008829,1,130.76,5,gold,1,0,0.0,-0.160085
C008830,0,127.85,3,gold,0,0,0.0,0.012821
C008831,6,0.0,5,silver,0,0,0.0,-0.020734
C008832,3,240.19,7,bronze,0,0,0.0,-0.030051
C008833,4,230.46,8,silver,1,0,0.0,0.051843
C008834,1,98.94,3,bronze,1,0,0.0,0.002263
C008835,3,78.78,3,silver,0,1,124.19,-0.079444
C008836,4,162.55,5,gold,1,1,33.47,0.113003
C008837,11,123.57,5,bronze,0,0,0.0,0.021315
C008838,6,116.93,5,silver,1,1,49.86,-0.029371
C008839,4,207.58,8,bronze,1,0,0.0,-0.034316
C008840,4,154.06,3,silver,1,1,208.55,-0.052358
C008841,3,14.0,9,bronze,0,0,0.0,0.017833
C008842,7,123.99,4,gold,0,1,53.94,0.002794
C008843,1,62.81,4,silver,1,0,0.0,-0.015896
C008844,3,0.0,4,silver,0,0,0.0,-0.006601
C008845,1,49.89,6,silver,0,0,0.0,-0.090583
C008846,7,25.85,1,gold,1,1,89.81,0.125613
C008847,5,184.19,6,silver,1,0,0.0,0.236616
C008848,6,192.47,3,gold,0,0,0.0,0.33994
C008849,4,109.39,0,silver,1,0,0.0,-0.064267
C008850,6,72.7,0,silver,1,0,0.0,0.073398
C008851,6,52.88,6,silver,0,0,0.0,-0.168016
C008852,4,166.22,4,silver,1,0,0.0,0.036572
C008853,4,85.72,0,bronze,1,0,0.0,-0.016623
C008854,4,99.08,2,bronze,1,0,0.0,-0.03919
C008855,8,86.47,3,gold,1,1,52.37,0.062916
C008856,8,111.82,9,gold,0,0,0.0,-0.008704
C008857,4,61.91,2,silver,1,0,0.0,-0.028803
C008858,2,131.45,3,bronze,0,0,0.0,-0.003886
C008859,3,151.5,2,bronze,1,0,0.0,0.00206
C008860,4,135.84,5,bronze,0,0,0.0,0.115917
C008861,8,105.76,5,silver,0,1,92.65,0.151392
C008862,16,88.14,7,bronze,0,0,0.0,0.164938
C008863,0,51.73,1,bronze,0,0,0.0,-0.023579
C008864,1,245.11,2,gold,1,0,0.0,-0.141023
C008865,4,106.47,2,gold,1,0,0.0,0.101118
C008866,5,52.7,3,silver,0,0,0.0,-0.103581
C008867,4,118.59,4,bronze,0,0,0.0,-0.013282
C008868,9,259.15,3,silver,0,1,112.73,0.067668
C008869,8,4.49,6,gold,1,1,299.34,0.253758
C008870,4,0.0,4,gold,0,0,0.0,0.136918
C008871,9,109.23,0,silver,0,0,0.0,-0.068284
C008872,8,154.28,4,silver,0,0,0.0,-0.136753
C008873,10,125.47,1,silver,1,0,0.0,0.041738
C008874,8,124.33,6,bronze,0,0,0.0,0.084768
C008875,9,156.42,7,silver,0,0,0.0,0.12564
C008876,9,145.67,4,bronze,0,0,0.0,0.089093
C008877,6,40.85,4,bronze,0,0,0.0,0.01854
C008878,7,285.38,9,silver,0,0,0.0,0.036595
C008879,0,109.56,0,bronze,0,0,0.0,-0.006888
C008880,10,92.33,5,silver,1,0,0.0,0.12066
C008881,7,99.39,1,bronze,1,0,0.0,-0.023969
C008882,1,210.39,2,silver,1,0,0.0,-0.016872
C008883,9,144.88,6,silver,0,1,61.05,0.041459
C008884,2,17.19,6,bronze,0,0,0.0,-0.0024
C008885,11,93.79,2,silver,0,1,20.04,-0.349453
C008886,5,78.43,6,gold,1,0,0.0,-0.039641
C008887,7,81.9,6,silver,1,0,0.0,0.1025
C008888,6,228.53,3,silver,0,0,0.0,0.23415
C008889,4,234.5,5,silver,1,0,0.0,0.04801
C008890,3,216.08,3,silver,0,1,75.52,0.023507
C008891,7,149.02,2,gold,1,0,0.0,-0.158817
C008892,3,39.64,3,silver,0,0,0.0,-0.066931
C008893,9,28.19,7,silver,0,0,0.0,-0.010761
C008894,7,197.66,3,silver,1,0,0.0,0.191657
C008895,8,154.06,3,bronze,1,0,0.0,-0.002457
C008896,6,210.17,6,silver,1,0,0.0,-0.263716
C008897,7,178.46,4,silver,1,0,0.0,0.078109
C008898,10,108.59,5,gold,1,0,0.0,0.129455
C008899,9,96.86,4,gold,0,0,0.0,-0.15429
C008900,8,158.78,6,silver,0,0,0.0,0.265911
C008901,4,94.75,4,gold,0,0,0.0,-0.1283
C008902,13,121.76,5,silver,1,1,56.99,0.064259
C008903,7,127.28,2,gold,1,0,0.0,0.14451
C008904,7,17.64,4,silver,1,1,83.27,-0.0487
C008905,2,0.0,5,silver,0,0,0.0,0.001144
C008906,8,207.03,2,silver,1,1,126.49,-0.077966
C008907,0,86.5,5,silver,1,0,0.0,-0.048545
C008908,5,132.07,4,bronze,0,0,0.0,0.009675
C008909,3,139.3,4,bronze,0,0,0.0,-0.007253
C008910,4,152.13,2,silver,1,0,0.0,-0.157351
C008911,7,161.26,5,gold,1,0,0.0,0.029459
C008912,7,170.22,6,silver,1,0,0.0,0.052007
C008913,9,57.61,5,silver,1,0,0.0,-0.087705
C008914,8,114.61,4,silver,1,0,0.0,0.006856
C008915,3,141.48,5,bronze,0,0,0.0,0.000637
C008916,6,205.32,8,bronze,0,0,0.0,0.042868
C008917,7,137.24,4,bronze,1,0,0.0,0.065545
C008918,2,140.35,4,silver,1,0,0.0,-0.123303
C008919,0,246.28,2,bronze,1,0,0.0,-0.003768
C008920,8,151.64,5,silver,1,0,0.0,0.003266
C008921,3,108.07,0,bronze,0,0,0.0,-0.009094
C008922,2,137.85,6,silver,1,0,0.0,0.065899
C008923,5,113.22,4,silver,1,1,46.43,-0.097082
C008924,2,130.94,4,silver,1,0,0.0,0.026668
C008925,1,64.41,0,bronze,0,0,0.0,-0.012239
C008926,7,40.14,4,silver,1,1,23.33,0.090091
C008927,7,28.37,4,bronze,0,0,0.0,0.037595
C008928,10,55.36,4,bronze,0,0,0.0,0.022517
C008929,6,82.62,5,bronze,0,1,22.22,0.010051
C008930,7,136.54,4,bronze,0,0,0.0,0.050159
C008931,8,93.61,7,silver,0,0,0.0,0.035249
C008932,9,79.86,4,silver,0,0,0.0,0.062658
C008933,3,95.47,5,silver,0,0,0.0,-0.010753
C008934,6,133.61,5,bronze,1,0,0.0,0.059285
C008935,11,182.66,2,silver,0,0,0.0,0.108776
C008936,5,97.99,5,silver,1,0,0.0,-0.068404
C008937,4,0.0,3,silver,0,0,0.0,-0.067546
C008938,8,86.47,2,silver,1,0,0.0,0.167478
C008939,5,79.53,6,bronze,0,0,0.0,0.093601
C008940,5,186.24,4,gold,0,0,0.0,0.155495
C008941,3,103.84,2,bronze,1,0,0.0,-0.071975
C008942,5,97.07,2,bronze,1,0,0.0,0.017776
C008943,6,123.9,4,gold,0,1,16.15,0.217178
C008944,5,140.71,3,silver,0,0,0.0,-0.046252
C008945,4,1.17,3,silver,0,0,0.0,-0.031257
C008946,8,151.02,5,silver,0,0,0.0,-0.111748
C008947,0,138.31,6,bronze,0,0,0.0,-0.007215
C008948,6,132.02,5,silver,0,0,0.0,0.006688
C008949,6,184.88,3,bronze,0,0,0.0,0.022142
C008950,0,211.18,3,silver,0,0,0.0,-0.050964
C008951,9,160.11,5,silver,0,1,100.47,0.032294
C008952,13,92.32,2,gold,0,1,63.84,-0.231076
C008953,8,80.07,5,bronze,1,0,0.0,0.062784
C008954,7,90.27,4,silver,0,0,0.0,0.017644
C008955,6,268.73,7,bronze,0,0,0.0,0.042515
C008956,11,72.79,2,silver,0,0,0.0,-0.07598
C008957,4,0.0,2,gold,1,0,0.0,-0.084859
C008958,4,102.01,2,bronze,1,0,0.0,0.004973
C008959,7,171.55,4,gold,1,0,0.0,-0.148985
C008960,4,0.0,0,bronze,1,0,0.0,-0.01394
C008961,7,85.33,3,silver,0,1,56.73,0.007918
C008962,5,234.77,5,silver,1,1,68.36,0.147568
C008963,6,176.39,4,bronze,1,0,0.0,0.038567
C008964,8,131.33,2,gold,0,1,72.77,0.084923
C008965,5,83.79,3,gold,1,0,0.0,-0.158178
C008966,8,112.44,0,silver,0,0,0.0,-0.087744
C008967,1,139.64,3,bronze,1,0,0.0,0.016857
C008968,8,189.57,6,bronze,1,0,0.0,0.148312
C008969,6,187.23,6,silver,1,0,0.0,0.182479
C008970,7,55.49,3,silver,0,1,10.1,-0.029012
C008971,5,154.74,5,silver,0,0,0.0,0.10938
C008972,3,180.46,7,silver,0,0,0.0,0.08449
C008973,3,178.67,7,gold,1,0,0.0,-0.082638
C008974,5,124.34,3,silver,0,0,0.0,0.044758
C008975,6,118.45,3,gold,0,1,108.11,-0.091482
C008976,11,137.06,4,silver,0,0,0.0,-0.031755
C008977,11,109.37,3,silver,1,0,0.0,-0.196187
C008978,5,40.48,2,gold,0,0,0.0,0.074831
C008979,6,150.88,6,silver,0,0,0.0,0.057158
C008980,5,97.69,3,gold,1,0,0.0,-0.19216
C008981,7,189.52,3,silver,1,0,0.0,0.151586
C008982,6,74.22,2,silver,0,1,190.48,-0.002538
C008983,3,61.8,6,bronze,0,0,0.0,-0.010866
C008984,6,120.25,5,silver,1,0,0.0,0.08064
C008985,6,0.0,2,silver,1,0,0.0,-0.061443
C008986,6,98.48,3,silver,1,0,0.0,-0.034254
C008987,4,107.89,4,gold,0,0,0.0,0.035104
C008988,16,0.0,5,gold,0,1,123.32,0.060016
C008989,8,3.06,4,silver,1,0,0.0,-0.103076
C008990,5,141.33,5,gold,0,0,0.0,0.005954
C008991,9,57.62,2,silver,0,0,0.0,0.031013
C008992,2,278.76,4,gold,1,0,0.0,-0.379768
C008993,4,125.68,4,silver,1,0,0.0,-0.156348
C008994,8,135.8,4,silver,0,0,0.0,0.153356
C008995,6,195.69,7,silver,0,0,0.0,0.213817
C008996,7,9.17,4,gold,0,0,0.0,-0.127043
C008997,10,106.31,6,silver,1,0,0.0,0.093802
C008998,5,92.51,7,silver,0,0,0.0,0.160678
C008999,7,96.89,6,gold,0,1,150.48,0.142554
C009000,1,129.38,6,bronze,0,0,0.0,0.004537
C009001,8,1.19,3,bronze,1,0,0.0,-0.007365
C009002,6,76.05,3,gold,1,1,53.0,-0.003369
C009003,7,127.59,2,bronze,1,0,0.0,-0.000321
C009004,4,42.47,7,silver,1,0,0.0,-0.001164
C009005,1,86.0,1,gold,1,0,0.0,-0.174935
C009006,3,148.58,7,bronze,0,0,0.0,-0.004603
C009007,8,91.39,4,silver,1,0,0.0,0.085964
C009008,3,261.38,3,gold,0,0,0.0,-0.184577
C009009,1,115.72,3,silver,0,0,0.0,0.098061
C009010,9,241.3,7,gold,0,0,0.0,0.113433
C009011,4,101.08,1,gold,1,0,0.0,-0.208357
C009012,2,87.83,8,silver,1,0,0.0,-0.01677
C009013,6,128.15,2,bronze,1,0,0.0,0.007678
C009014,7,96.52,2,silver,0,0,0.0,-0.024269
C009015,6,51.22,1,gold,1,1,71.57,0.048795
C009016,5,124.91,5,gold,1,0,0.0,-0.128762
C009017,4,161.82,3,bronze,1,0,0.0,0.018127
C009018,4,127.61,1,gold,0,1,82.35,-0.167312
C009019,5,39.14,0,silver,1,0,0.0,-0.020811
C009020,5,45.44,3,silver,0,0,0.0,-0.036271
C009021,2,186.89,5,silver,1,0,0.0,-0.015855
C009022,7,69.83,4,bronze,0,0,0.0,-0.00839
C009023,10,103.47,1,silver,0,1,95.74,-0.06049
C009024,4,98.47,6,silver,1,0,0.0,0.046362
C009025,9,88.06,5,gold,1,0,0.0,-0.145947
C009026,9,145.56,2,silver,0,0,0.0,-0.141555
C009027,3,106.44,8,gold,1,0,0.0,-0.22103
C009028,6,216.6,8,silver,1,0,0.0,0.282078
C009029,4,190.02,5,gold,1,0,0.0,0.230844
C009030,8,71.3,6,silver,0,1,55.46,0.014721
C009031,5,152.84,5,bronze,1,0,0.0,0.151698
C009032,12,230.32,7,bronze,0,0,0.0,-0.070439
C009033,9,0.0,0,gold,0,1,125.14,0.014835
C009034,1,101.89,5,silver,1,0,0.0,-0.002271
C009035,14,183.27,5,silver,1,0,0.0,0.234864
C009036,0,142.58,0,silver,1,0,0.0,-0.024575
C009037,7,43.26,6,silver,0,0,0.0,0.014747
C009038,3,170.02,2,silver,1,0,0.0,-0.067132
C009039,3,125.97,7,silver,1,0,0.0,0.069932
C009040,2,46.22,5,gold,0,0,0.0,-0.205365
C009041,3,22.5,2,gold,0,1,104.71,-0.145556
C009042,0,30.25,7,silver,1,0,0.0,-0.007489
C009043,10,116.63,4,silver,1,0,0.0,-0.090939
C009044,7,165.91,7,silver,1,1,234.51,0.057792
C009045,10,145.28,3,silver,0,1,67.98,0.072089
C009046,7,102.95,6,gold,0,0,0.0,0.373666
C009047,12,128.61,5,bronze,1,1,62.64,0.039044
C009048,5,81.73,5,bronze,0,0,0.0,0.074143
C009049,6,0.0,6,silver,1,0,0.0,-0.208203
C009050,10,45.4,3,silver,1,1,71.5,0.099491
C009051,6,103.61,4,silver,1,0,0.0,0.01805
C009052,5,114.31,5,silver,0,0,0.0,0.087259
C009053,11,132.87,4,bronze,0,0,0.0,0.065319
C009054,5,182.97,1,gold,0,0,0.0,-0.146436
C009055,6,102.94,3,silver,1,0,0.0,0.211613
C009056,3,191.88,3,gold,1,0,0.0,-0.06845
C009057,8,154.61,8,silver,1,0,0.0,-0.003362
C009058,9,132.02,4,bronze,1,0,0.0,0.118915
C009059,6,195.13,3,bronze,1,0,0.0,0.044717
C009060,7,126.61,5,silver,1,0,0.0,0.070182
C009061,5,44.38,2,gold,0,1,76.19,0.295712
C009062,4,86.84,9,gold,1,1,31.82,-0.076934
C009063,7,78.43,3,bronze,1,0,0.0,0.032772
C009064,6,238.65,2,silver,0,0,0.0,-0.136525
C009065,9,129.23,6,silver,1,0,0.0,0.069833
C009066,4,147.61,2,bronze,1,0,0.0,0.033035
C009067,5,91.13,6,silver,1,0,0.0,0.026024
C009068,11,75.62,7,gold,1,0,0.0,-0.047243
C009069,9,74.52,4,silver,1,0,0.0,0.142637
C009070,10,83.22,4,gold,1,0,0.0,0.078786
C009071,9,191.25,3,silver,0,0,0.0,-0.123241
C009072,6,228.13,2,bronze,0,0,0.0,0.096293
C009073,5,83.99,2,silver,0,0,0.0,0.07114
C009074,9,62.7,3,gold,1,0,0.0,0.073776
C009075,7,51.12,6,bronze,0,0,0.0,0.088935
C009076,3,246.97,5,bronze,1,0,0.0,0.030243
C009077,7,55.86,4,silver,1,1,11.57,0.092103
C009078,0,173.3,5,silver,0,0,0.0,-0.148047
C009079,12,175.57,4,silver,1,0,0.0,0.208836
C009080,6,147.42,6,bronze,0,0,0.0,0.06739
C009081,1,106.19,4,silver,1,0,0.0,0.00328
C009082,6,158.94,4,silver,0,0,0.0,-0.019158
C009083,3,170.45,3,silver,0,0,0.0,-0.171161
C009084,8,117.82,4,silver,1,0,0.0,0.222015
C009085,11,112.3,7,bronze,0,0,0.0,0.050337
C009086,5,153.96,3,bronze,1,1,27.51,0.020506
C009087,9,43.08,1,silver,0,0,0.0,0.044661
C009088,8,151.03,4,gold,1,1,69.1,-0.035525
C009089,7,115.02,5,silver,0,0,0.0,0.050224
C009090,4,115.54,3,silver,0,1,54.28,0.10363
C009091,8,43.34,5,gold,1,0,0.0,0.026685
C009092,6,140.25,8,silver,0,0,0.0,-0.014275
C009093,2,141.22,7,silver,1,0,0.0,-0.002988
C009094,4,111.26,2,silver,1,0,0.0,-0.045696
C009095,7,194.36,6,gold,1,0,0.0,0.033833
C009096,3,238.52,4,gold,1,0,0.0,-0.121073
C009097,8,102.33,7,gold,1,1,116.83,-0.194092
C009098,11,129.75,6,bronze,0,0,0.0,0.057082
C009099,2,160.21,4,silver,0,1,23.11,-0.082632
C009100,5,239.33,2,silver,0,0,0.0,0.108975
C009101,5,129.22,5,gold,1,1,34.76,0.231864
C009102,7,214.86,5,silver,0,0,0.0,0.029901
C009103,4,253.32,4,silver,1,0,0.0,0.108601
C009104,3,93.29,5,silver,1,0,0.0,-0.005484
C009105,0,69.68,0,bronze,0,0,0.0,-0.00287
C009106,4,97.38,1,gold,1,1,111.03,-0.149284
C009107,2,113.51,4,bronze,0,0,0.0,0.001804
C009108,4,99.96,1,bronze,0,0,0.0,-0.019482
C009109,8,168.28,5,bronze,1,0,0.0,0.076807
C009110,7,81.59,4,gold,0,1,30.19,0.039865
C009111,5,146.59,3,silver,0,0,0.0,0.029519
C009112,6,84.02,3,bronze,0,0,0.0,0.025296
C009113,3,66.19,5,silver,1,0,0.0,-0.147487
C009114,5,181.75,2,silver,0,0,0.0,0.00203
C009115,8,137.1,6,silver,0,0,0.0,0.283621
C009116,3,193.75,6,silver,0,0,0.0,-0.153654
C009117,5,200.13,4,gold,1,0,0.0,-0.110071
C009118,8,203.93,7,silver,1,0,0.0,0.229078
C009119,2,74.86,2,gold,0,0,0.0,-0.360804
C009120,4,85.43,6,silver,0,0,0.0,0.191144
C009121,5,155.29,3,bronze,1,0,0.0,0.018585
C009122,0,64.9,5,gold,1,0,0.0,-0.080384
C009123,7,166.03,2,bronze,1,0,0.0,0.041981
C009124,4,201.48,0,silver,1,0,0.0,0.009961
C009125,2,165.89,3,bronze,0,0,0.0,0.005171
C009126,3,118.79,1,silver,0,1,36.99,-0.06642
C009127,5,16.06,5,bronze,0,0,0.0,-0.023378
C009128,3,67.9,6,gold,1,0,0.0,-0.028905
C009129,6,107.77,7,silver,0,0,0.0,-0.209804
C009130,3,105.48,3,bronze,1,0,0.0,-0.001212
C009131,6,91.8,2,silver,0,1,23.46,0.206881
C009132,0,157.93,9,bronze,0,0,0.0,0.010037
C009133,4,99.04,6,bronze,0,0,0.0,-0.003896
C009134,9,68.35,4,bronze,0,0,0.0,0.010471
C009135,9,171.92,6,gold,0,1,166.29,0.408688
C009136,12,11.31,5,silver,0,0,0.0,-0.042658
C009137,2,101.2,0,silver,0,0,0.0,-0.02606
C009138,7,147.84,9,bronze,1,0,0.0,0.012979
C009139,6,149.62,7,bronze,0,0,0.0,-0.024876
C009140,10,261.85,0,silver,1,0,0.0,-0.007123
C009141,5,196.6,3,gold,0,0,0.0,-0.076195
C009142,12,130.36,2,silver,1,0,0.0,0.205586
C009143,5,102.38,1,silver,0,0,0.0,-0.015265
C009144,7,102.25,1,silver,0,0,0.0,-0.122558
C009145,8,183.23,7,bronze,0,0,0.0,0.05647
C009146,2,201.42,5,gold,0,0,0.0,-0.083638
C009147,4,167.43,4,silver,0,0,0.0,0.014717
C009148,0,86.72,6,silver,1,0,0.0,-0.010034
C009149,7,266.35,3,silver,0,0,0.0,0.10859
C009150,7,100.01,3,gold,1,0,0.0,-0.086039
C009151,8,38.0,4,silver,1,1,140.86,0.108126
C009152,7,91.31,7,silver,0,0,0.0,0.131665
C009153,6,178.22,5,silver,1,0,0.0,0.114253
C009154,4,161.7,6,bronze,0,0,0.0,0.01367
C009155,8,153.8,5,silver,0,0,0.0,-0.032198
C009156,9,176.19,6,bronze,1,0,0.0,0.067028
C009157,3,134.5,0,silver,1,0,0.0,-0.022102
C009158,12,152.48,5,gold,0,1,208.03,0.113905
C009159,7,128.99,2,silver,0,1,185.94,0.002696
C009160,8,41.91,7,silver,0,0,0.0,0.132319
C009161,3,43.06,5,gold,0,1,176.66,0.018957
C009162,3,75.47,4,bronze,0,0,0.0,-0.030438
C009163,5,59.13,2,gold,1,1,71.82,-0.049534
C009164,5,0.0,3,silver,0,0,0.0,-0.01897
C009165,6,116.15,0,silver,0,0,0.0,-0.003732
C009166,8,49.22,2,gold,0,1,124.28,-0.042178
C009167,3,101.65,3,silver,0,0,0.0,-0.021925
C009168,0,197.64,5,gold,1,0,0.0,-0.133155
C009169,6,179.03,5,silver,1,0,0.0,0.061133
C009170,4,114.17,2,silver,0,0,0.0,-0.058518
C009171,5,179.33,4,bronze,0,0,0.0,0.004326
C009172,9,67.43,2,bronze,1,1,126.23,0.086158
C009173,5,184.42,3,gold,1,0,0.0,0.072
C009174,3,78.46,5,bronze,0,0,0.0,-0.040688
C009175,9,24.19,4,bronze,0,0,0.0,0.067725
C009176,6,111.3,1,gold,0,1,27.45,-0.053273
C009177,0,188.1,3,gold,0,0,0.0,0.021539
C009178,8,183.73,3,silver,1,1,107.7,0.333666
C009179,13,90.79,8,bronze,0,0,0.0,0.084471
C009180,4,94.98,4,silver,1,1,185.64,-0.03269
C009181,6,129.52,1,silver,1,1,46.69,-0.161646
C009182,3,9.71,4,silver,1,0,0.0,-0.015878
C009183,6,45.03,7,gold,1,0,0.0,-0.021172
C009184,5,89.46,3,bronze,1,0,0.0,0.052808
C009185,8,21.34,2,silver,1,0,0.0,-0.149958
C009186,8,47.24,5,bronze,1,0,0.0,-0.005207
C009187,15,204.55,6,bronze,0,0,0.0,0.162876
C009188,9,132.35,7,gold,1,1,66.06,0.228834
C009189,7,10.5,2,gold,0,0,0.0,0.028068
C009190,8,190.32,4,bronze,0,0,0.0,0.077924
C009191,9,114.17,4,silver,0,0,0.0,0.266462
C009192,2,94.72,5,gold,0,1,21.81,-0.117728
C009193,3,121.65,7,bronze,0,0,0.0,-0.003841
C009194,3,48.95,4,gold,0,0,0.0,0.034723
C009195,7,123.93,7,gold,1,0,0.0,0.061063
C009196,10,168.97,3,silver,1,0,0.0,0.18281
C009197,8,156.93,5,gold,1,1,179.79,0.079832
C009198,7,80.05,6,silver,1,0,0.0,0.091492
C009199,4,51.64,2,silver,1,0,0.0,0.075115
C009200,6,135.06,4,bronze,1,0,0.0,0.029444
C009201,6,252.83,3,silver,0,0,0.0,0.061482
C009202,7,185.59,3,silver,0,0,0.0,0.074791
C009203,9,94.77,5,silver,1,1,319.5,-0.068672
C009204,14,164.03,3,silver,1,0,0.0,0.096806
C009205,5,114.23,4,silver,1,0,0.0,-0.083664
C009206,3,67.2,4,silver,1,0,0.0,-0.113048
C009207,6,77.71,2,bronze,1,0,0.0,-0.007187
C009208,6,201.15,2,silver,1,0,0.0,-0.069625
C009209,6,98.06,5,bronze,0,0,0.0,0.069012
C009210,4,27.28,4,silver,0,0,0.0,-0.058012
C009211,4,65.79,4,silver,0,0,0.0,0.01346
C009212,10,283.75,4,bronze,1,0,0.0,0.01176
C009213,9,118.94,1,bronze,1,0,0.0,0.011319
C009214,7,96.04,2,silver,1,1,76.17,0.061182
C009215,10,135.84,3,gold,0,1,68.87,0.031952
C009216,3,148.47,5,bronze,0,0,0.0,0.016964
C009217,11,131.9,5,silver,0,0,0.0,0.01508
C009218,4,16.14,4,silver,1,0,0.0,-0.11391
C009219,6,124.28,2,silver,1,0,0.0,0.058315
C009220,6,51.66,3,gold,0,0,0.0,-0.233874
C009221,8,44.98,5,silver,0,0,0.0,0.183455
C009222,9,85.16,2,silver,0,1,163.59,0.020968
C009223,0,0.0,3,silver,0,0,0.0,-0.003492
C009224,9,120.57,6,silver,1,1,12.96,0.110452
C009225,9,89.25,2,silver,1,0,0.0,-0.134181
C009226,10,176.32,2,silver,1,0,0.0,0.004206
C009227,3,208.63,5,silver,1,0,0.0,-0.043122
C009228,5,219.29,2,gold,1,1,31.02,0.105724
C009229,7,249.58,1,bronze,0,0,0.0,-0.01665
C009230,4,219.02,3,bronze,0,0,0.0,-0.008153
C009231,7,177.53,4,silver,0,0,0.0,0.020766
C009232,6,184.82,6,gold,0,0,0.0,0.062254
C009233,8,88.27,2,silver,0,0,0.0,0.11442
C009234,5,124.77,2,silver,1,0,0.0,-0.044798
C009235,3,230.37,5,silver,1,0,0.0,0.034975
C009236,8,61.89,3,gold,0,0,0.0,0.010728
C009237,9,100.31,4,bronze,0,0,0.0,0.068285
C009238,6,71.58,8,silver,0,0,0.0,0.084965
C009239,14,136.6,4,silver,0,1,67.8,0.454623
C009240,10,113.05,5,gold,0,1,107.54,0.037196
C009241,0,184.82,5,bronze,0,0,0.0,-0.019049
C009242,8,172.01,3,gold,1,1,45.36,0.199098
C009243,7,92.1,5,silver,0,0,0.0,0.047712
C009244,4,112.82,5,bronze,1,0,0.0,0.044939
C009245,6,45.57,3,bronze,1,0,0.0,-0.042317
C009246,9,184.98,3,gold,1,0,0.0,-0.107663
C009247,5,99.89,4,silver,0,0,0.0,0.015741
C009248,8,66.06,6,silver,1,0,0.0,0.001716
C009249,3,129.48,3,silver,1,0,0.0,-0.064293
C009250,4,214.14,0,bronze,0,0,0.0,-0.067656
C009251,6,143.55,8,silver,1,0,0.0,0.221016
C009252,12,145.38,5,gold,1,1,38.62,-0.21313
C009253,6,115.13,3,silver,0,0,0.0,0.114777
C009254,4,152.52,6,silver,0,0,0.0,-0.110573
C009255,3,71.03,4,bronze,1,0,0.0,0.002372
C009256,2,68.99,3,silver,0,0,0.0,-0.102657
C009257,6,151.89,4,gold,1,0,0.0,0.263286
C009258,4,150.45,6,silver,0,0,0.0,0.056315
C009259,9,55.83,7,bronze,1,0,0.0,-0.175168
C009260,0,118.99,4,silver,0,0,0.0,-0.037489
C009261,10,0.0,3,silver,1,0,0.0,0.081049
C009262,8,149.12,8,silver,1,0,0.0,0.097252
C009263,8,164.29,2,silver,1,1,36.84,-0.032359
C009264,7,120.15,7,bronze,1,0,0.0,0.093404
C009265,2,59.98,4,gold,1,0,0.0,-0.089162
C009266,6,263.46,6,silver,1,0,0.0,0.126741
C009267,4,93.9,8,silver,1,0,0.0,0.058501
C009268,7,65.6,2,gold,0,0,0.0,-0.126596
C009269,5,136.36,3,silver,1,0,0.0,0.048069
C009270,3,117.93,4,bronze,1,0,0.0,0.026054
C009271,9,74.62,5,gold,0,0,0.0,-0.389502
C009272,11,219.48,5,silver,0,0,0.0,0.179854
C009273,7,119.03,4,bronze,1,0,0.0,0.009216
C009274,11,68.55,4,silver,0,0,0.0,0.101585
C009275,8,11.11,2,silver,0,0,0.0,0.018142
C009276,1,176.52,5,bronze,1,0,0.0,0.002724
C009277,2,0.0,2,gold,0,0,0.0,0.038117
C009278,5,180.63,4,gold,0,0,0.0,-0.339184
C009279,8,142.58,2,silver,1,0,0.0,-0.057546
C009280,5,179.4,4,gold,1,0,0.0,-0.131441
C009281,3,103.71,4,silver,0,0,0.0,0.051899
C009282,10,94.76,4,bronze,1,0,0.0,0.014142
C009283,6,147.45,5,silver,1,0,0.0,-0.02014
C009284,4,153.89,2,silver,0,0,0.0,-0.081233
C009285,7,0.0,2,silver,0,0,0.0,-0.018911
C009286,6,61.62,3,silver,0,0,0.0,-0.079351
C009287,13,183.7,3,gold,1,0,0.0,-0.098352
C009288,6,181.27,6,silver,1,0,0.0,0.066663
C009289,2,216.26,5,silver,0,0,0.0,-0.097315
C009290,7,168.67,5,gold,0,0,0.0,-0.084071
C009291,1,207.75,5,silver,0,0,0.0,-0.009315
C009292,4,137.05,4,silver,1,0,0.0,0.014719
C009293,7,19.93,6,gold,1,1,92.68,0.127246
C009294,5,104.01,4,silver,0,1,113.49,-0.002504
C009295,6,32.87,6,silver,1,0,0.0,-0.036432
C009296,10,182.5,5,gold,0,1,85.39,0.091132
C009297,0,1.71,7,silver,1,0,0.0,-0.053232
C009298,7,107.2,5,silver,1,0,0.0,0.034208
C009299,8,71.28,4,silver,1,0,0.0,0.130302
C009300,5,99.54,0,bronze,0,0,0.0,-0.001724
C009301,4,63.32,1,silver,1,1,13.68,-0.033737
C009302,4,0.0,6,gold,0,0,0.0,-0.161761
C009303,4,120.57,2,silver,0,0,0.0,-0.055573
C009304,4,138.94,7,gold,1,1,63.05,0.015728
C009305,13,80.88,0,silver,0,0,0.0,0.006868
C009306,6,91.18,4,bronze,1,0,0.0,-0.001232
C009307,9,0.0,5,bronze,1,0,0.0,-0.003899
C009308,6,120.35,8,gold,0,1,167.07,0.356653
C009309,2,172.9,4,bronze,0,0,0.0,-0.040473
C009310,6,142.65,4,gold,0,0,0.0,-0.121965
C009311,3,96.67,3,silver,1,0,0.0,-0.098557
C009312,5,16.8,5,bronze,0,0,0.0,0.026923
C009313,3,34.15,3,silver,0,0,0.0,-0.128286
C009314,6,154.35,3,silver,0,0,0.0,0.169208
C009315,5,108.13,3,silver,0,0,0.0,0.118631
C009316,5,57.85,3,gold,1,0,0.0,-0.088263
C009317,12,99.32,7,silver,0,0,0.0,0.24195
C009318,4,46.95,6,silver,0,0,0.0,0.12039
C009319,10,131.84,5,bronze,1,0,0.0,0.03427
C009320,14,76.56,4,silver,0,0,0.0,-0.084623
C009321,11,111.74,1,silver,0,0,0.0,0.020479
C009322,4,41.89,2,silver,1,0,0.0,-0.087229
C009323,2,106.97,3,gold,1,1,182.12,-0.026321
C009324,4,79.91,8,bronze,1,0,0.0,0.01067
C009325,3,106.04,5,gold,0,1,14.16,-0.189406
C009326,8,0.0,6,bronze,0,0,0.0,-0.010006
C009327,8,173.58,8,gold,1,1,26.15,-0.14964
C009328,5,197.47,5,silver,0,0,0.0,0.039055
C009329,10,148.1,5,silver,0,0,0.0,0.089402
C009330,9,120.46,4,gold,1,0,0.0,-0.211799
C009331,8,150.35,5,gold,1,1,89.17,-0.297487
C009332,6,135.67,4,bronze,0,0,0.0,0.122415
C009333,8,180.2,6,bronze,1,0,0.0,0.086032
C009334,7,79.11,6,silver,1,0,0.0,0.049687
C009335,9,210.61,4,gold,1,1,39.89,0.082948
C009336,14,191.22,2,silver,1,0,0.0,-0.2971
C009337,4,76.5,0,gold,0,0,0.0,0.039097
C009338,1,99.32,3,silver,0,0,0.0,-0.119788
C009339,8,132.65,6,bronze,0,0,0.0,0.039596
C009340,10,214.27,4,silver,1,0,0.0,0.298669
C009341,2,114.51,2,silver,1,0,0.0,-0.086266
C009342,0,164.78,2,silver,0,0,0.0,-0.05995
C009343,0,165.44,7,gold,0,0,0.0,-0.015849
C009344,4,100.28,1,silver,0,0,0.0,-0.039695
C009345,0,198.39,5,gold,1,1,15.81,-0.044654
C009346,5,147.55,5,silver,1,0,0.0,0.014955
C009347,5,3.63,4,gold,0,0,0.0,0.019394
C009348,5,86.85,0,silver,1,0,0.0,-0.038747
C009349,2,80.95,6,bronze,0,0,0.0,0.009123
C009350,0,169.26,8,bronze,1,0,0.0,-0.001467
C009351,9,87.36,5,silver,1,0,0.0,0.049513
C009352,4,40.15,5,gold,1,0,0.0,-0.044594
C009353,6,74.4,9,silver,1,0,0.0,0.296014
C009354,7,146.74,6,bronze,0,0,0.0,0.055489
C009355,8,162.86,4,gold,0,1,226.58,0.140788
C009356,5,192.82,2,bronze,1,0,0.0,0.028615
C009357,12,181.48,4,silver,0,1,99.43,0.28225
C009358,9,107.17,7,silver,1,0,0.0,0.169264
C009359,6,50.42,5,silver,1,1,41.68,0.012188
C009360,8,58.59,2,silver,0,0,0.0,0.306261
C009361,9,182.06,6,gold,1,0,0.0,-0.079663
C009362,9,123.51,3,gold,0,0,0.0,0.050603
C009363,7,178.67,4,silver,1,1,126.88,0.261576
C009364,10,176.38,4,bronze,1,0,0.0,0.067079
C009365,6,82.58,2,silver,0,0,0.0,-0.072766
C009366,10,183.17,3,gold,1,1,129.62,0.053367
C009367,8,0.0,2,gold,0,1,138.9,0.16897
C009368,2,39.49,4,gold,0,0,0.0,-0.139069
C009369,12,0.0,6,gold,0,1,189.07,0.167057
C009370,4,220.18,6,bronze,1,0,0.0,0.08352
C009371,0,104.84,4,gold,1,0,0.0,0.009119
C009372,0,165.43,3,silver,0,0,0.0,-0.045599
C009373,6,138.23,6,silver,1,0,0.0,0.10609
C009374,6,226.22,9,silver,0,0,0.0,-0.076168
C009375,4,93.46,2,gold,1,1,284.04,0.064606
C009376,4,101.57,3,gold,0,0,0.0,-0.116408
C009377,11,91.26,2,silver,1,0,0.0,-0.267395
C009378,4,76.2,5,silver,1,0,0.0,-0.047071
C009379,6,156.1,4,bronze,0,1,43.12,0.004418
C009380,1,145.94,5,bronze,0,0,0.0,-0.00804
C009381,9,61.54,3,silver,1,0,0.0,0.279842
C009382,5,114.99,7,gold,1,0,0.0,0.015251
C009383,9,121.5,5,silver,1,0,0.0,0.259376
C009384,0,185.75,3,silver,0,0,0.0,-0.066058
C009385,4,133.03,4,silver,1,0,0.0,0.088298
C009386,4,62.19,3,silver,1,0,0.0,0.041584
C009387,5,163.82,1,gold,1,0,0.0,-0.165352
C009388,8,60.14,4,silver,1,1,187.84,-0.025268
C009389,7,105.38,2,bronze,1,0,0.0,-0.049774
C009390,9,179.49,7,silver,0,0,0.0,0.06536
C009391,9,25.87,3,bronze,0,0,0.0,-0.032607
C009392,2,27.15,5,gold,0,1,128.32,-0.09002
C009393,6,184.78,5,silver,1,0,0.0,0.172604
C009394,9,103.96,5,bronze,0,0,0.0,0.081685
C009395,2,11.07,5,bronze,0,0,0.0,0.011267
C009396,9,90.26,3,silver,1,0,0.0,-0.056474
C009397,10,96.83,7,gold,0,1,56.9,0.296045
C009398,5,0.0,7,gold,1,0,0.0,-0.13075
C009399,7,143.97,2,silver,0,0,0.0,-0.077211
C009400,1,60.47,4,bronze,1,0,0.0,-0.000596
C009401,5,61.12,5,silver,1,0,0.0,-0.052915
C009402,9,131.84,5,silver,1,0,0.0,-0.008479
C009403,4,73.87,5,gold,1,0,0.0,-0.078582
C009404,9,0.0,8,bronze,1,0,0.0,-0.078052
C009405,4,55.72,3,silver,1,0,0.0,0.058287
C009406,5,94.81,1,gold,1,0,0.0,-0.021366
C009407,12,271.22,5,gold,0,1,87.79,0.235622
C009408,6,116.45,7,bronze,1,0,0.0,0.09715
C009409,6,57.79,6,bronze,1,1,102.05,0.04756
C009410,7,64.01,3,bronze,1,1,155.41,-0.014247
C009411,9,92.83,3,gold,1,1,379.44,-0.118231
C009412,7,127.86,4,silver,0,0,0.0,0.213843
C009413,9,117.41,6,silver,0,0,0.0,0.054756
C009414,8,138.47,4,silver,0,0,0.0,0.123948
C009415,6,247.41,2,silver,1,0,0.0,0.288859
C009416,8,174.27,4,silver,1,0,0.0,0.150553
C009417,5,42.18,3,silver,1,0,0.0,0.051675
C009418,6,169.83,5,gold,1,1,121.98,0.036057
C009419,6,31.27,1,bronze,1,0,0.0,0.02737
C009420,10,127.96,0,bronze,0,0,0.0,-0.050408
C009421,7,124.01,7,bronze,1,1,121.73,-0.006155
C009422,9,179.89,6,gold,1,1,52.93,0.07641
C009423,9,161.93,5,silver,1,0,0.0,0.058133
C009424,8,10.95,5,bronze,1,0,0.0,0.075663
C009425,6,229.35,4,silver,0,0,0.0,0.30892
C009426,5,61.58,3,silver,1,1,90.69,-0.117398
C009427,6,182.17,8,gold,1,0,0.0,0.124032
C009428,4,160.98,3,bronze,0,0,0.0,-0.009209
C009429,5,162.91,3,silver,1,0,0.0,-0.008391
C009430,9,191.8,4,silver,0,0,0.0,0.106916
C009431,6,148.45,3,bronze,0,0,0.0,0.085634
C009432,8,129.68,2,gold,0,0,0.0,-0.289641
C009433,3,127.52,5,bronze,1,0,0.0,0.026121
C009434,8,163.21,4,gold,1,1,117.67,-0.146881
C009435,5,82.27,2,bronze,1,0,0.0,0.005416
C009436,5,164.44,5,gold,0,1,47.84,-0.113038
C009437,4,63.35,5,gold,0,0,0.0,0.105057
C009438,3,88.81,4,gold,1,0,0.0,0.099259
C009439,7,90.74,3,silver,0,0,0.0,-0.092329
C009440,2,160.45,3,silver,1,0,0.0,0.001238
C009441,6,212.36,4,silver,1,0,0.0,0.101778
C009442,3,0.0,4,gold,1,0,0.0,-0.109241
C009443,8,151.32,3,silver,0,0,0.0,0.128413
C009444,7,50.09,2,silver,1,0,0.0,-0.103273
C009445,2,48.58,4,silver,0,0,0.0,-0.085691
C009446,9,118.35,4,bronze,0,0,0.0,-0.004558
C009447,7,218.53,4,bronze,0,0,0.0,0.063103
C009448,5,63.16,1,gold,1,0,0.0,-0.059317
C009449,9,101.35,5,bronze,1,0,0.0,0.16721
C009450,12,166.13,6,silver,0,1,179.41,0.112057
C009451,3,0.0,0,bronze,1,0,0.0,-0.032749
C009452,5,62.01,4,gold,0,0,0.0,0.179196
C009453,8,31.19,5,silver,1,1,27.14,-0.051579
C009454,5,142.92,3,gold,0,0,0.0,0.173671
C009455,4,207.98,4,gold,1,1,44.88,-0.03922
C009456,2,122.52,8,bronze,1,0,0.0,0.006828
C009457,13,112.29,3,bronze,1,0,0.0,0.05463
C009458,11,165.19,7,bronze,0,0,0.0,0.051219
C009459,0,196.98,1,silver,0,0,0.0,-0.035936
C009460,7,157.25,2,silver,1,0,0.0,0.33897
C009461,10,115.55,6,silver,0,0,0.0,0.081521
C009462,10,122.0,2,silver,1,0,0.0,-0.025651
C009463,9,70.35,3,gold,1,0,0.0,-0.141123
C009464,4,190.74,2,bronze,1,0,0.0,-0.063613
C009465,7,119.39,2,gold,0,0,0.0,-0.023897
C009466,5,126.23,1,silver,1,0,0.0,-0.148597
C009467,1,0.0,3,silver,1,0,0.0,-0.022689
C009468,6,170.38,3,silver,0,0,0.0,0.130237
C009469,10,122.17,6,silver,1,0,0.0,0.03654
C009470,4,163.5,5,silver,1,0,0.0,0.075889
C009471,6,98.41,3,bronze,0,0,0.0,0.024936
C009472,4,153.28,7,silver,1,1,55.18,0.187627
C009473,8,125.77,1,gold,1,0,0.0,-0.028758
C009474,3,115.71,6,bronze,1,0,0.0,-0.01081
C009475,5,127.78,4,gold,0,0,0.0,0.015957
C009476,6,61.66,7,silver,1,0,0.0,0.062419
C009477,1,165.33,4,bronze,1,0,0.0,0.005351
C009478,7,113.96,0,silver,1,0,0.0,0.022311
C009479,3,66.44,6,bronze,0,0,0.0,0.027693
C009480,2,102.86,4,gold,0,0,0.0,-0.049243
C009481,4,24.32,3,silver,0,0,0.0,-0.011637
C009482,14,138.2,2,silver,1,1,114.87,0.093783
C009483,6,141.0,5,silver,1,0,0.0,0.086299
C009484,1,39.0,5,silver,1,0,0.0,-0.116627
C009485,1,137.79,2,gold,0,0,0.0,-0.105328
C009486,5,54.45,6,bronze,0,0,0.0,0.032442
C009487,11,160.08,4,silver,1,1,84.41,0.135461
C009488,4,40.48,6,silver,1,0,0.0,-0.17747
C009489,4,92.47,3,gold,0,1,55.94,0.014942
C009490,8,42.06,2,silver,0,0,0.0,0.115815
C009491,6,182.39,6,silver,1,0,0.0,-0.012583
C009492,7,150.42,2,silver,0,0,0.0,-0.024359
C009493,6,50.72,7,silver,0,0,0.0,-0.048338
C009494,9,51.26,4,bronze,0,1,45.88,0.027692
C009495,7,196.86,3,silver,1,0,0.0,0.010613
C009496,3,98.99,3,silver,1,0,0.0,-0.009699
C009497,8,72.28,4,silver,0,0,0.0,-0.18573
C009498,7,117.29,3,silver,1,0,0.0,0.105342
C009499,7,169.92,3,silver,0,0,0.0,0.195795
C009500,8,114.24,3,silver,1,1,111.41,-0.066318
C009501,9,101.77,7,bronze,1,0,0.0,0.038526
C009502,6,43.59,9,bronze,1,0,0.0,0.022304
C009503,6,52.68,0,bronze,0,0,0.0,-0.014528
C009504,8,106.31,3,bronze,1,0,0.0,0.078528
C009505,8,80.2,1,bronze,0,0,0.0,-0.006931
C009506,1,63.78,4,bronze,1,0,0.0,-0.020134
C009507,8,108.41,4,gold,1,0,0.0,0.010508
C009508,1,134.69,2,silver,0,0,0.0,-0.039528
C009509,1,62.98,5,silver,1,0,0.0,-0.048701
C009510,10,54.11,7,silver,0,0,0.0,0.094941
C009511,13,123.22,0,silver,1,0,0.0,-0.278522
C009512,5,125.25,4,silver,1,0,0.0,0.13676
C009513,8,0.0,2,bronze,1,0,0.0,0.044774
C009514,7,93.88,5,silver,0,1,54.11,-0.018834
C009515,10,297.67,6,gold,0,1,39.57,0.254925
C009516,11,160.99,2,silver,0,0,0.0,0.2984
C009517,6,0.0,1,silver,0,0,0.0,-0.09744
C009518,9,172.14,8,gold,1,1,96.87,-0.141734
C009519,5,40.44,3,silver,1,0,0.0,0.040852
C009520,2,204.82,5,gold,0,0,0.0,-0.251138
C009521,7,96.19,2,silver,1,0,0.0,0.013073
C009522,2,0.0,6,gold,0,0,0.0,-0.029882
C009523,6,114.78,2,silver,1,0,0.0,-0.209001
C009524,2,197.53,2,silver,1,0,0.0,-0.094322
C009525,6,0.0,5,bronze,0,0,0.0,0.037212
C009526,5,154.3,3,bronze,0,0,0.0,0.002887
C009527,6,0.0,3,bronze,1,0,0.0,-0.007667
C009528,3,78.4,6,silver,0,0,0.0,0.24976
C009529,10,73.52,4,silver,0,0,0.0,0.06089
C009530,11,161.23,7,bronze,0,0,0.0,0.016945
C009531,4,261.2,2,gold,0,0,0.0,0.024728
C009532,7,93.79,4,silver,1,1,81.87,-0.194026
C009533,8,87.9,5,silver,0,0,0.0,0.1739
C009534,4,156.56,3,bronze,1,0,0.0,0.006874
C009535,1,82.68,6,silver,0,0,0.0,-0.049115
C009536,5,216.64,1,silver,1,0,0.0,-0.049738
C009537,3,153.2,4,bronze,1,0,0.0,0.013275
C009538,7,130.22,7,silver,1,0,0.0,0.089391
C009539,8,167.11,5,silver,0,0,0.0,0.203553
C009540,7,42.01,4,silver,1,0,0.0,-0.024775
C009541,7,93.39,4,bronze,1,0,0.0,0.058615
C009542,6,298.07,3,gold,0,1,225.22,0.025876
C009543,6,116.8,2,bronze,0,0,0.0,0.038432
C009544,4,115.69,2,silver,0,0,0.0,-0.074158
C009545,9,213.57,3,bronze,1,0,0.0,0.128721
C009546,4,33.84,2,silver,0,0,0.0,0.008303
C009547,3,130.33,4,silver,0,0,0.0,-0.00106
C009548,2,115.29,7,silver,0,0,0.0,0.034026
C009549,3,71.15,4,silver,0,0,0.0,-0.072365
C009550,4,189.18,3,silver,0,0,0.0,0.040282
C009551,4,92.1,4,gold,0,0,0.0,0.165067
C009552,8,65.79,4,gold,0,0,0.0,-0.086024
C009553,3,118.6,4,silver,0,0,0.0,0.002307
C009554,9,0.0,6,silver,1,0,0.0,-0.037272
C009555,6,94.54,3,gold,0,1,74.06,0.177012
C009556,13,169.46,6,silver,1,0,0.0,0.008676
C009557,4,48.93,3,silver,1,0,0.0,0.010888
C009558,4,129.06,3,silver,0,0,0.0,-0.078749
C009559,8,102.5,0,silver,1,0,0.0,-0.100308
C009560,5,0.0,7,bronze,0,0,0.0,0.038894
C009561,6,53.16,6,silver,1,0,0.0,0.035303
C009562,8,163.55,7,gold,0,0,0.0,-0.135062
C009563,9,181.45,4,silver,1,1,41.8,0.369359
C009564,5,115.88,6,silver,1,0,0.0,0.361366
C009565,7,136.68,7,gold,1,1,71.36,0.414337
C009566,4,72.93,0,silver,0,0,0.0,-0.043652
C009567,10,112.87,4,silver,1,0,0.0,0.089297
C009568,6,85.57,3,silver,0,1,71.87,0.091749
C009569,6,88.79,4,silver,0,0,0.0,0.033578
C009570,9,136.61,1,gold,1,1,87.54,-0.06948
C009571,7,149.04,3,silver,1,0,0.0,-0.015483
C009572,6,37.0,4,bronze,0,0,0.0,0.001862
C009573,4,124.13,6,silver,0,0,0.0,0.014926
C009574,7,172.33,5,bronze,0,0,0.0,0.11675
C009575,5,125.71,4,silver,0,0,0.0,0.048368
C009576,5,287.17,4,silver,0,0,0.0,0.02692
C009577,8,180.2,6,bronze,1,0,0.0,0.024661
C009578,10,155.61,4,bronze,1,0,0.0,0.097043
C009579,2,179.36,2,silver,0,0,0.0,-0.05279
C009580,11,40.38,2,silver,0,0,0.0,-0.257473
C009581,6,121.12,2,bronze,1,0,0.0,0.054226
C009582,10,106.21,5,gold,0,1,98.67,0.000965
C009583,8,115.15,4,gold,1,0,0.0,0.108205
C009584,4,128.75,4,bronze,1,0,0.0,0.010757
C009585,4,195.32,2,silver,1,0,0.0,-0.039418
C009586,8,155.96,3,bronze,0,0,0.0,0.030855
C009587,3,127.86,6,silver,0,0,0.0,0.007249
C009588,3,120.74,4,bronze,1,0,0.0,-0.003281
C009589,4,194.07,4,silver,0,0,0.0,0.048509
C009590,9,0.0,3,gold,0,0,0.0,-0.005224
C009591,3,190.72,5,gold,0,1,56.99,-0.396713
C009592,8,6.24,7,silver,1,0,0.0,-0.051661
C009593,5,144.1,1,bronze,0,0,0.0,-0.014528
C009594,10,137.31,1,bronze,1,0,0.0,0.000639
C009595,4,251.56,5,silver,1,1,30.62,0.101711
C009596,0,149.03,4,bronze,1,0,0.0,0.00545
C009597,7,135.77,7,silver,1,0,0.0,0.12364
C009598,11,156.88,5,gold,1,0,0.0,-0.01994
C009599,11,3.65,7,bronze,0,0,0.0,-0.02936
C009600,4,229.31,4,silver,1,0,0.0,0.082362
C009601,6,150.18,4,silver,1,0,0.0,0.229776
C009602,8,226.76,0,silver,1,0,0.0,-0.056125
C009603,0,203.86,3,gold,1,0,0.0,0.062579
C009604,7,131.22,5,bronze,1,1,0.57,0.038579
C009605,0,46.12,3,gold,0,0,0.0,-0.072442
C009606,6,92.6,3,silver,0,0,0.0,0.108743
C009607,2,126.76,5,gold,0,0,0.0,-0.248837
C009608,5,177.66,3,bronze,0,0,0.0,0.102142
C009609,0,93.77,6,bronze,0,0,0.0,-0.000936
C009610,7,23.43,4,silver,0,0,0.0,-0.022021
C009611,10,19.44,0,bronze,0,0,0.0,-0.020797
C009612,6,130.84,4,bronze,0,0,0.0,0.05405
C009613,6,113.01,8,gold,1,1,30.96,-0.07058
C009614,5,163.15,4,bronze,0,0,0.0,0.084198
C009615,7,109.64,6,bronze,1,0,0.0,0.043229
C009616,8,11.72,0,silver,0,0,0.0,0.025868
C009617,14,59.51,4,gold,0,1,72.34,-0.064744
C009618,4,177.55,4,silver,0,0,0.0,-0.00788
C009619,6,217.28,2,bronze,0,1,35.01,-0.031443
C009620,7,104.74,3,silver,0,1,45.94,-0.009732
C009621,9,182.38,2,silver,1,0,0.0,-0.119871
C009622,4,123.04,3,bronze,0,0,0.0,0.028889
C009623,10,10.89,4,gold,1,1,32.74,0.064597
C009624,0,192.77,6,bronze,0,0,0.0,0.003808
C009625,10,246.22,4,silver,1,0,0.0,0.270021
C009626,7,58.43,1,bronze,1,0,0.0,-0.01175
C009627,4,0.0,2,silver,1,0,0.0,-0.027312
C009628,8,186.15,4,silver,0,0,0.0,0.232881
C009629,4,203.89,2,gold,0,0,0.0,-0.044753
C009630,7,15.07,4,silver,1,0,0.0,0.044806
C009631,10,194.67,7,gold,1,0,0.0,0.248197
C009632,8,120.5,5,bronze,1,0,0.0,0.036286
C009633,6,68.85,4,silver,1,0,0.0,0.075784
C009634,4,115.11,3,bronze,1,0,0.0,-0.011336
C009635,4,62.1,5,bronze,1,0,0.0,0.011399
C009636,3,90.05,2,gold,0,1,137.37,-0.020925
C009637,15,45.31,5,silver,0,1,59.4,0.068092
C009638,5,61.26,7,silver,0,0,0.0,0.062849
C009639,5,115.33,4,bronze,0,0,0.0,0.012694
C009640,4,155.58,5,bronze,1,0,0.0,0.023436
C009641,6,116.74,5,silver,1,0,0.0,0.007297
C009642,7,87.68,4,bronze,1,0,0.0,0.00082
C009643,6,170.07,6,silver,1,1,111.24,0.088784
C009644,9,144.39,3,bronze,1,0,0.0,0.035284
C009645,10,116.14,1,silver,0,1,111.56,-0.019184
C009646,7,43.53,3,silver,0,0,0.0,0.058005
C009647,6,129.92,0,silver,0,0,0.0,-0.042965
C009648,3,109.56,6,gold,0,0,0.0,-0.098349
C009649,2,106.87,4,bronze,1,0,0.0,-0.004003
C009650,5,228.23,5,silver,0,0,0.0,-0.007498
C009651,9,100.51,5,gold,1,1,87.75,0.06816
C009652,6,44.33,4,silver,0,0,0.0,0.146138
C009653,8,131.33,4,silver,1,0,0.0,-0.093369
C009654,5,98.77,1,bronze,0,0,0.0,-0.004653
C009655,10,28.45,4,bronze,0,0,0.0,0.029972
C009656,1,210.22,6,silver,0,0,0.0,-0.028953
C009657,9,159.85,3,silver,1,0,0.0,-0.054773
C009658,2,100.84,7,silver,0,0,0.0,0.02211
C009659,6,186.07,3,silver,1,1,194.38,0.072238
C009660,8,113.46,6,bronze,0,0,0.0,-0.011696
C009661,6,39.96,5,gold,0,1,13.5,-0.121744
C009662,12,148.36,3,silver,0,0,0.0,0.075187
C009663,7,133.66,2,silver,1,0,0.0,-0.113405
C009664,9,143.62,1,silver,0,1,122.15,-0.095859
C009665,10,54.58,1,silver,1,0,0.0,0.132542
C009666,6,23.71,2,silver,1,0,0.0,-0.05005
C009667,10,113.53,6,gold,0,1,77.16,0.119174
C009668,10,76.08,4,silver,0,1,158.79,0.17235
C009669,4,140.62,3,silver,0,0,0.0,-0.069126
C009670,6,259.22,4,silver,0,0,0.0,0.076191
C009671,3,117.36,2,silver,1,0,0.0,-0.048165
C009672,5,189.74,4,silver,0,0,0.0,0.024073
C009673,6,139.84,3,silver,1,0,0.0,-0.010164
C009674,7,117.12,6,silver,1,0,0.0,-0.063912
C009675,5,139.22,3,silver,0,0,0.0,0.000708
C009676,7,161.91,2,silver,1,1,97.09,-0.140565
C009677,10,99.72,3,silver,0,1,250.05,0.09369
C009678,5,38.12,3,bronze,1,0,0.0,0.013447
C009679,11,130.35,3,silver,0,1,133.53,0.048163
C009680,9,180.66,3,silver,0,0,0.0,0.184114
C009681,9,60.65,5,silver,1,0,0.0,-0.09954
C009682,9,148.25,4,gold,0,1,68.8,-0.121453
C009683,10,69.79,1,silver,1,1,46.99,0.120137
C009684,4,38.61,5,bronze,1,0,0.0,0.003119
C009685,7,63.82,2,gold,1,0,0.0,-0.14747
C009686,4,148.66,2,silver,1,1,154.22,0.032937
C009687,4,199.47,4,gold,0,1,143.07,0.06963
C009688,3,131.43,1,silver,1,0,0.0,-0.016709
C009689,7,133.31,3,silver,1,0,0.0,0.117076
C009690,4,153.1,4,silver,1,0,0.0,0.02668
C009691,9,183.19,8,silver,0,0,0.0,-0.232126
C009692,7,146.79,6,silver,0,0,0.0,0.082243
C009693,6,44.7,3,bronze,0,0,0.0,0.045977
C009694,1,0.0,6,silver,0,1,223.72,-0.106202
C009695,5,214.67,2,bronze,1,0,0.0,-0.013599
C009696,5,0.0,1,silver,0,0,0.0,-0.065529
C009697,7,92.92,3,gold,1,0,0.0,0.008142
C009698,8,222.44,3,bronze,1,0,0.0,-0.053925
C009699,6,124.2,7,bronze,0,0,0.0,0.044914
C009700,4,92.4,7,silver,1,1,138.61,-0.005073
C009701,7,132.57,5,bronze,0,0,0.0,0.016038
C009702,5,213.41,4,silver,1,0,0.0,0.022336
C009703,5,57.65,4,bronze,0,0,0.0,0.014788
C009704,5,221.45,7,silver,0,0,0.0,-0.014895
C009705,7,0.0,5,silver,0,0,0.0,-0.186557
C009706,5,88.84,6,bronze,1,0,0.0,0.001916
C009707,7,122.2,1,silver,0,1,42.8,0.001542
C009708,0,160.57,5,gold,1,0,0.0,-0.094829
C009709,3,93.55,7,silver,1,1,112.81,-0.0388
C009710,7,37.79,2,bronze,1,0,0.0,0.017451
C009711,11,136.71,3,gold,1,1,62.32,0.090815
C009712,7,204.91,4,silver,1,1,22.95,0.198317
C009713,9,186.63,7,silver,0,0,0.0,0.233813
C009714,7,87.31,4,bronze,0,0,0.0,0.059118
C009715,0,116.95,7,bronze,0,0,0.0,0.006922
C009716,3,116.53,5,gold,0,1,95.86,-0.092552
C009717,5,170.26,1,gold,1,0,0.0,-0.063155
C009718,7,112.04,5,silver,1,0,0.0,0.085442
C009719,4,181.7,5,bronze,0,0,0.0,0.034832
C009720,9,123.69,4,silver,1,0,0.0,0.003488
C009721,11,0.0,3,gold,0,1,151.66,-0.213593
C009722,7,253.71,3,silver,0,1,34.91,0.139174
C009723,8,206.24,2,gold,1,0,0.0,0.100855
C009724,4,23.57,4,silver,0,0,0.0,-0.054409
C009725,4,71.82,3,bronze,1,0,0.0,0.094773
C009726,5,44.69,5,silver,0,0,0.0,0.107683
C009727,5,123.89,3,gold,0,0,0.0,0.186361
C009728,5,139.09,10,gold,0,1,185.54,0.304161
C009729,6,83.23,4,gold,0,0,0.0,0.157807
C009730,8,220.38,2,gold,0,1,53.7,-0.328446
C009731,7,115.23,2,silver,1,0,0.0,0.109693
C009732,12,0.0,4,gold,0,1,205.46,-0.144195
C009733,6,95.24,4,gold,0,0,0.0,-0.028458
C009734,4,75.3,5,silver,0,0,0.0,-0.194981
C009735,5,84.17,3,silver,1,0,0.0,-0.037961
C009736,3,99.25,2,silver,1,1,42.51,-0.016116
C009737,7,82.91,6,gold,1,0,0.0,-0.211397
C009738,5,133.81,6,silver,1,1,71.89,-0.009324
C009739,5,52.96,5,silver,0,0,0.0,-0.092712
C009740,6,145.34,6,gold,1,0,0.0,-0.030975
C009741,4,138.87,1,gold,0,1,19.58,-0.149152
C009742,2,154.19,5,bronze,1,0,0.0,0.00669
C009743,6,91.66,7,bronze,1,0,0.0,0.044759
C009744,6,100.72,1,silver,1,1,114.52,-0.052431
C009745,9,61.19,2,bronze,0,0,0.0,0.021625
C009746,6,116.99,3,bronze,0,0,0.0,0.048029
C009747,1,113.87,2,bronze,0,0,0.0,-0.002916
C009748,3,3.1,2,gold,0,1,54.6,-0.058412
C009749,7,110.65,6,silver,0,0,0.0,-0.032476
C009750,8,98.51,1,gold,1,0,0.0,-0.056374
C009751,8,77.33,6,silver,0,0,0.0,0.167817
C009752,5,63.37,3,silver,1,0,0.0,0.013977
C009753,6,43.33,6,silver,1,0,0.0,-0.045959
C009754,0,235.93,6,silver,0,0,0.0,-0.156227
C009755,0,154.76,2,silver,1,0,0.0,-0.052932
C009756,9,73.78,2,silver,0,0,0.0,-0.105114
C009757,8,120.9,4,gold,0,0,0.0,-0.046849
C009758,8,88.47,5,silver,0,0,0.0,-0.003764
C009759,4,132.04,5,bronze,0,0,0.0,0.011067
C009760,5,4.53,2,gold,0,0,0.0,-0.104448
C009761,8,101.73,2,bronze,0,0,0.0,0.043193
C009762,5,100.79,7,silver,1,0,0.0,0.09794
C009763,2,46.7,4,silver,0,0,0.0,0.008656
C009764,4,91.33,4,bronze,1,0,0.0,-0.003723
C009765,10,228.83,5,silver,1,1,104.39,0.029675
C009766,9,67.11,4,silver,1,0,0.0,0.197045
C009767,3,82.67,5,silver,0,0,0.0,0.024363
C009768,6,75.81,2,silver,0,0,0.0,0.117907
C009769,4,224.15,7,gold,1,1,157.78,-0.085136
C009770,6,116.02,0,silver,1,0,0.0,-0.046742
C009771,2,156.1,3,bronze,1,0,0.0,-0.010219
C009772,7,0.0,0,silver,1,1,69.02,-0.136665
C009773,10,16.85,5,gold,1,1,39.24,0.0688
C009774,5,101.4,6,gold,0,1,39.42,0.03096
C009775,5,30.57,4,silver,0,1,19.73,0.003402
C009776,9,175.88,5,silver,1,0,0.0,0.030767
C009777,5,139.95,4,silver,0,0,0.0,-0.112551
C009778,5,0.0,0,silver,1,0,0.0,0.084028
C009779,7,75.22,3,bronze,0,0,0.0,0.11262
C009780,6,90.33,4,silver,0,0,0.0,-0.001269
C009781,3,71.18,5,silver,1,0,0.0,0.0078
C009782,5,298.54,4,silver,0,0,0.0,-0.00852
C009783,5,139.34,3,bronze,1,0,0.0,0.003911
C009784,3,189.66,2,silver,0,0,0.0,-0.018854
C009785,5,236.29,3,bronze,1,0,0.0,0.003905
C009786,9,172.49,8,bronze,1,0,0.0,0.031774
C009787,8,129.2,5,silver,0,0,0.0,0.229364
C009788,3,202.04,4,gold,0,1,38.93,-0.226603
C009789,4,200.34,4,gold,1,0,0.0,0.186397
C009790,0,51.58,1,bronze,0,0,0.0,-0.013533
C009791,5,179.56,4,bronze,1,0,0.0,0.015486
C009792,4,73.28,2,gold,1,0,0.0,-0.182102
C009793,3,113.91,3,silver,1,0,0.0,0.011359
C009794,9,87.25,5,bronze,1,0,0.0,0.011174
C009795,8,0.0,5,silver,1,0,0.0,0.077178
C009796,3,5.75,5,bronze,1,0,0.0,0.00463
C009797,7,5.63,4,silver,0,0,0.0,-0.13769
C009798,3,149.7,5,silver,1,0,0.0,0.015891
C009799,8,196.51,4,gold,0,0,0.0,-0.171841
C009800,0,0.0,4,silver,0,0,0.0,-0.064382
C009801,6,98.53,0,silver,1,1,72.5,-0.089999
C009802,2,172.15,5,silver,0,0,0.0,0.093985
C009803,5,0.09,6,gold,0,0,0.0,0.123573
C009804,9,108.46,3,silver,0,1,63.16,0.22382
C009805,7,71.99,0,bronze,0,0,0.0,-0.012997
C009806,0,135.31,0,bronze,0,0,0.0,0.003114
C009807,4,52.12,2,bronze,1,0,0.0,-0.000204
C009808,7,84.51,4,silver,1,1,121.95,0.073496
C009809,6,166.83,6,silver,0,0,0.0,0.077296
C009810,1,202.71,7,gold,0,0,0.0,-0.21944
C009811,6,214.3,1,silver,0,1,69.47,-0.057014
C009812,7,0.0,0,bronze,0,1,116.81,-0.007871
C009813,11,177.36,2,silver,1,0,0.0,0.30575
C009814,3,155.18,5,silver,1,0,0.0,0.003854
C009815,8,80.32,5,bronze,1,0,0.0,0.071707
C009816,3,100.34,6,silver,1,0,0.0,-0.082184
C009817,12,108.3,3,silver,1,0,0.0,-0.047598
C009818,1,46.62,3,gold,1,0,0.0,-0.024167
C009819,6,0.0,1,gold,1,1,238.8,0.313374
C009820,3,108.16,4,bronze,1,0,0.0,0.020795
C009821,11,111.23,3,bronze,1,0,0.0,0.062767
C009822,1,105.36,6,bronze,0,0,0.0,0.008706
C009823,7,260.23,3,silver,1,0,0.0,0.125112
C009824,7,169.89,4,silver,1,1,126.4,-0.013062
C009825,2,193.07,4,silver,1,0,0.0,0.011437
C009826,7,15.15,4,silver,1,0,0.0,0.133535
C009827,6,205.26,6,gold,1,0,0.0,0.184926
C009828,4,177.03,1,bronze,0,0,0.0,-0.00416
C009829,1,124.26,4,silver,1,0,0.0,-0.058249
C009830,7,117.93,5,bronze,0,0,0.0,0.026144
C009831,2,203.02,0,silver,1,0,0.0,-0.04419
C009832,6,96.08,0,bronze,1,0,0.0,-0.016195
C009833,1,156.46,2,silver,1,0,0.0,-0.044898
C009834,8,180.71,3,silver,1,0,0.0,-0.035371
C009835,6,74.92,5,silver,1,0,0.0,-0.037323
C009836,6,85.68,4,bronze,0,0,0.0,0.05888
C009837,6,109.82,1,bronze,1,0,0.0,-0.024349
C009838,8,109.39,3,gold,1,0,0.0,-0.237141
C009839,4,48.31,3,bronze,0,0,0.0,-0.019823
C009840,7,158.19,6,bronze,1,0,0.0,0.029418
C009841,6,143.04,5,bronze,1,1,29.14,-0.009829
C009842,7,56.67,8,bronze,0,0,0.0,0.012341
C009843,6,35.16,4,bronze,1,0,0.0,0.066429
C009844,9,217.45,4,gold,1,1,19.99,0.134496
C009845,1,118.94,4,bronze,0,0,0.0,-0.00978
C009846,2,129.74,3,gold,0,0,0.0,-0.010374
C009847,12,156.46,4,bronze,1,0,0.0,0.239935
C009848,11,0.63,8,silver,1,0,0.0,0.299952
C009849,6,118.68,2,gold,0,1,98.21,-0.226172
C009850,3,46.27,5,gold,0,1,101.26,-0.131414
C009851,11,141.94,3,silver,1,0,0.0,0.042965
C009852,4,192.4,2,bronze,0,0,0.0,-0.100915
C009853,5,80.11,6,silver,1,0,0.0,-0.166164
C009854,11,180.35,4,silver,0,0,0.0,0.069473
C009855,10,88.41,2,silver,0,0,0.0,0.006492
C009856,10,66.52,6,gold,0,0,0.0,0.129564
C009857,13,179.57,3,silver,0,0,0.0,0.269107
C009858,4,50.6,1,silver,0,0,0.0,-0.047226
C009859,7,244.79,6,silver,1,0,0.0,0.048222
C009860,7,149.16,3,silver,0,0,0.0,0.03516
C009861,2,215.99,5,silver,0,0,0.0,-0.144186
C009862,5,98.42,6,silver,1,0,0.0,0.032986
C009863,0,187.65,2,silver,1,0,0.0,-0.089117
C009864,7,135.79,3,silver,1,0,0.0,0.058902
C009865,9,59.79,7,silver,0,0,0.0,0.108831
C009866,9,27.85,4,gold,1,1,100.58,-0.049104
C009867,6,185.2,9,bronze,1,0,0.0,0.029508
C009868,3,183.21,4,gold,0,1,194.62,-0.001761
C009869,4,176.28,5,silver,1,1,90.61,0.002558
C009870,5,156.21,2,gold,0,1,17.47,-0.50108
C009871,5,162.02,3,silver,0,0,0.0,0.026738
C009872,9,74.56,4,gold,0,1,69.45,0.052342
C009873,3,50.64,5,gold,1,0,0.0,-0.05583
C009874,1,198.44,0,bronze,1,0,0.0,-0.052046
C009875,7,216.94,2,bronze,0,0,0.0,0.072084
C009876,0,125.46,5,silver,1,0,0.0,-0.0123
C009877,7,108.07,3,silver,1,0,0.0,-0.119984
C009878,8,53.93,4,bronze,1,0,0.0,0.019476
C009879,3,150.22,4,gold,1,0,0.0,-0.098596
C009880,4,65.24,6,silver,0,0,0.0,-0.009847
C009881,2,2.93,6,bronze,1,0,0.0,-0.016955
C009882,3,92.61,3,silver,0,0,0.0,0.028813
C009883,7,211.91,4,bronze,0,0,0.0,0.05002
C009884,3,90.93,6,bronze,1,0,0.0,0.004303
C009885,9,148.44,4,silver,1,0,0.0,0.230775
C009886,4,86.22,3,silver,0,0,0.0,-0.008231
C009887,14,0.0,5,gold,1,1,56.57,0.098631
C009888,3,166.78,6,silver,0,0,0.0,0.029944
C009889,8,98.43,3,bronze,0,0,0.0,0.062078
C009890,10,155.41,6,silver,1,0,0.0,0.148423
C009891,7,108.0,2,bronze,1,0,0.0,0.002009
C009892,7,0.0,6,bronze,1,0,0.0,0.005176
C009893,20,156.36,4,silver,0,0,0.0,-0.011898
C009894,6,173.73,4,gold,0,0,0.0,-0.073849
C009895,4,117.5,2,gold,0,0,0.0,-0.237534
C009896,4,147.22,4,gold,0,1,28.06,0.070207
C009897,11,0.0,3,silver,1,0,0.0,-0.029048
C009898,5,87.38,5,silver,1,1,273.03,0.040522
C009899,5,0.0,2,bronze,1,0,0.0,-0.016103
C009900,5,162.29,2,bronze,0,0,0.0,0.015247
C009901,10,111.91,3,gold,1,1,77.76,-0.280932
C009902,4,156.84,6,silver,0,0,0.0,0.12316
C009903,7,241.56,2,gold,1,1,156.82,-0.08513
C009904,6,144.9,1,bronze,1,0,0.0,-0.003683
C009905,7,51.0,3,silver,0,0,0.0,0.171988
C009906,4,62.65,5,gold,1,0,0.0,0.085407
C009907,7,122.94,4,silver,0,1,191.62,0.084678
C009908,6,182.75,2,bronze,0,0,0.0,0.070169
C009909,13,188.38,5,bronze,1,0,0.0,0.128889
C009910,8,42.84,3,silver,1,0,0.0,0.189045
C009911,6,146.99,5,silver,1,0,0.0,0.150914
C009912,0,199.17,5,silver,0,0,0.0,-0.022317
C009913,3,168.19,3,gold,1,0,0.0,-0.229086
C009914,9,118.53,6,bronze,0,0,0.0,0.036563
C009915,10,64.61,7,gold,1,1,70.35,0.011826
C009916,5,251.45,1,gold,0,1,88.23,-0.088268
C009917,3,59.74,2,bronze,1,0,0.0,0.00304
C009918,8,191.36,4,gold,0,0,0.0,-0.029246
C009919,7,131.99,6,bronze,1,0,0.0,0.107069
C009920,2,168.02,8,gold,0,0,0.0,-0.005823
C009921,7,144.27,7,bronze,1,0,0.0,0.066771
C009922,6,62.82,4,silver,1,1,251.5,0.033358
C009923,10,246.0,2,silver,0,0,0.0,0.095541
C009924,5,22.67,3,silver,1,0,0.0,0.021647
C009925,11,122.89,3,gold,1,1,48.82,-0.170991
C009926,3,65.46,4,silver,1,0,0.0,0.00204
C009927,3,88.45,2,silver,0,0,0.0,-0.068879
C009928,3,97.43,2,gold,1,0,0.0,0.137156
C009929,11,86.31,1,silver,0,0,0.0,-0.074
C009930,11,105.46,8,silver,0,0,0.0,0.193326
C009931,8,65.08,4,bronze,0,0,0.0,0.141386
C009932,3,172.43,5,silver,1,0,0.0,0.170087
C009933,10,240.52,5,silver,1,1,143.45,0.240534
C009934,0,75.25,6,gold,0,1,8.32,-0.043208
C009935,15,76.65,4,bronze,0,0,0.0,0.052915
C009936,9,228.79,2,silver,1,1,27.52,-0.167112
C009937,6,217.33,2,bronze,1,0,0.0,0.04368
C009938,3,147.03,3,silver,1,0,0.0,-0.079872
C009939,6,0.0,1,bronze,1,0,0.0,-0.020201
C009940,4,140.97,4,bronze,0,0,0.0,0.01079
C009941,5,98.32,1,bronze,0,0,0.0,-0.027533
C009942,9,57.22,4,silver,0,1,133.18,0.210027
C009943,3,95.91,3,silver,1,1,106.54,-0.007059
C009944,8,88.75,5,bronze,1,0,0.0,0.072975
C009945,5,95.17,2,silver,1,0,0.0,-0.043752
C009946,5,75.5,4,silver,0,0,0.0,0.024586
C009947,12,152.18,2,silver,1,0,0.0,0.047037
C009948,9,185.13,5,silver,0,1,30.3,0.264124
C009949,5,70.96,7,silver,1,0,0.0,-0.015236
C009950,7,210.23,4,gold,1,0,0.0,-0.082317
C009951,6,88.18,3,silver,1,0,0.0,0.004325
C009952,3,25.49,3,gold,0,0,0.0,-0.016351
C009953,5,113.05,5,bronze,1,0,0.0,-0.000449
C009954,7,57.91,5,silver,1,0,0.0,-0.052415
C009955,4,131.2,4,silver,0,0,0.0,0.035104
C009956,3,128.6,0,silver,1,0,0.0,-0.08205
C009957,5,103.42,2,silver,0,0,0.0,-0.036348
C009958,8,80.97,2,bronze,1,0,0.0,-0.028734
C009959,5,105.88,4,silver,1,0,0.0,-0.032722
C009960,9,114.6,4,silver,1,0,0.0,0.118116
C009961,2,94.98,4,silver,0,0,0.0,-0.004403
C009962,9,226.89,6,bronze,0,0,0.0,-0.005296
C009963,5,94.82,0,silver,0,0,0.0,0.039966
C009964,11,33.89,3,gold,1,1,33.38,0.126476
C009965,11,105.85,0,bronze,0,0,0.0,-0.007604
C009966,6,119.73,7,silver,1,0,0.0,0.31295
C009967,6,289.22,6,gold,0,1,346.65,0.14423
C009968,3,146.91,6,bronze,0,0,0.0,0.057592
C009969,11,168.79,4,silver,1,0,0.0,0.077299
C009970,6,202.57,3,silver,0,0,0.0,0.154531
C009971,7,130.13,5,gold,0,0,0.0,0.046273
C009972,0,160.35,4,silver,0,0,0.0,-0.094954
C009973,15,185.83,5,silver,1,1,90.48,0.328162
C009974,7,97.0,2,bronze,0,0,0.0,-0.050241
C009975,10,103.63,5,silver,0,0,0.0,0.082326
C009976,7,59.25,2,silver,0,0,0.0,0.163936
C009977,5,126.09,3,gold,0,1,203.76,0.033255
C009978,6,210.01,6,gold,1,0,0.0,-0.053619
C009979,3,131.89,3,silver,1,1,44.08,-0.032778
C009980,6,125.49,4,bronze,1,0,0.0,0.134778
C009981,5,103.78,3,silver,1,1,48.19,0.331484
C009982,6,141.27,5,silver,0,1,94.59,-0.314053
C009983,5,124.84,4,silver,1,0,0.0,-0.017831
C009984,8,23.09,4,bronze,0,0,0.0,0.013833
C009985,4,178.38,4,gold,0,0,0.0,-0.018
C009986,5,138.69,5,bronze,0,0,0.0,0.079896
C009987,6,140.71,5,silver,0,0,0.0,0.083271
C009988,6,117.0,1,gold,1,0,0.0,-0.126469
C009989,5,135.4,2,silver,1,0,0.0,0.221384
C009990,6,156.24,0,silver,1,0,0.0,0.01514
C009991,4,151.2,4,gold,1,1,176.66,-0.064289
C009992,5,108.94,7,silver,0,0,0.0,-0.085839
C009993,10,144.37,3,bronze,1,1,140.37,0.162585
C009994,2,141.87,4,silver,1,0,0.0,0.001824
C009995,8,93.15,1,silver,1,0,0.0,0.095553
C009996,8,44.51,6,silver,1,0,0.0,0.116043
C009997,7,83.49,2,silver,1,0,0.0,0.319462
C009998,8,134.98,3,silver,1,1,105.45,0.012933
C009999,3,11.54,2,gold,0,0,0.0,-0.021402
C010000,5,100.25,4,silver,1,0,0.0,0.213946
C010001,9,169.79,1,silver,1,0,0.0,0.03626
C010002,6,125.67,2,silver,0,0,0.0,-0.039617
C010003,4,143.28,6,silver,1,1,142.82,-0.023799
C010004,8,122.58,4,silver,0,0,0.0,0.183204
C010005,11,135.21,2,gold,0,1,69.52,-0.27065
C010006,1,98.56,2,bronze,1,0,0.0,-0.005948
C010007,3,258.25,5,bronze,1,0,0.0,0.003379
C010008,3,86.4,4,silver,0,0,0.0,0.001377
C010009,10,124.11,3,silver,1,0,0.0,0.061741
C010010,9,55.44,2,silver,1,0,0.0,-0.041305
C010011,3,103.26,3,bronze,0,0,0.0,-0.006378
C010012,4,104.97,3,gold,1,0,0.0,0.039645
C010013,2,236.44,5,gold,1,0,0.0,-0.100279
C010014,12,13.55,5,silver,0,0,0.0,-0.084386
C010015,12,104.28,5,silver,1,0,0.0,-0.012021
C010016,8,172.24,1,bronze,0,0,0.0,0.028385
C010017,5,229.16,3,silver,1,1,51.3,0.192809
C010018,8,234.89,1,bronze,0,0,0.0,-0.003385
C010019,9,61.21,4,silver,0,0,0.0,0.054999
C010020,8,54.11,6,gold,1,1,107.66,0.146385
C010021,4,21.99,5,silver,0,0,0.0,0.274487
C010022,8,10.24,5,silver,0,0,0.0,-0.02142
C010023,4,193.81,5,silver,0,0,0.0,-0.004975
C010024,1,153.47,4,silver,0,0,0.0,-0.142847
C010025,6,180.11,7,gold,0,0,0.0,-0.064882
C010026,10,2.83,4,silver,1,0,0.0,0.016017
C010027,12,128.1,2,gold,1,0,0.0,-0.209023
C010028,9,131.41,7,silver,0,0,0.0,0.093493
C010029,5,165.11,4,bronze,0,0,0.0,-0.017744
C010030,11,212.4,8,silver,1,0,0.0,-0.112524
C010031,10,239.46,5,silver,1,0,0.0,0.096123
C010032,7,164.77,4,bronze,1,0,0.0,0.040389
C010033,8,161.56,5,silver,1,0,0.0,0.16437
C010034,9,224.08,6,gold,1,0,0.0,-0.090807
C010035,10,102.66,7,silver,1,0,0.0,0.036388
C010036,5,36.18,6,silver,1,1,35.45,0.049689
C010037,8,34.31,5,bronze,1,0,0.0,0.077797
C010038,5,41.57,8,bronze,1,0,0.0,-0.02533
C010039,1,47.95,3,bronze,0,0,0.0,-0.000731
C010040,2,163.32,7,silver,0,0,0.0,0.010007
C010041,8,104.13,3,silver,0,0,0.0,0.058792
C010042,5,83.6,3,silver,0,0,0.0,-0.039725
C010043,4,47.62,4,silver,0,0,0.0,-0.01985
C010044,9,42.65,0,bronze,1,0,0.0,-0.026581
C010045,9,122.62,6,bronze,0,0,0.0,0.170265
C010046,2,64.43,3,bronze,0,0,0.0,-0.030175
C010047,5,133.84,7,silver,0,0,0.0,0.146341
C010048,8,98.12,4,silver,1,0,0.0,0.05221
C010049,4,44.55,3,silver,0,0,0.0,0.021468
C010050,6,230.16,5,bronze,1,0,0.0,0.070894
C010051,7,136.47,1,bronze,1,0,0.0,0.01665
C010052,6,148.73,1,bronze,1,0,0.0,-0.006834
C010053,7,132.9,4,bronze,0,0,0.0,0.008083
C010054,7,184.42,4,silver,1,1,204.87,0.126522
C010055,9,124.32,1,silver,0,0,0.0,0.043383
C010056,7,59.28,5,silver,0,0,0.0,0.311339
C010057,7,104.24,4,bronze,1,1,89.08,0.020687
C010058,5,171.62,4,silver,1,0,0.0,0.136474
C010059,2,142.85,3,silver,0,0,0.0,-0.006089
C010060,4,197.84,3,silver,0,0,0.0,-0.054208
C010061,8,84.12,5,silver,1,0,0.0,0.183928
C010062,2,144.72,4,silver,0,0,0.0,-0.02222
C010063,10,140.79,3,bronze,0,0,0.0,-0.03742
C010064,3,168.55,5,silver,1,0,0.0,-0.003617
C010065,5,150.94,3,bronze,0,0,0.0,0.024144
C010066,4,59.66,3,silver,1,0,0.0,0.040992
C010067,6,275.71,10,silver,0,0,0.0,0.013775
C010068,8,109.96,5,bronze,0,1,41.14,0.102188
C010069,10,207.08,1,bronze,0,0,0.0,-0.079226
C010070,0,265.89,7,gold,0,0,0.0,-0.112879
C010071,9,117.04,4,silver,1,1,25.53,0.026979
C010072,9,96.3,3,silver,1,0,0.0,0.017228
C010073,6,182.33,2,silver,0,0,0.0,0.01351
C010074,5,220.22,3,bronze,0,0,0.0,-0.005288
C010075,7,248.57,5,silver,1,1,242.11,0.208248
C010076,4,142.05,1,bronze,0,0,0.0,0.010096
C010077,7,96.15,4,gold,1,1,79.15,0.001358
C010078,5,105.04,2,bronze,0,0,0.0,-0.008092
C010079,7,103.09,7,silver,0,0,0.0,0.006841
C010080,2,34.06,4,silver,0,0,0.0,-0.087887
C010081,4,252.61,2,silver,0,0,0.0,-0.075122
C010082,4,236.41,6,bronze,0,0,0.0,0.065936
C010083,8,270.22,7,silver,0,0,0.0,0.247787
C010084,5,113.19,4,gold,0,0,0.0,0.196531
C010085,8,80.49,1,bronze,1,0,0.0,-0.091279
C010086,9,123.5,4,gold,1,1,176.05,0.130163
C010087,5,73.39,4,silver,1,1,179.77,-0.011601
C010088,3,113.24,4,silver,0,0,0.0,-0.023725
C010089,4,177.18,1,silver,1,0,0.0,-0.026518
C010090,5,43.0,1,bronze,1,0,0.0,0.019254
C010091,3,111.83,1,silver,1,0,0.0,-0.017191
C010092,4,115.66,2,gold,1,1,60.85,-0.186167
C010093,6,146.73,2,silver,0,0,0.0,-0.029859
C010094,4,149.92,7,gold,0,0,0.0,0.135995
C010095,6,69.28,8,silver,0,0,0.0,-0.038796
C010096,0,113.92,1,gold,0,0,0.0,-0.367767
C010097,8,37.27,5,silver,0,0,0.0,-0.199201
C010098,4,63.8,2,bronze,0,1,356.13,-0.030524
C010099,5,0.0,5,bronze,1,0,0.0,-0.002515
C010100,2,155.31,6,bronze,1,0,0.0,-0.005649
C010101,6,188.45,6,silver,0,0,0.0,0.025046
C010102,6,56.39,5,silver,0,0,0.0,0.014204
C010103,7,53.17,2,silver,1,1,105.84,0.077937
C010104,7,16.54,5,silver,1,0,0.0,-0.205512
C010105,7,7.75,5,silver,1,0,0.0,-0.084966
C010106,1,120.6,2,silver,1,0,0.0,-0.217784
C010107,0,126.79,5,silver,1,0,0.0,-0.068626
C010108,8,124.55,7,bronze,1,0,0.0,0.14788
C010109,9,87.08,2,silver,1,0,0.0,0.094947
C010110,8,26.47,5,silver,0,0,0.0,-0.079672
C010111,6,117.64,4,bronze,0,0,0.0,0.011415
C010112,3,45.7,3,gold,0,0,0.0,-0.209699
C010113,8,124.67,2,silver,0,0,0.0,0.065967
C010114,6,217.57,3,gold,1,1,33.17,0.074748
C010115,1,47.62,5,silver,1,0,0.0,-0.010401
C010116,6,41.43,4,gold,0,0,0.0,-0.306137
C010117,7,116.65,4,bronze,1,0,0.0,0.048409
C010118,9,31.33,6,silver,1,0,0.0,0.025874
C010119,10,229.13,4,silver,0,0,0.0,0.265416
C010120,7,148.36,1,bronze,0,1,43.62,0.014879
C010121,5,173.02,3,silver,0,0,0.0,-0.144006
C010122,6,106.06,3,silver,1,1,38.86,0.118689
C010123,11,70.37,5,silver,0,0,0.0,0.113967
C010124,4,152.46,7,silver,0,0,0.0,0.101488
C010125,10,97.08,4,bronze,1,0,0.0,0.043193
C010126,11,149.87,1,silver,0,0,0.0,-0.004554
C010127,6,178.14,3,silver,0,0,0.0,0.333755
C010128,8,69.45,5,silver,1,1,126.31,0.121624
C010129,10,3.03,2,silver,0,0,0.0,-0.050807
C010130,0,74.96,3,gold,1,1,57.46,-0.123545
C010131,7,140.88,4,bronze,0,0,0.0,-0.01721
C010132,6,101.85,2,gold,1,0,0.0,0.052794
C010133,5,117.58,3,silver,1,0,0.0,-0.223691
C010134,10,73.12,2,silver,0,0,0.0,-0.04434
C010135,12,181.84,3,bronze,1,1,151.93,0.074259
C010136,0,145.47,6,bronze,1,0,0.0,-0.007321
C010137,6,107.18,4,bronze,1,0,0.0,0.049953
C010138,0,159.09,3,silver,0,0,0.0,-0.081937
C010139,11,46.37,7,silver,0,1,133.23,-0.029249
C010140,7,0.0,2,silver,1,0,0.0,0.116414
C010141,5,147.54,3,bronze,0,0,0.0,-0.003339
C010142,5,127.71,2,silver,1,0,0.0,-0.194666
C010143,3,221.55,7,silver,0,0,0.0,0.02106
C010144,3,82.11,9,silver,0,0,0.0,0.043612
C010145,7,135.29,6,bronze,1,0,0.0,0.023217
C010146,4,182.4,2,bronze,0,0,0.0,0.012601
C010147,7,152.1,3,bronze,1,0,0.0,0.056031
C010148,0,69.9,2,silver,1,0,0.0,0.010336
C010149,12,132.61,4,bronze,1,0,0.0,0.158194
C010150,7,124.94,7,silver,0,1,85.72,0.149267
C010151,4,137.02,0,silver,1,0,0.0,0.001481
C010152,4,210.6,5,silver,1,1,159.91,-0.099776
C010153,0,35.23,10,silver,0,0,0.0,-0.017148
C010154,5,178.65,5,silver,1,0,0.0,0.075347
C010155,3,133.93,3,silver,1,0,0.0,-0.182812
C010156,0,150.05,4,silver,0,0,0.0,-0.033512
C010157,8,54.89,4,silver,1,0,0.0,0.089493
C010158,6,228.88,3,silver,0,1,137.65,0.240547
C010159,8,27.24,6,bronze,0,0,0.0,0.005019
C010160,0,166.06,8,gold,0,0,0.0,-0.061826
C010161,3,123.39,3,silver,0,0,0.0,-0.002387
C010162,6,274.26,3,silver,1,0,0.0,0.184273
C010163,6,217.08,5,silver,0,0,0.0,-0.129308
C010164,4,120.43,6,bronze,0,0,0.0,0.016569
C010165,6,93.86,1,bronze,1,0,0.0,-0.024212
C010166,2,41.56,6,bronze,0,0,0.0,0.017033
C010167,4,111.61,3,silver,0,0,0.0,0.028967
C010168,12,236.03,2,silver,1,1,36.44,0.115689
C010169,9,141.36,4,gold,0,1,204.22,-0.257196
C010170,12,141.24,4,silver,1,1,27.77,0.047727
C010171,6,36.43,7,silver,1,0,0.0,0.021236
C010172,9,177.06,6,silver,0,0,0.0,0.170365
C010173,4,0.0,7,gold,1,1,76.29,0.055877
C010174,6,109.11,2,silver,0,0,0.0,-0.006931
C010175,6,139.1,2,silver,0,0,0.0,0.015454
C010176,11,220.04,3,silver,1,1,102.48,0.06033
C010177,7,31.17,6,gold,0,0,0.0,0.064983
C010178,8,146.52,5,silver,0,0,0.0,0.173496
C010179,8,237.78,6,silver,1,1,48.13,0.439359
C010180,8,293.29,4,bronze,1,0,0.0,0.128615
C010181,10,43.6,3,silver,0,0,0.0,0.129396
C010182,0,97.66,6,gold,0,1,86.13,-0.298509
C010183,10,51.25,7,silver,1,0,0.0,0.377108
C010184,3,165.72,4,silver,1,0,0.0,0.0078
C010185,5,130.55,5,bronze,1,0,0.0,0.016659
C010186,5,50.21,3,gold,1,1,63.66,0.360597
C010187,8,112.45,5,bronze,0,0,0.0,0.074171
C010188,7,130.45,6,silver,0,0,0.0,-0.139293
C010189,6,187.74,1,silver,0,0,0.0,-0.114885
C010190,10,180.56,4,silver,0,0,0.0,0.184087
C010191,9,120.21,6,silver,0,1,113.09,-0.052771
C010192,4,123.6,3,silver,0,0,0.0,-0.035054
C010193,7,94.02,2,bronze,1,0,0.0,-0.119274
C010194,5,127.57,3,gold,0,0,0.0,-0.047672
C010195,10,159.33,6,silver,1,0,0.0,0.348371
C010196,5,179.35,4,bronze,0,0,0.0,-0.015763
C010197,8,69.4,8,silver,1,0,0.0,-0.090126
C010198,8,96.55,5,gold,0,0,0.0,0.027689
C010199,5,156.85,1,silver,1,0,0.0,-0.004831
C010200,4,103.75,2,gold,0,1,55.54,-0.05453
C010201,7,66.03,7,gold,1,1,47.4,0.169913
C010202,5,27.18,4,silver,1,0,0.0,0.068145
C010203,7,143.96,2,silver,0,1,235.48,0.033126
C010204,6,177.95,0,silver,0,0,0.0,-0.097468
C010205,5,209.45,2,silver,0,0,0.0,-0.07265
C010206,2,39.61,2,gold,1,0,0.0,-0.194773
C010207,4,165.13,4,bronze,0,0,0.0,0.02638
C010208,15,96.97,6,gold,0,1,91.44,-0.106628
C010209,5,168.52,6,silver,0,1,164.19,-0.115462
C010210,1,141.78,3,bronze,0,0,0.0,-0.001135
C010211,8,43.56,2,silver,0,0,0.0,0.122137
C010212,7,193.44,4,gold,1,1,95.19,0.180195
C010213,9,0.0,6,silver,0,0,0.0,-0.03104
C010214,7,111.46,6,gold,1,1,33.13,-0.213462
C010215,6,166.72,3,silver,0,0,0.0,0.114522
C010216,0,159.61,1,silver,0,0,0.0,-0.100341
C010217,3,293.63,0,silver,1,0,0.0,-0.05983
C010218,12,140.88,1,gold,0,0,0.0,-0.269507
C010219,8,128.2,4,gold,0,1,70.28,-0.196346
C010220,3,125.73,6,silver,1,0,0.0,-0.114583
C010221,8,87.31,3,gold,1,0,0.0,0.221215
C010222,7,99.23,0,gold,1,0,0.0,-0.314174
C010223,5,213.26,4,bronze,1,0,0.0,0.004435
C010224,6,165.23,4,silver,0,0,0.0,0.132468
C010225,5,175.1,3,gold,1,0,0.0,0.150777
C010226,7,116.8,5,silver,1,0,0.0,0.166978
C010227,3,86.36,3,bronze,1,0,0.0,-0.038353
C010228,0,119.64,4,gold,1,0,0.0,-0.126376
C010229,9,70.45,5,gold,1,1,20.75,-0.062063
C010230,11,213.48,6,bronze,0,0,0.0,0.075663
C010231,3,178.79,5,gold,0,1,214.48,0.185103
C010232,6,162.19,6,silver,0,0,0.0,0.068522
C010233,10,144.37,4,bronze,0,0,0.0,0.016455
C010234,7,119.29,2,gold,1,0,0.0,-0.088364
C010235,6,160.74,0,silver,0,0,0.0,-0.001981
C010236,4,163.69,6,silver,1,0,0.0,-0.054556
C010237,11,75.14,6,bronze,0,0,0.0,0.041499
C010238,6,82.97,3,bronze,0,0,0.0,0.078626
C010239,7,209.61,2,silver,0,0,0.0,-0.043987
C010240,0,135.77,3,silver,0,0,0.0,-0.020698
C010241,5,150.2,3,gold,0,0,0.0,-0.129935
C010242,3,49.9,4,silver,1,0,0.0,-0.193885
C010243,7,172.97,3,silver,0,1,140.52,0.034666
C010244,4,184.29,1,bronze,1,0,0.0,-0.025243
C010245,4,119.86,8,bronze,0,0,0.0,-0.011748
C010246,10,161.2,2,silver,1,0,0.0,-0.208147
C010247,2,91.44,4,bronze,1,0,0.0,-0.001111
C010248,6,92.08,3,gold,1,1,37.3,-0.211356
C010249,8,41.26,6,bronze,0,0,0.0,0.033346
C010250,4,78.05,2,bronze,1,0,0.0,-0.044594
C010251,3,160.67,3,bronze,1,0,0.0,0.002831
C010252,8,272.85,5,gold,0,0,0.0,0.04458
C010253,7,83.59,4,gold,0,0,0.0,0.148571
C010254,6,157.25,5,silver,0,1,45.54,0.073264
C010255,2,11.74,5,silver,1,0,0.0,-0.117312
C010256,6,163.85,4,silver,0,0,0.0,0.050438
C010257,5,117.29,7,bronze,1,0,0.0,-0.02099
C010258,7,47.36,3,silver,0,0,0.0,0.002399
C010259,8,70.85,6,bronze,0,0,0.0,-0.010732
C010260,5,78.39,2,silver,0,0,0.0,-0.010376
C010261,10,149.93,3,bronze,0,0,0.0,0.070741
C010262,7,2.84,6,silver,1,0,0.0,-0.240852
C010263,5,166.53,5,silver,0,1,117.02,0.015131
C010264,7,173.63,6,bronze,0,0,0.0,0.06622
C010265,5,180.83,3,bronze,1,0,0.0,0.115736
C010266,11,143.14,2,bronze,1,0,0.0,0.000537
C010267,6,22.88,6,gold,1,1,203.41,0.231938
C010268,5,66.91,4,silver,1,0,0.0,0.033892
C010269,8,19.21,3,gold,1,1,128.88,0.006661
C010270,7,168.74,2,silver,0,0,0.0,-0.008696
C010271,0,132.52,4,bronze,0,0,0.0,-0.005084
C010272,5,58.17,8,bronze,0,0,0.0,0.008377
C010273,7,53.82,6,bronze,0,0,0.0,-0.01593
C010274,6,101.38,5,silver,1,1,55.95,0.011237
C010275,6,105.71,4,gold,0,0,0.0,-0.11531
C010276,4,186.16,2,silver,1,0,0.0,-0.073996
C010277,3,158.22,6,bronze,0,0,0.0,0.009764
C010278,7,116.47,6,silver,0,0,0.0,-0.015828
C010279,16,143.63,4,bronze,0,0,0.0,0.205206
C010280,2,92.5,7,bronze,0,0,0.0,-0.004056
C010281,17,100.59,4,bronze,1,0,0.0,-0.030903
C010282,5,142.55,6,silver,1,1,28.41,-0.066088
C010283,3,159.83,0,gold,1,0,0.0,-0.205694
C010284,12,93.52,8,gold,1,1,135.14,0.02203
C010285,4,130.37,7,silver,1,1,22.37,-0.005961
C010286,3,197.07,3,bronze,0,1,50.59,0.006253
C010287,3,167.36,3,gold,1,0,0.0,-0.26586
C010288,6,156.8,4,bronze,0,0,0.0,0.022797
C010289,6,226.08,4,bronze,0,0,0.0,0.052553
C010290,0,201.69,4,silver,1,0,0.0,-0.011423
C010291,9,125.61,4,silver,0,0,0.0,0.072984
C010292,8,192.52,3,silver,1,0,0.0,0.25791
C010293,4,171.69,6,silver,0,0,0.0,0.167105
C010294,3,198.64,3,silver,1,0,0.0,-0.129277
C010295,6,88.91,8,bronze,0,0,0.0,0.052584
C010296,4,93.49,4,silver,0,0,0.0,0.012471
C010297,9,193.83,7,bronze,0,1,54.23,0.085323
C010298,7,114.62,5,silver,1,0,0.0,0.14664
C010299,4,7.64,3,silver,0,0,0.0,-0.043224
C010300,2,127.96,4,silver,1,0,0.0,-0.002512
C010301,4,82.72,5,silver,0,0,0.0,-0.006602
C010302,5,81.32,1,bronze,1,0,0.0,-0.061118
C010303,4,215.22,2,silver,1,0,0.0,-0.159486
C010304,4,40.97,4,bronze,0,0,0.0,0.001169
C010305,6,155.66,8,gold,1,1,131.91,0.165764
C010306,1,76.22,2,silver,0,0,0.0,-0.025923
C010307,11,178.67,5,gold,1,0,0.0,-0.037763
C010308,6,16.8,1,gold,1,1,39.12,-0.028924
C010309,2,165.48,2,silver,1,0,0.0,0.004443
C010310,11,83.44,5,silver,0,0,0.0,0.141231
C010311,6,102.76,5,gold,1,0,0.0,0.097306
C010312,5,161.33,6,silver,0,1,32.51,0.00226
C010313,8,86.63,5,silver,1,0,0.0,0.09244
C010314,6,155.26,2,silver,1,0,0.0,0.02689
C010315,4,157.5,6,silver,1,1,112.05,0.265211
C010316,5,278.99,0,silver,1,0,0.0,0.02817
C010317,7,155.64,2,bronze,1,0,0.0,0.035394
C010318,5,95.21,5,silver,1,0,0.0,0.119786
C010319,5,168.9,4,silver,0,0,0.0,0.133103
C010320,10,128.18,1,silver,1,0,0.0,0.018597
C010321,7,96.79,6,silver,0,0,0.0,0.131722
C010322,14,64.76,6,silver,0,1,125.28,0.1859
C010323,6,51.29,2,silver,1,0,0.0,0.069471
C010324,6,186.74,6,bronze,0,0,0.0,0.066938
C010325,1,96.18,1,bronze,0,0,0.0,-0.004792
C010326,5,71.69,8,bronze,1,0,0.0,0.037813
C010327,12,205.92,4,bronze,0,0,0.0,0.12312
C010328,5,157.38,3,silver,0,0,0.0,-0.082956
C010329,4,37.36,5,gold,1,0,0.0,0.101402
C010330,5,223.68,3,silver,1,0,0.0,0.124651
C010331,6,201.72,7,silver,0,0,0.0,-0.071581
C010332,6,232.4,5,silver,1,1,94.16,0.107966
C010333,7,88.78,5,bronze,1,0,0.0,0.103823
C010334,5,25.33,3,bronze,1,0,0.0,-0.043976
C010335,8,70.45,4,gold,1,0,0.0,0.008982
C010336,7,127.83,5,silver,1,0,0.0,0.013023
C010337,8,204.55,8,silver,1,0,0.0,0.132062
C010338,6,50.55,3,bronze,0,0,0.0,-0.00732
C010339,7,65.64,5,silver,0,0,0.0,0.134353
C010340,9,111.91,2,silver,1,0,0.0,-0.098658
C010341,6,153.26,2,silver,1,0,0.0,-0.089142
C010342,6,82.43,4,silver,1,0,0.0,0.133041
C010343,6,164.12,3,bronze,0,0,0.0,0.013181
C010344,2,124.01,1,bronze,1,0,0.0,0.000352
C010345,3,199.95,7,bronze,0,1,60.38,0.01282
C010346,10,75.8,4,gold,1,1,15.1,0.04093
C010347,4,121.54,4,bronze,0,0,0.0,0.002772
C010348,10,116.35,5,silver,1,0,0.0,0.005411
C010349,4,135.99,3,bronze,0,0,0.0,-0.018269
C010350,14,192.44,3,bronze,1,0,0.0,-0.003551
C010351,9,107.77,4,bronze,1,0,0.0,0.075153
C010352,2,131.93,3,silver,0,0,0.0,0.050925
C010353,8,113.4,5,bronze,1,0,0.0,0.088352
C010354,11,139.48,7,silver,1,0,0.0,0.245679
C010355,6,73.6,3,bronze,0,0,0.0,-0.027488
C010356,9,62.67,2,silver,1,0,0.0,-0.108491
C010357,11,106.88,3,silver,0,1,63.92,0.255979
C010358,11,188.63,2,silver,1,1,19.68,0.327169
C010359,10,221.15,3,silver,0,0,0.0,-0.066988
C010360,2,47.86,6,silver,0,0,0.0,-0.019267
C010361,4,98.38,0,silver,0,0,0.0,-0.012968
C010362,4,291.32,4,silver,1,0,0.0,-0.023682
C010363,6,113.07,2,bronze,1,0,0.0,0.042086
C010364,10,179.79,3,gold,1,1,70.51,0.167475
C010365,5,163.99,6,silver,1,1,75.87,-0.086811
C010366,5,172.0,2,silver,0,0,0.0,0.102294
C010367,1,88.62,3,bronze,0,0,0.0,0.00241
C010368,0,34.55,4,silver,0,0,0.0,-0.005196
C010369,10,67.18,5,silver,1,0,0.0,0.235915
C010370,5,187.03,5,silver,1,0,0.0,0.295774
C010371,4,73.47,2,silver,1,0,0.0,0.00475
C010372,0,52.08,3,gold,1,1,207.46,-0.074511
C010373,4,114.79,8,silver,1,1,223.97,0.083013
C010374,10,113.21,2,silver,1,1,166.69,-0.178656
C010375,7,141.37,9,bronze,0,0,0.0,0.022137
C010376,7,121.58,4,silver,1,0,0.0,0.146264
C010377,16,135.33,5,silver,0,1,171.48,0.11232
C010378,7,183.47,3,silver,1,0,0.0,0.107224
C010379,4,196.47,4,silver,0,0,0.0,-0.153861
C010380,3,158.18,5,gold,1,1,82.83,-0.259505
C010381,10,158.44,6,bronze,0,0,0.0,-0.033426
C010382,10,235.29,5,silver,1,0,0.0,0.059598
C010383,6,129.7,3,silver,1,1,29.67,0.289062
C010384,8,177.57,5,gold,1,0,0.0,0.081638
C010385,11,70.97,6,bronze,1,0,0.0,0.035921
C010386,8,221.73,6,gold,1,0,0.0,-0.254269
C010387,12,104.97,3,gold,0,0,0.0,-0.271019
C010388,9,70.34,1,gold,1,0,0.0,-0.298893
C010389,11,155.6,1,silver,0,0,0.0,-0.005586
C010390,8,184.1,5,silver,0,0,0.0,0.273956
C010391,2,44.3,3,silver,1,0,0.0,-0.097347
C010392,12,120.77,2,silver,1,0,0.0,0.097525
C010393,11,93.86,2,silver,0,0,0.0,-0.319819
C010394,8,115.36,4,silver,0,0,0.0,-0.101176
C010395,9,144.51,5,gold,1,1,56.85,0.009852
C010396,9,145.91,4,bronze,1,0,0.0,0.068881
C010397,1,83.63,4,silver,0,0,0.0,0.011214
C010398,6,197.87,4,silver,0,0,0.0,0.005572
C010399,12,105.67,2,silver,1,0,0.0,0.104273
C010400,4,207.12,5,silver,0,0,0.0,0.302404
C010401,7,57.16,4,silver,1,0,0.0,-0.029368
C010402,8,37.69,3,bronze,0,0,0.0,-0.018325
C010403,6,46.77,4,bronze,0,0,0.0,0.018921
C010404,3,117.01,4,gold,1,0,0.0,0.005469
C010405,2,169.27,3,silver,0,0,0.0,-0.253965
C010406,1,153.91,5,gold,0,1,130.26,-0.304725
C010407,5,16.14,8,silver,0,0,0.0,0.112202
C010408,15,76.59,2,silver,0,0,0.0,-0.207679
C010409,4,162.29,4,bronze,0,0,0.0,-0.007358
C010410,3,304.33,6,bronze,0,0,0.0,0.005334
C010411,2,0.0,5,bronze,0,0,0.0,-0.064014
C010412,6,148.41,4,bronze,1,0,0.0,0.061842
C010413,3,196.11,3,silver,1,0,0.0,-0.026332
C010414,9,38.67,4,bronze,1,0,0.0,0.025789
C010415,6,88.21,8,silver,1,0,0.0,-0.040048
C010416,6,240.56,3,bronze,1,0,0.0,-0.011278
C010417,6,188.26,3,bronze,0,0,0.0,0.13697
C010418,6,196.03,3,bronze,1,0,0.0,0.049769
C010419,8,40.66,5,gold,1,1,58.41,0.235673
C010420,4,132.58,2,gold,1,0,0.0,-0.028674
C010421,2,113.56,2,silver,1,0,0.0,-0.076085
C010422,2,120.37,4,bronze,1,0,0.0,-0.022431
C010423,8,131.25,3,bronze,0,0,0.0,0.03483
C010424,7,133.49,5,bronze,1,0,0.0,0.016746
C010425,6,169.77,4,gold,1,0,0.0,0.145637
C010426,2,184.88,5,silver,0,0,0.0,-0.020095
C010427,1,118.72,3,bronze,1,0,0.0,0.004975
C010428,6,90.66,4,gold,0,1,123.68,-0.151698
C010429,3,106.02,2,silver,1,0,0.0,-0.010253
C010430,5,126.12,1,silver,1,0,0.0,-0.152023
C010431,2,100.82,0,silver,1,0,0.0,-0.022466
C010432,0,122.29,3,gold,1,0,0.0,-0.088939
C010433,11,142.97,4,bronze,0,0,0.0,0.074749
C010434,3,109.73,4,silver,0,0,0.0,0.242384
C010435,2,110.53,6,gold,1,1,43.13,-0.177125
C010436,7,100.53,6,silver,1,0,0.0,0.036116
C010437,11,93.64,3,silver,1,0,0.0,0.145251
C010438,8,177.79,1,gold,0,1,116.82,0.230286
C010439,1,276.44,5,bronze,1,0,0.0,-0.000233
C010440,12,38.13,0,silver,1,0,0.0,-0.066911
C010441,0,0.0,0,silver,1,0,0.0,-0.043278
C010442,11,154.41,4,bronze,0,0,0.0,0.127116
C010443,6,175.93,4,gold,1,1,131.26,-0.206027
C010444,8,152.46,3,silver,1,0,0.0,0.054605
C010445,6,156.25,5,bronze,1,0,0.0,0.030851
C010446,7,174.73,4,bronze,1,0,0.0,-0.003964
C010447,5,125.65,3,silver,1,0,0.0,-0.028813
C010448,5,171.53,6,silver,1,0,0.0,-0.04362
C010449,10,158.75,2,bronze,1,0,0.0,0.058413
C010450,8,268.78,3,silver,1,1,106.75,-0.004922
C010451,4,159.27,7,gold,0,0,0.0,0.109057
C010452,8,98.95,2,bronze,0,0,0.0,-0.001667
C010453,7,140.51,5,gold,1,0,0.0,0.571466
C010454,1,76.87,1,silver,0,0,0.0,-0.097235
C010455,4,245.79,4,silver,1,0,0.0,-0.040084
C010456,3,80.28,4,gold,0,0,0.0,0.049938
C010457,11,171.71,3,silver,1,1,26.34,0.243164
C010458,14,168.4,4,silver,0,0,0.0,0.254119
C010459,7,138.74,7,bronze,0,0,0.0,0.087117
C010460,6,107.48,2,gold,0,0,0.0,-0.064325
C010461,6,119.51,9,silver,0,0,0.0,-0.03699
C010462,2,0.0,3,bronze,0,0,0.0,-0.02951
C010463,5,113.18,4,silver,0,0,0.0,-0.017552
C010464,9,206.31,1,bronze,0,0,0.0,-0.027343
C010465,6,228.42,2,silver,1,1,39.61,0.172695
C010466,9,121.47,4,silver,1,0,0.0,0.124851
C010467,9,84.86,4,silver,1,0,0.0,0.036152
C010468,0,129.55,5,gold,0,0,0.0,-0.195958
C010469,4,32.31,6,silver,0,0,0.0,-0.093251
C010470,11,106.66,4,bronze,0,0,0.0,0.033824
C010471,7,83.11,6,bronze,0,0,0.0,0.096458
C010472,4,156.11,1,gold,0,1,69.0,-0.081176
C010473,7,110.14,5,silver,1,0,0.0,0.226287
C010474,2,125.22,1,gold,0,0,0.0,-0.203703
C010475,8,94.66,2,gold,1,0,0.0,-0.236228
C010476,11,212.22,4,silver,0,0,0.0,0.172456
C010477,8,44.84,0,bronze,0,0,0.0,0.001658
C010478,2,91.88,3,silver,1,0,0.0,-0.046026
C010479,15,140.89,3,gold,0,1,25.54,0.191337
C010480,12,268.6,4,gold,0,0,0.0,0.135936
C010481,8,179.33,7,gold,1,1,26.34,0.220021
C010482,6,99.33,4,bronze,0,0,0.0,0.019001
C010483,9,81.23,1,gold,0,1,117.03,-0.168577
C010484,7,148.18,5,bronze,1,0,0.0,0.04649
C010485,6,166.53,5,bronze,0,0,0.0,-0.003223
C010486,8,233.59,3,bronze,0,0,0.0,0.046313
C010487,9,65.07,1,silver,0,0,0.0,0.003175
C010488,1,137.43,4,silver,1,0,0.0,0.009266
C010489,7,179.44,3,bronze,0,0,0.0,0.081207
C010490,11,134.04,5,bronze,0,0,0.0,0.058729
C010491,5,87.2,1,silver,1,0,0.0,-0.076944
C010492,8,206.03,6,silver,1,0,0.0,0.029999
C010493,4,226.92,5,bronze,1,0,0.0,0.017926
C010494,7,240.93,5,silver,0,0,0.0,0.1966
C010495,8,186.17,3,silver,0,0,0.0,-0.006272
C010496,4,129.44,5,silver,1,0,0.0,0.101731
C010497,1,166.4,2,gold,1,0,0.0,-0.232195
C010498,5,157.03,5,silver,0,0,0.0,-0.063577
C010499,4,83.58,6,gold,1,1,38.74,-0.051511
C010500,7,99.77,1,silver,0,0,0.0,0.183423
C010501,4,126.5,3,gold,1,0,0.0,-0.201922
C010502,1,101.96,5,bronze,0,0,0.0,-0.007455
C010503,6,116.35,1,gold,1,1,12.61,-0.102494
C010504,6,227.75,6,silver,1,0,0.0,0.053404
C010505,6,194.59,0,bronze,0,0,0.0,0.025679
C010506,4,103.05,4,gold,0,1,78.66,-0.053821
C010507,13,200.16,4,silver,1,0,0.0,0.047893
C010508,7,158.04,5,bronze,1,0,0.0,0.179639
C010509,8,126.31,4,bronze,0,0,0.0,0.056401
C010510,7,65.27,3,silver,1,0,0.0,0.01171
C010511,3,52.96,5,silver,0,0,0.0,-0.034224
C010512,4,184.21,2,gold,0,0,0.0,-0.255324
C010513,5,41.59,0,silver,1,0,0.0,-0.019636
C010514,4,123.94,1,bronze,0,0,0.0,-0.059104
C010515,9,114.17,4,silver,1,1,74.18,-0.06764
C010516,4,82.85,1,bronze,1,0,0.0,-0.011241
C010517,1,100.61,6,silver,0,0,0.0,-0.00252
C010518,4,36.41,0,silver,0,0,0.0,-0.028399
C010519,8,131.13,3,bronze,1,0,0.0,0.050258
C010520,8,148.61,2,bronze,1,1,226.65,0.070767
C010521,4,43.41,2,gold,1,1,5.71,-0.07235
C010522,6,140.0,5,silver,1,0,0.0,0.09273
C010523,6,137.68,4,silver,0,0,0.0,0.066555
C010524,3,41.82,4,silver,0,0,0.0,0.009929
C010525,9,133.04,4,bronze,1,0,0.0,0.12947
C010526,9,104.08,5,silver,1,0,0.0,-0.148573
C010527,3,150.41,4,silver,0,0,0.0,-0.017032
C010528,13,140.9,6,silver,0,1,47.79,0.141868
C010529,12,3.95,5,silver,0,0,0.0,0.100083
C010530,5,58.44,4,silver,0,0,0.0,-0.111766
C010531,6,85.83,5,silver,0,1,86.0,-0.020878
C010532,10,14.45,1,silver,1,0,0.0,0.058459
C010533,4,147.5,0,silver,0,1,69.48,-0.043943
C010534,5,0.0,0,gold,0,0,0.0,-0.126996
C010535,13,42.03,5,silver,0,1,230.46,0.004286
C010536,6,139.21,1,bronze,1,0,0.0,7e-06
C010537,9,90.81,3,gold,0,0,0.0,-0.158447
C010538,6,194.68,1,gold,1,0,0.0,-0.234912
C010539,5,43.86,1,silver,0,0,0.0,-0.000523
C010540,2,30.46,2,gold,0,0,0.0,-0.092535
C010541,9,102.5,5,gold,0,0,0.0,0.105288
C010542,7,118.2,2,bronze,1,0,0.0,-0.004416
C010543,7,135.97,2,silver,1,0,0.0,-0.062939
C010544,9,126.39,0,bronze,0,0,0.0,0.002182
C010545,12,170.18,2,silver,0,0,0.0,0.312647
C010546,2,57.32,4,gold,1,0,0.0,-0.022706
C010547,8,266.7,2,silver,1,0,0.0,-0.104948
C010548,9,39.76,5,silver,1,0,0.0,0.056282
C010549,8,79.13,5,silver,0,0,0.0,0.018395
C010550,7,133.65,3,silver,0,0,0.0,0.099192
C010551,5,113.73,2,silver,0,0,0.0,0.141617
C010552,3,39.85,5,bronze,0,0,0.0,0.069928
C010553,6,90.83,4,bronze,1,0,0.0,0.033057
C010554,9,49.51,5,silver,0,0,0.0,0.01594
C010555,5,118.94,5,silver,1,0,0.0,0.114746
C010556,5,127.85,4,bronze,0,0,0.0,0.019417
C010557,0,145.65,6,silver,0,0,0.0,-0.018308
C010558,8,42.16,2,bronze,0,0,0.0,0.002838
C010559,1,108.57,5,bronze,1,0,0.0,0.000927
C010560,8,71.15,2,bronze,1,0,0.0,-0.075521
C010561,9,8.29,3,bronze,1,0,0.0,-0.00176
C010562,7,55.76,0,silver,0,0,0.0,0.066807
C010563,11,171.24,2,bronze,0,0,0.0,0.045759
C010564,3,0.0,0,silver,0,0,0.0,0.009642
C010565,6,114.13,4,gold,0,1,152.26,0.065997
C010566,0,144.24,5,gold,0,0,0.0,-0.169719
C010567,6,197.48,2,silver,0,0,0.0,-0.037685
C010568,12,45.28,3,gold,0,1,68.36,-0.093163
C010569,5,107.3,1,silver,0,0,0.0,0.021008
C010570,5,237.21,5,silver,1,0,0.0,0.070084
C010571,4,94.22,0,bronze,1,0,0.0,-0.012785
C010572,11,143.84,6,silver,1,1,104.04,0.056742
C010573,11,5.91,1,silver,1,0,0.0,-0.104022
C010574,8,159.49,4,bronze,0,0,0.0,0.053482
C010575,4,182.5,2,bronze,0,0,0.0,-0.013979
C010576,7,157.03,1,silver,1,0,0.0,-0.064649
C010577,7,177.72,3,gold,0,1,80.93,-0.283737
C010578,8,102.03,3,silver,1,1,82.98,0.002249
C010579,3,235.81,6,bronze,1,0,0.0,0.010095
C010580,3,135.09,4,silver,1,0,0.0,-0.053546
C010581,9,0.0,4,silver,1,0,0.0,-0.014752
C010582,10,128.73,6,silver,1,1,43.57,0.202405
C010583,9,232.96,3,silver,1,0,0.0,0.034443
C010584,5,0.0,3,silver,0,0,0.0,-0.048492
C010585,8,119.92,5,silver,0,0,0.0,0.046814
C010586,5,256.27,6,gold,0,1,136.16,-0.124731
C010587,2,97.77,5,silver,1,0,0.0,-0.024855
C010588,7,87.22,4,silver,0,0,0.0,0.060538
C010589,11,156.12,5,silver,0,0,0.0,0.073988
C010590,9,76.45,4,gold,1,1,86.85,-0.026722
C010591,9,115.66,3,silver,0,0,0.0,0.027663
C010592,8,109.78,6,silver,0,0,0.0,0.171449
C010593,12,122.85,5,bronze,1,0,0.0,0.034002
C010594,11,92.96,9,silver,0,0,0.0,0.05282
C010595,6,230.41,3,gold,0,0,0.0,0.29088
C010596,6,111.18,6,silver,0,0,0.0,0.073948
C010597,7,23.56,1,silver,0,0,0.0,-0.056833
C010598,5,157.74,4,bronze,0,0,0.0,0.01043
C010599,7,88.28,3,silver,0,0,0.0,0.07581
C010600,7,155.76,3,silver,0,1,26.07,0.183841
C010601,8,46.72,6,silver,0,1,90.13,0.029476
C010602,8,19.14,5,silver,0,0,0.0,0.033034
C010603,3,119.97,7,silver,0,0,0.0,-0.010051
C010604,10,125.19,3,bronze,0,0,0.0,0.051981
C010605,8,28.79,2,gold,0,0,0.0,0.131858
C010606,7,191.84,2,gold,1,0,0.0,-0.152018
C010607,9,46.44,1,bronze,1,0,0.0,0.003869
C010608,5,48.96,3,silver,0,0,0.0,0.062548
C010609,10,81.23,1,gold,1,1,88.52,-0.102852
C010610,7,77.84,3,bronze,1,1,184.32,0.06448
C010611,4,123.91,4,bronze,0,0,0.0,0.044195
C010612,8,207.84,0,bronze,0,0,0.0,-0.015437
C010613,3,134.7,3,silver,0,0,0.0,-0.119353
C010614,11,213.44,3,silver,0,0,0.0,0.268367
C010615,6,64.25,2,silver,1,0,0.0,-0.075103
C010616,0,118.43,5,bronze,0,0,0.0,0.004233
C010617,10,194.32,4,silver,1,1,32.57,-0.115751
C010618,5,48.43,5,silver,0,0,0.0,0.031534
C010619,5,55.5,0,gold,0,0,0.0,-0.055883
C010620,4,102.22,0,silver,1,0,0.0,-0.105709
C010621,7,152.72,7,silver,1,0,0.0,0.197779
C010622,6,87.15,4,silver,0,0,0.0,0.080588
C010623,3,213.87,9,gold,1,0,0.0,-0.165982
C010624,2,136.73,3,silver,0,0,0.0,-0.009144
C010625,5,101.35,7,gold,1,0,0.0,-0.033441
C010626,7,97.44,5,silver,0,0,0.0,-0.058766
C010627,3,228.78,4,bronze,1,0,0.0,0.004055
C010628,7,189.74,4,silver,1,1,146.9,0.008016
C010629,8,157.93,6,silver,0,0,0.0,0.329269
C010630,11,40.48,4,bronze,1,0,0.0,0.09123
C010631,7,243.11,7,silver,1,0,0.0,-0.018167
C010632,9,30.83,2,silver,0,0,0.0,-0.058252
C010633,0,0.0,3,bronze,1,0,0.0,-0.015172
C010634,0,18.78,7,gold,0,1,136.7,-0.241249
C010635,0,209.24,3,gold,0,1,57.93,-0.157256
C010636,12,45.07,5,bronze,1,0,0.0,-0.076618
C010637,6,148.3,1,bronze,1,0,0.0,0.006915
C010638,8,18.88,4,bronze,1,0,0.0,0.07454
C010639,3,175.43,2,gold,1,0,0.0,-0.147607
C010640,3,31.3,7,gold,1,1,320.04,-0.103604
C010641,5,15.97,5,gold,0,0,0.0,-0.163078
C010642,9,110.7,4,bronze,1,0,0.0,0.034988
C010643,7,230.85,4,bronze,0,0,0.0,-0.006914
C010644,10,169.91,5,gold,1,1,78.01,-0.261495
C010645,8,115.97,3,silver,0,0,0.0,-0.198932
C010646,7,162.43,4,silver,1,0,0.0,0.168718
C010647,6,52.4,8,silver,1,1,55.31,-0.034292
C010648,2,161.86,2,silver,1,0,0.0,0.001207
C010649,8,95.38,3,bronze,0,0,0.0,0.124999
C010650,6,142.69,1,gold,1,0,0.0,0.064175
C010651,9,251.46,2,silver,1,1,134.74,0.075505
C010652,12,154.53,6,gold,0,0,0.0,0.077081
C010653,6,198.95,4,bronze,1,0,0.0,0.050292
C010654,10,107.22,3,gold,0,1,65.01,0.054073
C010655,0,152.38,4,silver,1,0,0.0,-0.057502
C010656,6,219.95,0,bronze,0,0,0.0,-0.030763
C010657,2,0.0,4,gold,0,0,0.0,-0.123059
C010658,13,2.24,6,silver,0,1,183.77,0.12203
C010659,9,134.91,0,silver,0,0,0.0,-0.044259
C010660,11,210.84,4,silver,0,0,0.0,0.232501
C010661,5,116.05,3,bronze,0,0,0.0,0.023656
C010662,4,114.07,7,gold,1,0,0.0,0.070659
C010663,6,37.13,4,silver,0,0,0.0,0.047165
C010664,3,32.82,1,silver,0,0,0.0,0.036724
C010665,4,79.0,6,silver,0,0,0.0,-0.020576
C010666,4,67.5,4,silver,1,1,194.35,-0.034403
C010667,2,126.26,4,silver,1,0,0.0,-0.134175
C010668,7,200.93,3,gold,1,0,0.0,-0.092657
C010669,3,113.87,6,silver,0,0,0.0,-0.109838
C010670,7,100.91,7,bronze,1,0,0.0,0.097814
C010671,3,183.29,2,bronze,0,0,0.0,-0.031201
C010672,4,12.88,4,silver,0,0,0.0,-0.05921
C010673,1,68.35,4,gold,0,1,53.47,-0.177639
C010674,5,199.19,4,silver,1,0,0.0,0.123326
C010675,4,0.0,3,silver,1,0,0.0,-0.014464
C010676,5,122.44,3,gold,1,1,54.72,-0.147085
C010677,10,172.58,4,bronze,0,0,0.0,0.085858
C010678,3,0.0,4,silver,1,0,0.0,0.006141
C010679,1,268.27,3,gold,0,1,61.57,-0.064076
C010680,10,100.13,4,silver,1,0,0.0,0.018261
C010681,6,85.13,4,silver,0,0,0.0,0.055897
C010682,9,155.85,5,silver,1,1,135.37,0.056169
C010683,7,97.86,4,silver,0,0,0.0,0.048668
C010684,8,143.39,3,silver,1,0,0.0,0.078255
C010685,2,220.68,3,silver,1,0,0.0,-0.029254
C010686,0,35.39,3,bronze,1,0,0.0,-0.010622
C010687,7,16.44,4,silver,0,0,0.0,0.007383
C010688,5,284.38,1,silver,0,1,109.75,-0.074587
C010689,8,239.85,3,silver,1,0,0.0,0.006091
C010690,2,125.02,3,silver,0,0,0.0,-0.212194
C010691,11,120.24,5,bronze,1,0,0.0,-0.005443
C010692,3,172.68,5,bronze,1,0,0.0,0.013575
C010693,6,172.47,5,gold,1,1,133.26,0.408279
C010694,6,63.76,2,bronze,1,0,0.0,-0.07005
C010695,9,77.25,1,silver,1,1,210.92,-0.028604
C010696,7,77.82,5,bronze,0,0,0.0,0.044746
C010697,6,89.51,3,bronze,1,0,0.0,0.03296
C010698,8,213.5,0,gold,1,1,62.38,0.082124
C010699,5,100.99,8,bronze,0,0,0.0,-0.003546
C010700,5,122.02,5,gold,0,1,89.75,0.177576
C010701,2,186.61,2,bronze,0,0,0.0,0.009003
C010702,7,76.71,0,silver,0,0,0.0,0.009973
C010703,10,154.42,5,silver,0,0,0.0,-0.001814
C010704,10,123.27,4,gold,1,1,40.74,-0.224106
C010705,11,119.37,0,silver,0,0,0.0,-0.051477
C010706,9,184.77,3,bronze,1,0,0.0,0.0509
C010707,9,174.6,3,silver,1,0,0.0,0.015591
C010708,0,117.27,2,silver,0,0,0.0,-0.034215
C010709,6,150.57,7,silver,0,0,0.0,0.263606
C010710,7,58.73,3,silver,1,0,0.0,0.063762
C010711,1,0.0,5,silver,0,0,0.0,-0.113145
C010712,13,122.81,3,silver,0,0,0.0,0.116038
C010713,1,106.88,0,gold,0,0,0.0,-0.078071
C010714,7,230.71,9,bronze,0,0,0.0,0.07225
C010715,5,125.13,6,silver,0,0,0.0,-0.082175
C010716,8,90.04,3,gold,0,0,0.0,-0.032666
C010717,5,68.8,4,bronze,0,1,72.35,-0.005707
C010718,10,82.0,5,silver,1,0,0.0,-0.006264
C010719,3,63.09,6,silver,0,0,0.0,-0.051885
C010720,5,203.25,3,silver,1,0,0.0,-0.019384
C010721,3,56.67,1,silver,0,0,0.0,-0.015518
C010722,8,83.23,4,silver,1,0,0.0,0.274797
C010723,7,158.91,0,silver,0,0,0.0,-0.0057
C010724,7,84.33,5,bronze,0,0,0.0,0.030605
C010725,6,87.91,6,bronze,0,0,0.0,0.077199
C010726,1,236.7,2,gold,0,0,0.0,-0.207934
C010727,10,143.31,2,bronze,1,0,0.0,0.044418
C010728,5,136.73,6,silver,0,0,0.0,0.124145
C010729,4,197.85,4,silver,1,1,78.82,0.033656
C010730,10,105.69,6,silver,0,0,0.0,-0.035222
C010731,4,20.83,5,gold,0,0,0.0,0.039973
C010732,0,47.14,6,silver,1,0,0.0,0.002734
C010733,4,94.13,3,silver,0,0,0.0,0.024207
C010734,0,165.09,6,silver,1,0,0.0,-0.051337
C010735,3,228.08,4,silver,0,0,0.0,-0.033259
C010736,12,166.84,5,gold,1,1,48.15,0.282486
C010737,4,144.47,5,bronze,1,1,70.13,0.031222
C010738,3,88.45,4,bronze,1,0,0.0,0.014177
C010739,6,65.33,6,bronze,0,0,0.0,-0.037762
C010740,7,132.75,3,gold,1,0,0.0,0.169592
C010741,6,228.25,6,silver,1,0,0.0,0.077932
C010742,9,0.17,2,bronze,1,0,0.0,-0.12095
C010743,9,157.85,2,bronze,1,0,0.0,0.116847
C010744,4,141.32,5,bronze,1,0,0.0,-0.009302
C010745,6,67.83,2,silver,1,0,0.0,0.043637
C010746,7,45.86,5,silver,1,0,0.0,0.197435
C010747,9,125.66,6,gold,0,1,232.65,0.207362
C010748,8,127.16,4,silver,1,0,0.0,0.083107
C010749,6,151.95,7,silver,0,1,123.66,-0.095122
C010750,8,0.0,3,bronze,1,0,0.0,-0.016664
C010751,12,145.01,7,silver,1,0,0.0,0.287934
C010752,7,130.94,4,gold,0,1,21.17,-0.015941
C010753,9,102.07,1,silver,1,0,0.0,-0.093173
C010754,6,231.99,6,silver,0,0,0.0,0.262303
C010755,4,78.24,3,silver,1,0,0.0,0.143878
C010756,12,105.64,5,silver,1,0,0.0,0.06976
C010757,12,56.53,4,silver,0,0,0.0,0.199529
C010758,3,143.05,5,gold,0,0,0.0,0.031773
C010759,2,165.43,4,bronze,1,0,0.0,0.002707
C010760,5,188.36,5,bronze,0,0,0.0,0.053179
C010761,1,80.01,5,silver,0,0,0.0,-0.12198
C010762,2,157.08,6,bronze,1,0,0.0,0.007846
C010763,10,126.48,0,silver,0,1,59.17,-0.1756
C010764,5,50.78,6,silver,0,1,24.2,0.100839
C010765,8,93.52,5,bronze,0,0,0.0,0.068022
C010766,11,99.22,7,bronze,1,0,0.0,0.107699
C010767,6,187.76,9,gold,1,1,25.79,0.142284
C010768,9,79.83,1,gold,0,0,0.0,-0.152018
C010769,4,161.59,5,gold,0,1,41.3,-0.263002
C010770,4,38.4,5,bronze,0,0,0.0,-0.022263
C010771,7,221.84,4,bronze,0,0,0.0,0.083
C010772,8,179.14,2,gold,1,1,126.95,-0.159056
C010773,6,79.06,5,silver,0,0,0.0,-0.037832
C010774,2,18.36,2,silver,1,0,0.0,-0.078504
C010775,8,116.61,1,gold,1,0,0.0,-0.019262
C010776,7,134.21,1,bronze,1,0,0.0,0.012036
C010777,4,200.83,2,bronze,1,0,0.0,-0.019635
C010778,3,183.54,5,silver,1,0,0.0,0.012811
C010779,7,124.38,4,gold,1,1,91.25,0.004683
C010780,7,202.16,4,bronze,0,0,0.0,-0.089988
C010781,13,169.8,2,silver,0,0,0.0,-0.065642
C010782,5,90.63,6,bronze,0,0,0.0,0.056627
C010783,7,31.42,4,silver,1,0,0.0,0.034663
C010784,6,154.29,5,gold,1,0,0.0,-0.088964
C010785,7,87.62,5,silver,0,1,196.39,0.245932
C010786,12,113.05,2,gold,0,1,137.94,0.041795
C010787,1,28.13,2,silver,1,0,0.0,-0.051766
C010788,8,135.42,2,silver,1,0,0.0,0.285995
C010789,3,71.3,5,silver,0,0,0.0,-0.015513
C010790,7,77.21,5,bronze,0,0,0.0,0.040235
C010791,2,170.96,5,bronze,1,0,0.0,0.003525
C010792,5,147.41,3,gold,1,0,0.0,-0.175049
C010793,6,94.62,3,silver,0,0,0.0,0.058993
C010794,0,233.9,0,bronze,0,0,0.0,-0.0075
C010795,6,62.96,6,bronze,1,0,0.0,0.041481
C010796,12,98.92,1,gold,0,1,66.78,-0.37989
C010797,11,120.05,5,silver,0,0,0.0,0.111618
C010798,7,80.2,5,silver,1,0,0.0,0.080231
C010799,7,197.89,7,bronze,1,0,0.0,0.017005
C010800,2,32.2,5,silver,0,0,0.0,-0.222668
C010801,7,154.3,5,silver,1,0,0.0,0.051223
C010802,5,102.45,3,bronze,1,1,116.16,0.056125
C010803,7,92.33,7,silver,0,0,0.0,0.001875
C010804,5,51.44,5,silver,1,0,0.0,0.027154
C010805,8,25.35,6,bronze,0,0,0.0,0.072565
C010806,8,52.12,6,silver,0,0,0.0,0.001246
C010807,0,139.29,4,bronze,1,0,0.0,-0.019901
C010808,4,179.29,3,bronze,0,0,0.0,0.030983
C010809,3,76.39,1,gold,0,1,119.21,-0.01035
C010810,10,57.84,2,silver,0,1,51.16,0.293981
C010811,4,95.91,3,gold,1,0,0.0,-0.190666
C010812,9,111.66,2,silver,0,0,0.0,0.091995
C010813,6,115.9,6,bronze,1,0,0.0,0.006286
C010814,8,153.74,2,bronze,0,0,0.0,-0.006385
C010815,9,113.77,7,silver,0,0,0.0,0.025215
C010816,4,95.71,5,bronze,1,0,0.0,0.047479
C010817,8,133.63,3,silver,0,1,34.09,0.057398
C010818,8,159.62,7,silver,1,1,64.92,0.196115
C010819,1,201.94,3,silver,1,0,0.0,-0.00631
C010820,5,221.98,6,silver,1,0,0.0,0.171051
C010821,10,213.35,4,bronze,0,0,0.0,0.046689
C010822,7,68.89,6,bronze,1,0,0.0,0.012008
C010823,9,136.92,4,bronze,0,0,0.0,0.132516
C010824,2,119.17,2,gold,0,0,0.0,-0.238381
C010825,0,69.96,3,silver,0,0,0.0,-0.039333
C010826,4,73.97,3,silver,0,1,106.63,0.108243
C010827,8,60.45,1,bronze,1,0,0.0,-0.000393
C010828,5,124.52,5,silver,0,0,0.0,0.0731
C010829,1,71.01,4,bronze,1,0,0.0,-0.014117
C010830,0,195.29,1,bronze,1,0,0.0,-0.063631
C010831,2,93.83,6,silver,1,0,0.0,-0.022713
C010832,4,70.1,5,silver,0,0,0.0,0.128132
C010833,7,173.89,4,silver,0,0,0.0,0.071525
C010834,12,194.15,4,silver,0,0,0.0,-0.006059
C010835,9,117.05,8,silver,0,0,0.0,0.115336
C010836,3,48.43,3,silver,0,0,0.0,-0.043938
C010837,6,183.83,7,bronze,1,1,148.09,0.051956
C010838,7,259.8,4,bronze,1,0,0.0,0.033039
C010839,6,58.42,5,gold,1,1,160.14,0.105228
C010840,6,0.0,2,silver,0,0,0.0,0.059251
C010841,0,61.58,2,bronze,1,0,0.0,-0.010866
C010842,10,97.4,3,gold,0,0,0.0,-0.104856
C010843,7,37.69,3,gold,0,1,48.49,-0.040259
C010844,3,0.0,3,bronze,1,0,0.0,-0.034587
C010845,7,47.09,4,gold,1,1,29.92,0.132516
C010846,6,145.3,5,silver,0,0,0.0,0.024608
C010847,4,116.14,7,silver,1,1,136.76,0.172503
C010848,1,132.45,4,bronze,0,0,0.0,-0.000998
C010849,4,51.09,3,silver,1,0,0.0,-0.055629
C010850,9,113.77,7,silver,0,0,0.0,0.168255
C010851,11,166.57,2,silver,0,0,0.0,0.026839
C010852,4,71.63,7,bronze,0,0,0.0,0.035977
C010853,9,138.06,3,bronze,1,0,0.0,0.016051
C010854,7,22.08,7,silver,1,1,127.71,0.066876
C010855,8,128.26,5,gold,0,1,87.47,0.096341
C010856,8,139.93,0,gold,1,0,0.0,0.038998
C010857,2,47.04,4,gold,0,1,85.96,-0.008024
C010858,9,85.18,4,gold,0,0,0.0,-0.003309
C010859,10,115.9,6,gold,1,1,30.42,0.083933
C010860,7,127.3,6,gold,1,0,0.0,0.336849
C010861,5,102.26,3,gold,1,0,0.0,-0.09795
C010862,7,0.0,7,silver,0,0,0.0,0.031816
C010863,8,185.72,5,silver,0,0,0.0,0.215616
C010864,10,144.43,3,silver,0,0,0.0,0.047285
C010865,4,176.43,7,bronze,0,0,0.0,0.018866
C010866,17,71.23,3,silver,1,1,154.99,-0.20055
C010867,6,120.19,4,silver,0,0,0.0,-0.045535
C010868,8,197.69,2,silver,0,1,59.43,0.060329
C010869,5,118.72,6,bronze,0,0,0.0,0.004104
C010870,9,77.56,5,silver,1,0,0.0,0.037988
C010871,8,156.59,0,silver,1,0,0.0,0.068799
C010872,12,143.17,1,silver,1,0,0.0,0.002501
C010873,3,165.19,6,silver,1,0,0.0,0.015161
C010874,8,65.48,3,bronze,1,0,0.0,0.066838
C010875,7,167.44,3,gold,0,0,0.0,-0.062059
C010876,3,154.08,7,silver,0,0,0.0,0.046498
C010877,8,155.17,4,gold,1,1,239.31,0.017684
C010878,9,171.47,2,bronze,1,0,0.0,0.0111
C010879,7,241.63,4,silver,0,0,0.0,0.001278
C010880,3,111.21,2,gold,1,1,146.36,-0.296699
C010881,6,99.42,3,silver,1,0,0.0,-0.011539
C010882,11,110.78,3,gold,0,1,37.53,0.018212
C010883,15,174.22,4,silver,1,1,100.42,0.151717
C010884,8,128.89,3,bronze,0,0,0.0,0.065207
C010885,9,97.78,2,silver,0,0,0.0,0.004367
C010886,5,49.37,4,silver,1,0,0.0,0.017426
C010887,5,144.96,4,silver,0,0,0.0,0.204609
C010888,2,119.48,5,gold,1,0,0.0,-0.314093
C010889,11,69.07,4,silver,1,0,0.0,0.07181
C010890,6,143.9,5,bronze,1,0,0.0,0.041608
C010891,5,139.87,5,gold,0,0,0.0,0.131988
C010892,5,75.98,7,gold,0,0,0.0,-0.215629
C010893,3,124.23,4,silver,0,1,54.64,0.070548
C010894,14,98.61,5,silver,1,0,0.0,0.157063
C010895,4,102.86,5,bronze,1,0,0.0,8.5e-05
C010896,3,97.42,5,silver,1,0,0.0,0.056496
C010897,7,0.0,3,gold,0,0,0.0,0.277453
C010898,10,224.08,2,silver,0,0,0.0,0.087644
C010899,4,179.46,4,silver,1,0,0.0,-0.00675
C010900,1,175.91,3,gold,0,1,66.8,-0.247234
C010901,8,116.21,4,bronze,1,0,0.0,0.032524
C010902,2,153.3,1,bronze,1,0,0.0,-0.019843
C010903,6,11.35,1,silver,1,0,0.0,-0.082504
C010904,6,164.1,4,bronze,1,0,0.0,0.051402
C010905,9,155.84,0,silver,1,0,0.0,-0.28956
C010906,1,74.84,5,silver,0,0,0.0,-0.176896
C010907,4,244.42,5,silver,1,1,196.91,-0.069474
C010908,9,94.12,5,silver,1,0,0.0,0.083882
C010909,3,203.38,2,silver,1,0,0.0,-0.134872
C010910,8,125.37,7,silver,1,1,151.45,0.019806
C010911,8,0.0,4,gold,0,1,117.74,0.245705
C010912,2,159.13,6,silver,0,0,0.0,-0.157379
C010913,3,200.26,3,bronze,1,0,0.0,-0.001644
C010914,6,46.76,2,gold,0,0,0.0,0.031455
C010915,4,122.02,4,silver,1,0,0.0,0.062749
C010916,7,164.1,3,silver,0,0,0.0,0.073915
C010917,6,227.07,2,bronze,1,0,0.0,0.006025
C010918,0,28.42,3,silver,0,0,0.0,-0.027724
C010919,5,131.66,3,silver,1,0,0.0,0.109919
C010920,6,20.27,2,bronze,1,0,0.0,-0.077475
C010921,7,96.31,2,silver,0,0,0.0,0.029694
C010922,5,131.51,4,gold,1,1,111.47,-0.056849
C010923,1,211.87,4,silver,1,0,0.0,-0.038034
C010924,6,93.06,5,bronze,1,0,0.0,0.060655
C010925,9,131.25,6,bronze,1,1,128.52,0.035613
C010926,7,145.97,5,silver,1,0,0.0,0.214531
C010927,10,97.24,1,bronze,0,0,0.0,-0.035226
C010928,9,111.76,1,bronze,1,0,0.0,-0.011619
C010929,6,77.51,5,silver,1,0,0.0,0.06813
C010930,7,112.86,1,bronze,0,0,0.0,0.025116
C010931,8,41.44,3,gold,0,1,115.4,-0.133959
C010932,1,140.43,2,silver,1,0,0.0,-0.037653
C010933,1,61.1,6,gold,0,1,101.57,-0.050399
C010934,4,71.08,4,bronze,0,0,0.0,0.008877
C010935,4,237.95,6,silver,0,0,0.0,-0.218936
C010936,5,48.26,3,bronze,0,0,0.0,0.023952
C010937,7,89.12,4,silver,1,0,0.0,0.056922
C010938,9,199.53,7,gold,1,0,0.0,-0.104248
C010939,6,164.97,3,bronze,1,0,0.0,0.078986
C010940,2,289.79,6,bronze,1,0,0.0,-0.003826
C010941,8,177.42,4,gold,1,1,101.3,0.16705
C010942,9,109.74,7,silver,0,0,0.0,0.066025
C010943,11,109.1,1,silver,1,0,0.0,-0.16148
C010944,9,170.95,3,silver,0,0,0.0,0.247978
C010945,6,228.04,3,silver,0,0,0.0,0.160055
C010946,4,14.16,6,silver,1,0,0.0,0.02811
C010947,7,200.99,0,gold,0,1,71.71,-0.016312
C010948,6,118.13,3,bronze,1,0,0.0,0.052614
C010949,8,148.72,8,silver,0,0,0.0,0.143084
C010950,8,143.92,3,bronze,1,0,0.0,0.121355
C010951,5,81.29,1,bronze,0,0,0.0,-0.005186
C010952,3,187.72,4,silver,0,0,0.0,0.008579
C010953,2,183.87,6,gold,0,0,0.0,0.162294
C010954,8,33.18,8,bronze,1,0,0.0,0.024622
C010955,5,80.52,5,silver,1,0,0.0,0.091081
C010956,1,88.69,2,silver,1,0,0.0,0.046763
C010957,9,103.73,6,gold,1,1,123.61,0.131998
C010958,11,89.25,4,silver,1,0,0.0,0.029007
C010959,12,126.09,6,bronze,0,0,0.0,0.098842
C010960,10,41.01,3,silver,1,1,44.41,0.02082
C010961,2,65.22,7,silver,1,0,0.0,-0.189587
C010962,6,40.39,4,bronze,0,0,0.0,0.08404
C010963,2,89.19,2,bronze,0,0,0.0,9.4e-05
C010964,3,230.55,2,bronze,0,0,0.0,-0.001828
C010965,6,122.33,6,bronze,1,0,0.0,0.053738
C010966,4,87.66,4,bronze,1,0,0.0,-0.018247
C010967,9,228.5,0,silver,1,0,0.0,-0.021955
C010968,10,144.04,4,gold,1,1,224.16,0.045359
C010969,9,137.35,2,silver,1,0,0.0,0.12169
C010970,10,168.5,5,gold,1,1,29.1,0.423542
C010971,6,135.32,0,silver,0,0,0.0,-0.059953
C010972,9,143.16,4,silver,1,0,0.0,0.171423
C010973,5,120.6,9,gold,1,0,0.0,-0.15123
C010974,4,118.88,5,silver,1,0,0.0,0.065734
C010975,10,173.73,5,silver,1,1,51.66,0.261371
C010976,1,62.36,4,silver,1,0,0.0,-0.09538
C010977,4,125.57,4,bronze,0,0,0.0,0.001992
C010978,6,127.46,4,silver,0,0,0.0,0.208166
C010979,10,275.13,6,silver,0,0,0.0,0.184876
C010980,10,133.92,1,bronze,1,0,0.0,-0.168067
C010981,3,175.67,5,silver,1,0,0.0,-0.005149
C010982,4,77.44,2,silver,1,0,0.0,-0.031065
C010983,8,110.85,1,gold,1,0,0.0,-0.02886
C010984,12,221.32,2,bronze,1,0,0.0,0.041378
C010985,7,268.11,4,bronze,1,0,0.0,0.076823
C010986,7,182.87,4,silver,0,1,105.84,-0.095722
C010987,6,110.16,3,silver,1,1,69.82,0.312893
C010988,5,147.96,6,silver,1,0,0.0,0.132167
C010989,8,152.23,3,silver,1,0,0.0,0.058785
C010990,7,176.98,4,gold,0,1,310.16,-0.025759
C010991,7,218.96,4,gold,1,0,0.0,-0.088158
C010992,6,121.63,4,gold,1,0,0.0,0.031251
C010993,3,119.64,5,bronze,1,0,0.0,0.016357
C010994,10,76.66,2,silver,0,0,0.0,0.055019
C010995,2,116.5,4,silver,1,0,0.0,0.061652
C010996,7,164.43,6,silver,1,1,135.43,0.246468
C010997,5,58.37,6,silver,0,0,0.0,-0.021147
C010998,8,53.55,4,silver,0,0,0.0,-0.063105
C010999,7,123.37,4,silver,0,0,0.0,0.221646
C011000,2,62.08,7,gold,0,0,0.0,-0.094798
C011001,6,67.4,4,silver,0,1,33.71,0.022437
C011002,3,165.4,2,gold,0,0,0.0,-0.02946
C011003,2,83.25,6,bronze,0,0,0.0,-0.015463
C011004,4,0.0,3,silver,1,1,86.74,0.050695
C011005,3,112.26,3,silver,0,0,0.0,-0.042101
C011006,8,0.0,5,bronze,1,0,0.0,-0.039504
C011007,2,187.86,3,bronze,1,0,0.0,-0.003835
C011008,10,147.59,4,silver,0,0,0.0,0.254657
C011009,5,89.08,4,gold,1,0,0.0,-0.226975
C011010,5,204.29,7,gold,1,1,119.69,0.069645
C011011,2,80.63,2,silver,1,0,0.0,-0.025267
C011012,5,93.11,6,bronze,1,0,0.0,0.000866
C011013,5,145.78,3,silver,0,1,34.81,-0.060841
C011014,5,167.6,3,silver,1,1,44.63,0.14577
C011015,9,143.63,4,silver,0,0,0.0,0.218612
C011016,6,140.82,4,bronze,0,0,0.0,0.081883
C011017,9,11.24,4,silver,0,0,0.0,-0.233824
C011018,6,46.87,3,bronze,0,1,62.47,-0.009247
C011019,4,139.62,5,silver,1,1,48.56,0.010422
C011020,10,36.78,3,silver,0,0,0.0,0.182138
C011021,4,141.63,3,gold,0,0,0.0,0.200818
C011022,3,42.14,2,silver,0,0,0.0,0.094172
C011023,2,129.5,4,bronze,0,0,0.0,-0.007569
C011024,7,90.78,5,gold,0,0,0.0,0.074368
C011025,12,108.94,2,silver,0,1,132.92,-0.122278
C011026,1,160.38,0,silver,0,0,0.0,-0.03766
C011027,3,0.0,8,bronze,0,0,0.0,-0.00486
C011028,5,59.3,9,gold,1,0,0.0,-0.07174
C011029,8,169.77,0,gold,0,0,0.0,-0.281429
C011030,10,98.93,5,silver,1,0,0.0,0.072321
C011031,7,251.51,4,silver,1,0,0.0,-0.013285
C011032,0,117.59,7,gold,1,0,0.0,-0.063141
C011033,6,110.23,7,gold,0,1,48.79,-0.009501
C011034,7,138.61,5,bronze,1,0,0.0,-0.041629
C011035,10,77.78,6,silver,1,0,0.0,0.115571
C011036,6,88.73,4,gold,1,0,0.0,-0.003991
C011037,0,120.01,3,silver,0,0,0.0,-0.018356
C011038,9,85.68,2,bronze,0,0,0.0,-0.035763
C011039,3,166.83,6,bronze,1,0,0.0,0.053204
C011040,1,0.0,0,silver,0,0,0.0,-0.033371
C011041,1,222.4,2,silver,0,0,0.0,-0.030146
C011042,11,135.14,5,bronze,1,0,0.0,0.089836
C011043,0,173.12,4,bronze,0,0,0.0,-0.005489
C011044,7,165.21,5,bronze,1,1,114.7,0.133886
C011045,6,18.53,6,gold,0,0,0.0,-0.043894
C011046,7,196.39,5,silver,1,0,0.0,0.244827
C011047,7,103.67,4,silver,1,0,0.0,-0.129859
C011048,10,23.88,2,bronze,0,0,0.0,-0.043063
C011049,0,90.16,4,silver,1,0,0.0,-0.070519
C011050,8,34.39,5,bronze,1,0,0.0,-0.001182
C011051,6,147.79,8,gold,1,0,0.0,0.111717
C011052,9,134.86,7,silver,0,0,0.0,0.142017
C011053,0,234.5,2,silver,1,0,0.0,-0.076747
C011054,7,123.92,7,bronze,1,0,0.0,0.014995
C011055,7,104.34,6,silver,0,0,0.0,0.028045
C011056,2,20.98,1,silver,1,0,0.0,-0.037374
C011057,0,107.36,5,silver,0,0,0.0,-0.102537
C011058,4,208.41,5,silver,1,0,0.0,-0.213622
C011059,4,263.05,4,bronze,0,0,0.0,0.006269
C011060,6,30.66,7,bronze,0,0,0.0,0.028764
C011061,2,122.68,3,gold,0,0,0.0,0.147848
C011062,10,67.95,1,bronze,1,0,0.0,-0.009925
C011063,8,132.01,5,bronze,1,0,0.0,0.095765
C011064,3,149.13,5,silver,0,1,157.18,-0.004236
C011065,5,150.35,4,bronze,1,0,0.0,0.008649
C011066,5,59.57,1,silver,0,0,0.0,0.043032
C011067,7,103.79,3,bronze,0,0,0.0,0.039828
C011068,0,62.5,9,gold,1,0,0.0,-0.007483
C011069,4,65.85,7,silver,1,0,0.0,0.169132
C011070,8,140.6,4,silver,0,1,169.6,0.139687
C011071,9,179.05,0,silver,1,0,0.0,-0.072226
C011072,3,55.61,7,bronze,0,0,0.0,0.013503
C011073,5,74.84,6,gold,0,1,27.31,-0.053738
C011074,7,100.12,6,bronze,0,0,0.0,0.022404
C011075,7,160.42,2,silver,0,0,0.0,-0.02723
C011076,4,147.5,2,bronze,0,0,0.0,-0.041614
C011077,11,198.99,5,silver,0,0,0.0,0.414217
C011078,3,106.67,4,gold,1,0,0.0,-0.202146
C011079,5,50.71,8,silver,0,0,0.0,0.001824
C011080,9,283.29,2,bronze,1,0,0.0,0.07618
C011081,3,73.96,1,silver,0,1,252.97,-0.070301
C011082,8,38.84,5,silver,0,0,0.0,0.038221
C011083,9,100.1,8,gold,1,0,0.0,0.051803
C011084,6,72.23,1,gold,1,1,68.47,0.069957
C011085,4,41.36,3,gold,0,0,0.0,0.008613
C011086,11,82.1,3,gold,0,0,0.0,0.237367
C011087,5,223.6,2,silver,0,0,0.0,-0.125831
C011088,6,84.63,4,bronze,0,0,0.0,-0.012557
C011089,11,220.94,3,gold,0,1,17.21,-0.084714
C011090,7,49.77,4,silver,1,0,0.0,0.307694
C011091,8,71.53,3,bronze,0,0,0.0,0.115543
C011092,7,100.23,5,bronze,0,0,0.0,0.053834
C011093,6,165.06,3,silver,0,0,0.0,-0.000212
C011094,2,81.99,5,silver,0,0,0.0,-0.079053
C011095,4,33.74,5,silver,0,0,0.0,-0.015869
C011096,2,28.91,4,bronze,1,0,0.0,-0.003335
C011097,1,31.13,0,bronze,1,0,0.0,-0.02451
C011098,4,0.0,5,silver,0,0,0.0,-0.037839
C011099,6,235.96,5,bronze,1,0,0.0,0.06064
C011100,0,166.67,5,bronze,1,0,0.0,0.003567
C011101,2,46.44,0,silver,1,0,0.0,0.010907
C011102,7,127.9,6,bronze,1,0,0.0,0.099657
C011103,1,189.96,4,silver,1,0,0.0,-0.002231
C011104,4,185.88,6,bronze,1,1,52.65,-0.031617
C011105,3,54.6,5,bronze,1,0,0.0,0.031343
C011106,5,95.89,5,silver,0,0,0.0,-0.009994
C011107,8,75.85,4,silver,1,1,85.8,0.047703
C011108,7,233.3,1,gold,1,0,0.0,0.069042
C011109,6,132.6,4,silver,0,0,0.0,-0.074917
C011110,5,98.24,3,silver,0,0,0.0,0.023535
C011111,9,138.6,2,bronze,1,0,0.0,0.06912
C011112,4,70.29,5,silver,1,0,0.0,0.0304
C011113,4,75.24,2,bronze,0,0,0.0,-0.006517
C011114,3,94.3,4,silver,1,0,0.0,0.036691
C011115,5,151.29,3,bronze,1,0,0.0,0.034589
C011116,7,175.03,1,bronze,1,0,0.0,-0.014454
C011117,9,103.58,8,silver,1,0,0.0,-0.111038
C011118,9,39.09,6,bronze,0,0,0.0,0.049334
C011119,5,142.23,4,silver,0,0,0.0,-0.070876
C011120,8,122.39,5,silver,1,0,0.0,0.158211
C011121,9,0.0,1,bronze,1,0,0.0,-0.008227
C011122,5,113.49,6,silver,1,0,0.0,0.010888
C011123,8,110.14,3,silver,1,0,0.0,-0.003963
C011124,6,123.17,6,silver,1,0,0.0,0.024341
C011125,7,159.65,3,bronze,0,0,0.0,-0.000754
C011126,0,180.66,3,silver,1,0,0.0,-0.054272
C011127,3,219.22,3,silver,1,0,0.0,-0.012256
C011128,1,119.65,5,silver,0,0,0.0,-0.008655
C011129,10,39.62,7,silver,0,0,0.0,0.135228
C011130,1,0.21,2,gold,1,1,78.06,-0.114493
C011131,7,41.59,6,bronze,1,0,0.0,0.041469
C011132,3,105.48,5,bronze,0,0,0.0,0.0012
C011133,6,111.22,5,bronze,1,0,0.0,-0.002888
C011134,5,192.67,4,silver,1,0,0.0,0.062497
C011135,8,116.24,7,silver,0,0,0.0,-0.019358
C011136,11,203.75,2,gold,0,0,0.0,0.123404
C011137,9,119.48,2,bronze,1,0,0.0,0.124903
C011138,6,0.0,1,bronze,1,0,0.0,-0.054527
C011139,13,190.4,1,silver,0,0,0.0,0.007346
C011140,12,91.41,6,bronze,1,0,0.0,0.108005
C011141,4,121.67,2,gold,0,0,0.0,0.04388
C011142,11,181.33,3,silver,0,0,0.0,0.262683
C011143,2,186.14,3,silver,0,0,0.0,0.011196
C011144,9,124.53,3,silver,1,0,0.0,0.045796
C011145,8,164.4,4,silver,1,0,0.0,0.108113
C011146,3,121.42,0,bronze,0,0,0.0,-0.022645
C011147,7,122.3,3,silver,1,1,333.47,-0.248308
C011148,12,208.13,2,silver,1,1,145.72,-0.187812
C011149,6,154.42,5,silver,1,0,0.0,0.221401
C011150,8,145.48,3,gold,0,1,285.2,-0.015872
C011151,7,132.1,5,bronze,0,0,0.0,0.232675
C011152,7,69.18,7,gold,0,1,142.09,0.198436
C011153,6,72.8,2,gold,0,1,66.42,0.110348
C011154,4,101.99,5,bronze,0,0,0.0,0.05633
C011155,4,111.75,7,gold,0,1,107.06,0.151839
C011156,9,79.09,5,silver,0,0,0.0,-0.016605
C011157,7,220.76,3,bronze,1,0,0.0,0.046695
C011158,3,204.55,7,gold,0,0,0.0,-0.193874
C011159,8,207.15,8,bronze,0,0,0.0,0.2459
C011160,2,191.61,4,silver,0,0,0.0,0.009951
C011161,13,133.12,0,silver,0,0,0.0,-0.043875
C011162,4,67.7,0,gold,0,0,0.0,0.16899
C011163,7,111.59,3,silver,1,0,0.0,-0.00866
C011164,5,130.81,5,gold,1,1,177.06,0.086372
C011165,10,198.87,1,bronze,1,0,0.0,0.006357
C011166,7,49.04,5,bronze,0,0,0.0,0.014877
C011167,10,113.69,4,silver,0,0,0.0,-0.101209
C011168,3,72.81,4,silver,1,0,0.0,-0.145339
C011169,1,102.92,3,silver,1,0,0.0,-0.023889
C011170,6,107.85,6,silver,0,1,30.58,0.097491
C011171,10,0.0,5,silver,1,1,45.61,0.196992
C011172,7,169.56,4,bronze,0,0,0.0,0.041161
C011173,3,131.87,4,bronze,0,0,0.0,0.003034
C011174,9,54.25,3,silver,0,0,0.0,0.282097
C011175,10,109.45,5,silver,0,0,0.0,-0.086258
C011176,6,33.97,4,silver,1,0,0.0,-0.007037
C011177,7,111.39,6,silver,1,1,31.53,0.073087
C011178,6,262.82,2,gold,0,1,106.61,-0.026622
C011179,10,68.31,7,bronze,0,0,0.0,0.074175
C011180,9,184.63,2,silver,1,1,101.85,0.041806
C011181,5,112.28,4,silver,0,0,0.0,-0.029384
C011182,4,195.47,4,bronze,0,0,0.0,0.020195
C011183,9,151.26,1,silver,1,0,0.0,-0.027687
C011184,3,65.22,8,silver,0,0,0.0,-0.03739
C011185,11,120.9,6,bronze,0,0,0.0,0.170482
C011186,8,99.56,7,gold,1,0,0.0,0.220654
C011187,11,209.13,5,bronze,1,1,45.48,0.014692
C011188,9,66.7,2,silver,0,0,0.0,-0.111869
C011189,9,115.15,3,silver,1,0,0.0,-0.027415
C011190,10,114.18,4,bronze,0,0,0.0,0.077737
C011191,5,198.64,5,gold,1,1,181.62,0.016971
C011192,7,126.28,4,bronze,0,0,0.0,0.076358
C011193,0,105.84,4,bronze,0,0,0.0,0.003407
C011194,7,73.33,3,silver,1,1,44.24,-0.075855
C011195,3,176.86,1,silver,0,0,0.0,-0.018226
C011196,7,99.69,0,gold,0,0,0.0,-0.04233
C011197,2,23.19,0,silver,1,0,0.0,-0.02309
C011198,4,164.89,5,gold,0,0,0.0,-0.245188
C011199,5,118.52,6,silver,0,0,0.0,-0.01912
C011200,5,166.37,1,silver,0,0,0.0,0.011309
C011201,7,76.95,0,bronze,1,0,0.0,-0.031812
C011202,7,62.23,6,gold,0,0,0.0,-0.241706
C011203,9,170.52,3,silver,1,1,13.2,0.077118
C011204,0,137.65,6,silver,1,0,0.0,0.003255
C011205,0,143.78,3,silver,1,0,0.0,-0.101587
C011206,10,161.42,3,gold,0,1,205.78,0.005322
C011207,7,64.16,4,silver,0,0,0.0,0.142724
C011208,8,135.78,4,gold,0,1,27.98,-0.211223
C011209,9,77.74,4,silver,0,0,0.0,0.096963
C011210,7,161.76,5,silver,1,0,0.0,0.027936
C011211,7,90.5,6,silver,0,0,0.0,-0.103916
C011212,5,60.07,8,gold,0,1,52.83,0.249634
C011213,8,91.12,4,silver,1,0,0.0,-0.076096
C011214,5,241.6,0,gold,0,0,0.0,-0.024444
C011215,5,183.65,5,bronze,1,1,81.43,0.06569
C011216,5,215.14,5,silver,0,0,0.0,-0.013218
C011217,2,82.48,4,bronze,0,0,0.0,-0.012905
C011218,6,0.0,6,silver,1,0,0.0,0.226556
C011219,9,2.42,7,silver,1,0,0.0,-0.038612
C011220,5,0.0,6,bronze,0,0,0.0,-0.003238
C011221,6,131.74,6,silver,1,0,0.0,-0.075117
C011222,5,175.97,3,gold,1,1,117.91,-0.054791
C011223,5,134.26,1,bronze,1,0,0.0,-0.041564
C011224,1,125.2,1,gold,0,0,0.0,-0.24208
C011225,7,123.52,2,gold,0,0,0.0,0.059022
C011226,5,272.18,1,gold,0,0,0.0,0.116896
C011227,8,176.32,4,bronze,0,0,0.0,0.068021
C011228,3,80.24,2,gold,0,0,0.0,-0.297096
C011229,2,98.43,3,silver,0,0,0.0,-0.121533
C011230,4,215.53,3,bronze,1,0,0.0,0.014702
C011231,6,14.65,5,bronze,0,0,0.0,-0.009948
C011232,8,208.91,7,silver,0,0,0.0,0.096784
C011233,4,136.78,8,bronze,0,0,0.0,-0.025329
C011234,7,156.06,1,silver,0,1,380.3,0.034342
C011235,8,158.2,4,silver,0,0,0.0,0.2287
C011236,3,30.77,6,silver,1,0,0.0,-0.060459
C011237,4,56.05,5,silver,0,1,78.65,-0.049614
C011238,6,99.3,5,bronze,1,0,0.0,0.09529
C011239,3,227.62,1,gold,1,0,0.0,-0.266159
C011240,6,0.0,5,bronze,0,0,0.0,0.014366
C011241,8,25.35,7,silver,0,0,0.0,-0.031967
C011242,6,196.27,2,silver,0,0,0.0,-0.054066
C011243,2,85.42,3,bronze,0,0,0.0,-0.010752
C011244,10,0.0,1,silver,1,0,0.0,-0.18622
C011245,9,94.47,6,gold,0,1,141.25,-0.026708
C011246,10,131.02,7,bronze,0,0,0.0,0.109775
C011247,4,0.0,7,bronze,1,0,0.0,0.008817
C011248,10,93.01,4,bronze,0,0,0.0,0.07201
C011249,9,92.54,4,silver,1,0,0.0,0.133715
C011250,9,150.1,3,silver,0,0,0.0,0.016154
C011251,5,311.52,6,silver,0,0,0.0,0.02198
C011252,8,77.96,7,silver,1,0,0.0,0.040551
C011253,6,78.49,2,silver,0,0,0.0,0.019445
C011254,4,148.48,4,bronze,1,0,0.0,0.043202
C011255,11,90.76,3,gold,0,1,204.51,-0.006922
C011256,5,172.16,4,gold,1,1,51.83,0.200757
C011257,9,45.53,0,bronze,1,0,0.0,-0.001769
C011258,8,152.79,6,bronze,1,0,0.0,0.09913
C011259,11,144.99,4,silver,0,1,137.55,0.247393
C011260,4,184.69,3,silver,1,0,0.0,-0.052234
C011261,4,22.44,5,silver,0,0,0.0,0.088257
C011262,7,153.58,4,gold,1,1,158.58,0.083793
C011263,6,191.17,5,silver,0,0,0.0,0.020985
C011264,6,130.25,6,gold,1,1,145.12,0.386858
C011265,6,123.45,6,bronze,1,0,0.0,0.079821
C011266,9,145.94,7,silver,0,0,0.0,0.038349
C011267,12,85.6,2,bronze,0,0,0.0,-0.070692
C011268,6,120.6,7,bronze,0,0,0.0,0.019215
C011269,4,128.15,5,gold,1,1,63.05,0.089905
C011270,5,118.57,6,gold,0,1,153.16,0.207516
C011271,8,46.89,3,silver,0,1,303.02,0.411176
C011272,12,76.85,0,silver,0,0,0.0,0.085959
C011273,2,92.53,6,bronze,1,0,0.0,0.006266
C011274,4,169.77,0,bronze,0,0,0.0,0.011918
C011275,6,149.85,2,bronze,1,0,0.0,0.054359
C011276,3,93.96,2,silver,1,0,0.0,-0.126876
C011277,7,94.58,4,bronze,0,0,0.0,-0.015162
C011278,3,283.12,3,gold,1,0,0.0,-0.231075
C011279,6,107.22,3,silver,1,0,0.0,-0.064552
C011280,3,99.59,4,bronze,1,0,0.0,-0.03171
C011281,3,113.01,6,silver,0,0,0.0,0.014869
C011282,3,130.37,6,gold,0,0,0.0,-0.190111
C011283,4,140.75,2,silver,1,0,0.0,0.203921
C011284,11,90.75,2,bronze,1,0,0.0,-0.027836
C011285,5,52.95,6,bronze,0,0,0.0,0.008578
C011286,12,179.92,1,bronze,1,0,0.0,0.008556
C011287,6,154.67,4,silver,0,0,0.0,0.197901
C011288,11,49.52,3,silver,0,0,0.0,0.049132
C011289,5,0.0,3,silver,1,0,0.0,-0.003826
C011290,11,131.0,5,silver,0,1,156.2,0.37265
C011291,8,71.58,5,gold,1,1,80.3,-0.067089
C011292,8,58.63,5,silver,1,0,0.0,0.0136
C011293,3,60.41,5,silver,0,0,0.0,-0.155941
C011294,3,212.27,3,silver,0,0,0.0,-0.072908
C011295,3,0.0,2,silver,0,0,0.0,-0.041593
C011296,10,151.55,2,silver,0,0,0.0,0.069137
C011297,10,104.97,1,gold,1,0,0.0,0.013864
C011298,9,71.4,1,silver,0,0,0.0,-0.060416
C011299,6,193.92,4,silver,0,0,0.0,0.059132
C011300,4,192.7,4,silver,1,0,0.0,0.040834
C011301,1,164.68,5,bronze,0,0,0.0,0.021922
C011302,1,159.34,3,bronze,1,0,0.0,0.011088
C011303,10,128.84,3,silver,1,0,0.0,-0.12727
C011304,2,214.43,4,silver,1,0,0.0,-0.163804
C011305,8,113.54,4,gold,1,1,51.06,-0.209813
C011306,9,191.41,6,silver,0,0,0.0,0.049249
C011307,3,55.81,5,silver,0,0,0.0,0.045113
C011308,9,125.76,6,bronze,0,0,0.0,0.043569
C011309,9,33.53,4,gold,0,1,206.58,-0.004668
C011310,0,3.92,3,silver,1,0,0.0,-0.032104
C011311,4,47.69,5,gold,1,0,0.0,-0.358044
C011312,4,157.38,5,bronze,0,0,0.0,0.017581
C011313,3,174.15,4,gold,1,0,0.0,-0.269077
C011314,8,55.06,5,silver,0,1,120.77,-0.068749
C011315,10,225.76,2,bronze,0,0,0.0,0.051291
C011316,8,204.93,5,bronze,1,0,0.0,0.144049
C011317,7,221.73,6,gold,1,0,0.0,0.128982
C011318,7,40.85,5,silver,0,0,0.0,0.080091
C011319,4,162.54,3,silver,0,0,0.0,-0.008227
C011320,0,140.05,5,bronze,1,0,0.0,0.003274
C011321,7,145.16,2,silver,0,0,0.0,-0.125433
C011322,6,77.33,4,gold,0,0,0.0,-0.079181
C011323,4,131.15,2,silver,0,0,0.0,-0.017835
C011324,7,92.22,2,silver,0,0,0.0,0.009405
C011325,10,195.15,6,silver,1,0,0.0,-0.001781
C011326,8,157.19,4,bronze,0,0,0.0,0.057633
C011327,4,126.57,3,silver,1,1,49.37,0.002511
C011328,11,97.33,5,bronze,1,0,0.0,-0.007649
C011329,3,147.16,2,silver,1,0,0.0,-0.129535
C011330,1,18.11,4,silver,0,1,37.96,-0.140945
C011331,2,16.59,5,gold,1,0,0.0,-0.192283
C011332,2,103.51,1,silver,1,0,0.0,-0.070183
C011333,6,152.89,3,bronze,1,0,0.0,0.005967
C011334,9,79.47,4,silver,1,0,0.0,0.001606
C011335,4,132.19,7,silver,1,0,0.0,-0.034598
C011336,3,142.62,2,gold,0,0,0.0,-0.104995
C011337,6,214.04,2,silver,1,0,0.0,0.125644
C011338,4,0.0,6,silver,1,0,0.0,0.008622
C011339,6,119.88,4,silver,0,0,0.0,-0.120152
C011340,8,216.87,5,bronze,0,0,0.0,0.017672
C011341,0,9.12,5,silver,0,1,31.83,-0.044504
C011342,10,149.34,7,silver,0,0,0.0,0.162964
C011343,3,95.37,7,silver,0,0,0.0,0.022513
C011344,2,61.32,0,bronze,0,0,0.0,-0.003525
C011345,5,97.33,1,silver,1,0,0.0,-0.019199
C011346,2,27.73,0,silver,1,0,0.0,0.024645
C011347,5,39.16,3,silver,1,0,0.0,0.023831
C011348,4,203.5,2,gold,0,0,0.0,-0.249568
C011349,4,156.56,2,gold,1,0,0.0,-0.124055
C011350,4,63.62,5,gold,0,0,0.0,0.462519
C011351,8,15.07,5,gold,1,1,138.34,-0.272269
C011352,5,53.59,2,bronze,1,0,0.0,-0.035413
C011353,10,0.0,5,silver,1,0,0.0,0.064014
C011354,5,225.4,8,silver,0,0,0.0,0.080819
C011355,11,156.21,4,silver,0,0,0.0,-0.276402
C011356,8,59.08,4,bronze,0,0,0.0,0.051509
C011357,4,65.95,2,bronze,0,0,0.0,-0.077412
C011358,16,140.5,3,bronze,0,1,95.09,-0.077298
C011359,5,114.0,5,gold,0,0,0.0,-0.168172
C011360,1,130.5,6,silver,1,0,0.0,-0.156124
C011361,7,106.35,3,silver,1,1,32.16,-0.141205
C011362,0,59.57,2,gold,0,0,0.0,-0.311019
C011363,5,92.75,3,bronze,0,0,0.0,-0.008794
C011364,3,168.31,2,silver,0,0,0.0,0.032666
C011365,9,98.84,6,silver,0,0,0.0,-0.327746
C011366,5,145.1,3,gold,1,0,0.0,0.250631
C011367,9,79.73,5,bronze,0,0,0.0,0.039008
C011368,0,62.24,3,silver,0,0,0.0,-0.030066
C011369,4,209.2,5,silver,1,1,64.94,-0.10369
C011370,7,183.7,5,gold,0,0,0.0,0.074936
C011371,6,174.3,5,gold,1,0,0.0,-0.071008
C011372,8,11.65,5,silver,0,0,0.0,-0.083691
C011373,5,14.28,3,bronze,0,0,0.0,-0.015621
C011374,6,149.82,2,silver,0,0,0.0,0.047264
C011375,1,167.7,4,silver,1,0,0.0,-0.130102
C011376,1,106.24,8,silver,0,0,0.0,0.018547
C011377,10,181.97,4,gold,0,1,58.42,-0.057842
C011378,7,82.38,3,silver,0,0,0.0,-0.037469
C011379,6,200.88,5,gold,0,0,0.0,0.114027
C011380,7,36.38,0,silver,1,0,0.0,-0.106627
C011381,3,152.15,3,silver,1,0,0.0,-0.050351
C011382,4,185.09,3,bronze,1,0,0.0,-0.002383
C011383,7,112.65,7,silver,1,0,0.0,0.09515
C011384,12,119.32,1,silver,1,0,0.0,-0.17343
C011385,9,144.78,2,gold,0,1,146.21,0.120953
C011386,8,105.06,1,silver,1,0,0.0,-0.0158
C011387,7,151.88,4,silver,1,1,143.35,0.163354
C011388,6,49.99,6,silver,0,0,0.0,0.107473
C011389,6,185.27,2,silver,1,0,0.0,-0.008929
C011390,8,63.05,6,bronze,1,0,0.0,0.073736
C011391,7,170.09,2,gold,1,0,0.0,-0.082533
C011392,6,122.98,1,silver,1,1,53.29,0.07646
C011393,6,100.26,2,silver,0,1,16.14,-0.100473
C011394,4,54.2,4,silver,1,0,0.0,-0.006451
C011395,7,8.15,6,silver,1,0,0.0,0.055267
C011396,3,76.78,5,gold,0,1,176.9,-0.048544
C011397,3,106.2,5,gold,1,0,0.0,0.195303
C011398,4,174.9,1,bronze,0,0,0.0,-0.000321
C011399,11,44.83,1,silver,1,0,0.0,0.006544
C011400,9,117.58,7,bronze,1,0,0.0,0.135146
C011401,4,114.52,5,silver,0,0,0.0,0.001105
C011402,3,121.03,3,silver,0,0,0.0,-0.032688
C011403,8,67.85,6,silver,1,0,0.0,-0.14873
C011404,0,149.15,1,silver,1,0,0.0,-0.06858
C011405,8,113.61,2,silver,1,0,0.0,-0.089929
C011406,5,34.82,0,gold,1,1,103.94,0.003645
C011407,9,64.2,4,silver,0,0,0.0,0.064377
C011408,10,71.73,4,silver,1,0,0.0,0.041442
C011409,3,179.28,9,gold,1,0,0.0,0.114093
C011410,12,155.07,0,silver,1,0,0.0,-0.126768
C011411,2,147.17,7,silver,0,1,129.22,0.012756
C011412,6,178.93,2,gold,1,0,0.0,0.023235
C011413,1,0.0,5,silver,1,0,0.0,-0.075926
C011414,8,158.22,3,bronze,0,0,0.0,0.12615
C011415,4,106.67,8,silver,0,0,0.0,0.067624
C011416,8,119.68,0,bronze,0,0,0.0,-0.01165
C011417,12,92.52,0,gold,1,1,58.11,-0.058441
C011418,10,94.54,3,silver,0,0,0.0,-0.040216
C011419,4,73.4,3,gold,1,1,49.1,0.102291
C011420,6,198.85,3,silver,0,0,0.0,0.118945
C011421,3,167.31,3,silver,1,0,0.0,0.072333
C011422,6,133.35,7,gold,1,0,0.0,0.122261
C011423,8,202.17,5,gold,0,1,69.25,0.014356
C011424,9,124.91,2,bronze,1,0,0.0,0.076426
C011425,7,93.14,5,silver,1,0,0.0,0.057146
C011426,10,97.3,4,silver,1,0,0.0,0.159487
C011427,3,63.78,3,bronze,0,0,0.0,0.000726
C011428,6,77.97,2,gold,1,0,0.0,-0.064503
C011429,1,197.86,4,bronze,0,0,0.0,0.003212
C011430,8,199.03,5,bronze,1,1,52.55,0.026968
C011431,7,153.08,7,silver,1,0,0.0,0.156066
C011432,7,19.21,2,bronze,0,0,0.0,-0.007505
C011433,13,211.56,2,gold,0,0,0.0,-0.115611
C011434,3,130.03,5,bronze,1,0,0.0,0.029448
C011435,10,102.51,6,bronze,1,0,0.0,0.073908
C011436,8,200.85,3,silver,1,0,0.0,-0.070843
C011437,3,126.34,4,silver,0,0,0.0,-0.03953
C011438,9,204.85,2,silver,0,0,0.0,-0.139906
C011439,7,116.59,4,silver,1,0,0.0,0.196617
C011440,6,181.49,3,bronze,1,0,0.0,0.042667
C011441,6,115.57,0,silver,1,1,17.3,-0.010141
C011442,6,196.46,4,silver,1,0,0.0,0.112322
C011443,9,76.97,1,gold,1,1,118.86,-0.339263
C011444,3,166.34,7,silver,0,0,0.0,0.018869
C011445,2,233.33,0,silver,0,0,0.0,-0.255429
C011446,5,245.5,3,silver,1,0,0.0,0.132759
C011447,3,56.05,6,silver,1,0,0.0,0.005548
C011448,9,48.68,6,silver,1,0,0.0,-0.012949
C011449,8,83.8,4,bronze,0,0,0.0,0.108121
C011450,12,116.74,6,silver,0,0,0.0,0.277251
C011451,9,172.06,4,gold,0,1,43.71,0.022758
C011452,9,188.22,4,silver,0,0,0.0,-0.018571
C011453,12,239.56,2,bronze,1,0,0.0,0.107748
C011454,8,101.78,1,silver,0,0,0.0,0.076917
C011455,3,110.18,5,silver,1,0,0.0,-0.014559
C011456,4,46.91,5,bronze,0,0,0.0,0.027331
C011457,9,40.21,7,silver,1,1,9.5,0.205519
C011458,11,45.31,3,bronze,0,0,0.0,-0.002078
C011459,11,205.45,4,gold,1,0,0.0,-0.151871
C011460,7,297.24,5,silver,0,0,0.0,0.307071
C011461,1,101.96,5,silver,1,0,0.0,-0.068639
C011462,8,101.48,4,silver,0,0,0.0,0.03352
C011463,9,97.55,3,gold,1,1,164.28,0.157148
C011464,0,117.07,5,gold,0,1,95.92,-0.126986
C011465,12,157.36,5,silver,0,0,0.0,0.247316
C011466,4,46.32,2,silver,1,0,0.0,-0.088488
C011467,6,56.58,3,silver,1,0,0.0,0.048133
C011468,7,85.99,3,silver,1,0,0.0,0.153341
C011469,1,63.55,3,bronze,1,0,0.0,-0.02836
C011470,10,43.85,9,bronze,0,0,0.0,0.080538
C011471,8,202.75,4,silver,0,0,0.0,0.22266
C011472,2,44.25,5,gold,0,0,0.0,-0.15222
C011473,3,0.0,7,bronze,0,0,0.0,0.03449
C011474,9,171.03,5,gold,1,0,0.0,-0.196919
C011475,3,206.87,1,silver,1,0,0.0,-0.009962
C011476,5,34.92,2,gold,1,1,146.33,-0.297088
C011477,7,99.99,5,silver,1,0,0.0,-0.177714
C011478,8,125.05,1,silver,0,0,0.0,-0.066623
C011479,9,185.9,2,silver,1,0,0.0,-0.072779
C011480,10,277.89,8,silver,1,0,0.0,0.04978
C011481,5,47.74,7,silver,0,0,0.0,0.096678
C011482,4,85.94,3,bronze,0,0,0.0,0.008403
C011483,5,67.34,5,gold,1,0,0.0,0.018865
C011484,0,101.77,6,gold,0,0,0.0,-0.079198
C011485,11,136.73,6,silver,0,0,0.0,0.157055
C011486,3,202.69,3,silver,1,0,0.0,-0.002527
C011487,3,103.93,6,gold,1,0,0.0,0.132847
C011488,4,113.97,3,gold,1,1,14.44,0.080872
C011489,1,24.44,4,gold,0,0,0.0,-0.113791
C011490,9,76.06,3,bronze,0,0,0.0,0.137283
C011491,9,203.95,3,silver,1,0,0.0,0.13965
C011492,9,108.79,2,gold,1,0,0.0,-0.029253
C011493,6,90.04,8,gold,1,0,0.0,0.019149
C011494,4,86.86,4,silver,1,0,0.0,-0.029072
C011495,1,42.9,4,gold,1,1,52.64,-0.193428
C011496,4,78.19,6,silver,0,0,0.0,-0.020968
C011497,3,188.69,0,silver,1,0,0.0,-0.020775
C011498,5,96.22,4,gold,0,1,44.94,0.151865
C011499,8,50.53,1,silver,0,0,0.0,0.048933
C011500,3,169.53,1,silver,0,0,0.0,-0.059158
C011501,8,71.97,3,silver,1,0,0.0,0.087887
C011502,10,207.01,5,silver,0,0,0.0,0.210944
C011503,7,190.03,4,silver,1,1,37.07,-0.008329
C011504,5,181.21,4,gold,1,1,105.27,0.213409
C011505,4,97.35,4,bronze,1,0,0.0,-0.001704
C011506,2,29.47,3,silver,0,0,0.0,-0.033408
C011507,5,142.65,5,silver,1,0,0.0,-0.003616
C011508,3,149.25,1,silver,0,0,0.0,-0.011882
C011509,3,82.46,4,silver,0,0,0.0,0.015015
C011510,0,137.41,4,silver,0,0,0.0,-0.091488
C011511,11,133.27,5,silver,1,0,0.0,0.282923
C011512,7,75.25,4,bronze,0,0,0.0,0.002358
C011513,5,173.84,5,silver,1,0,0.0,0.101362
C011514,5,80.33,0,bronze,0,0,0.0,0.00183
C011515,4,121.69,6,silver,0,0,0.0,-0.139422
C011516,10,19.93,2,silver,0,1,139.34,0.033297
C011517,11,172.94,3,bronze,1,0,0.0,0.01279
C011518,8,121.78,3,silver,1,1,140.06,-0.040389
C011519,7,116.0,2,bronze,1,0,0.0,-0.053449
C011520,8,166.24,5,gold,0,0,0.0,0.218009
C011521,9,249.7,5,bronze,0,0,0.0,0.019164
C011522,0,236.41,4,silver,0,0,0.0,0.020557
C011523,0,97.21,5,bronze,1,0,0.0,-0.002924
C011524,3,174.46,6,silver,1,0,0.0,0.012372
C011525,2,167.43,2,gold,1,0,0.0,-0.280074
C011526,4,99.56,5,gold,0,0,0.0,-0.346666
C011527,5,190.26,2,silver,1,0,0.0,-0.105088
C011528,4,97.59,8,bronze,1,0,0.0,0.013831
C011529,4,180.15,7,silver,1,0,0.0,-0.036589
C011530,9,105.91,5,bronze,1,0,0.0,0.045334
C011531,4,222.58,4,bronze,1,0,0.0,0.007356
C011532,7,88.84,3,gold,0,1,45.39,0.269389
C011533,11,191.22,6,silver,1,1,218.59,0.161252
C011534,13,148.57,4,gold,1,1,23.54,0.192163
C011535,9,113.75,4,gold,0,0,0.0,0.011941
C011536,9,35.05,4,silver,0,0,0.0,-0.052861
C011537,12,74.07,3,bronze,1,0,0.0,0.073652
C011538,3,114.37,5,silver,1,0,0.0,-0.012328
C011539,2,77.24,3,silver,1,0,0.0,-0.027438
C011540,3,97.27,4,bronze,1,0,0.0,0.004107
C011541,7,0.0,5,silver,0,0,0.0,-0.13441
C011542,8,212.3,2,bronze,0,0,0.0,0.058261
C011543,8,108.22,4,gold,1,0,0.0,0.059922
C011544,4,89.27,5,silver,0,0,0.0,-0.052842
C011545,6,156.42,5,gold,1,1,33.45,-0.098044
C011546,5,123.55,6,silver,1,0,0.0,0.046236
C011547,6,203.9,3,gold,1,0,0.0,0.063703
C011548,9,62.22,1,gold,1,1,167.34,-0.051893
C011549,7,107.25,4,gold,0,0,0.0,0.19297
C011550,7,80.01,2,gold,1,1,182.09,-0.253497
C011551,7,111.53,2,bronze,1,0,0.0,-0.043547
C011552,6,105.36,4,gold,1,0,0.0,0.002811
C011553,6,102.68,5,silver,1,0,0.0,-0.045456
C011554,10,177.92,5,silver,0,1,111.88,-0.091862
C011555,0,81.43,2,bronze,0,0,0.0,-0.01386
C011556,2,104.94,0,gold,0,0,0.0,0.058292
C011557,6,161.92,4,gold,1,0,0.0,-0.144871
C011558,9,92.71,6,silver,1,0,0.0,0.041726
C011559,4,97.74,7,gold,0,1,115.25,-0.107365
C011560,6,34.39,2,gold,0,1,266.87,-0.032078
C011561,6,97.31,2,silver,0,0,0.0,-0.119442
C011562,5,70.83,5,gold,0,0,0.0,0.171888
C011563,0,116.93,4,bronze,0,0,0.0,-0.001027
C011564,7,137.3,6,silver,0,1,86.67,-0.027477
C011565,7,109.33,3,silver,0,0,0.0,0.084177
C011566,2,143.44,3,silver,1,0,0.0,0.022405
C011567,5,127.59,4,silver,1,0,0.0,0.063141
C011568,13,142.7,6,silver,0,0,0.0,0.043902
C011569,3,0.0,5,gold,0,0,0.0,-0.138819
C011570,3,120.4,4,silver,0,0,0.0,-0.001342
C011571,9,0.0,6,gold,0,0,0.0,0.2218
C011572,5,0.0,6,silver,1,0,0.0,-0.197496
C011573,9,223.1,2,silver,0,1,139.63,0.152258
C011574,3,145.91,3,silver,0,0,0.0,-0.215514
C011575,9,36.08,1,silver,1,1,86.57,-0.003305
C011576,3,133.27,1,gold,1,0,0.0,-0.068469
C011577,8,48.86,5,gold,0,1,126.47,0.027948
C011578,3,0.0,6,silver,1,0,0.0,-0.039563
C011579,3,292.14,6,silver,1,0,0.0,-0.059918
C011580,7,113.92,2,silver,1,0,0.0,-0.136386
C011581,3,134.81,4,bronze,0,0,0.0,-0.002189
C011582,5,36.78,4,gold,1,1,152.03,0.266096
C011583,6,61.56,3,bronze,0,0,0.0,0.048564
C011584,4,92.53,6,silver,1,0,0.0,0.069856
C011585,2,158.83,0,gold,0,1,104.59,-0.03717
C011586,6,121.74,4,gold,0,0,0.0,0.156898
C011587,3,128.75,6,silver,1,0,0.0,-0.234488
C011588,8,130.76,4,silver,1,1,60.3,0.383264
C011589,7,96.16,3,gold,1,1,84.8,0.09793
C011590,10,102.04,4,silver,1,1,127.78,0.045683
C011591,3,99.33,6,bronze,0,0,0.0,-0.013908
C011592,5,155.26,3,silver,0,0,0.0,0.026828
C011593,8,53.93,3,silver,0,0,0.0,-0.046687
C011594,6,63.04,2,gold,0,0,0.0,-0.127422
C011595,8,48.38,4,silver,0,1,151.89,0.133587
C011596,2,170.57,4,silver,1,0,0.0,-0.006525
C011597,6,58.11,5,bronze,1,0,0.0,0.072972
C011598,8,127.12,2,bronze,1,0,0.0,0.070669
C011599,8,258.31,3,gold,0,0,0.0,-0.085389
C011600,8,113.28,3,silver,0,0,0.0,0.036694
C011601,8,110.9,3,silver,0,0,0.0,0.03182
C011602,5,55.22,4,bronze,1,0,0.0,0.010184
C011603,2,117.35,5,gold,1,0,0.0,-0.067761
C011604,10,178.5,2,bronze,0,0,0.0,0.042008
C011605,7,174.27,0,bronze,1,0,0.0,-0.003427
C011606,4,47.98,3,bronze,1,0,0.0,0.067934
C011607,5,64.89,8,silver,1,1,130.58,0.105885
C011608,7,176.08,6,silver,0,0,0.0,0.043961
C011609,4,56.63,1,bronze,1,0,0.0,-0.00332
C011610,1,37.41,4,gold,1,1,39.31,-0.111794
C011611,2,119.68,3,silver,0,0,0.0,-0.038153
C011612,5,191.17,5,silver,0,0,0.0,0.094747
C011613,3,41.7,5,silver,1,0,0.0,0.027127
C011614,1,176.32,8,bronze,1,1,84.48,-0.055974
C011615,5,150.93,4,silver,0,1,50.58,0.091684
C011616,8,85.58,3,gold,0,0,0.0,-0.121099
C011617,12,86.62,5,gold,1,1,39.42,-0.100183
C011618,7,111.18,1,gold,0,0,0.0,-0.019451
C011619,0,16.72,5,silver,1,0,0.0,-0.039512
C011620,10,56.7,6,silver,1,0,0.0,-0.165917
C011621,13,201.39,2,silver,1,0,0.0,0.064236
C011622,7,57.18,5,silver,1,0,0.0,0.118759
C011623,10,99.21,0,silver,0,1,64.43,0.033804
C011624,5,103.84,5,bronze,0,0,0.0,0.014103
C011625,6,249.09,3,silver,0,0,0.0,-0.043448
C011626,6,55.01,3,bronze,0,0,0.0,-0.029404
C011627,9,160.34,6,silver,1,1,128.12,-0.205566
C011628,2,156.58,5,gold,0,0,0.0,-0.299616
C011629,8,23.49,9,bronze,1,0,0.0,0.047278
C011630,9,87.56,2,silver,1,1,123.74,-0.065239
C011631,3,181.36,5,silver,1,0,0.0,0.004536
C011632,4,77.73,5,bronze,0,0,0.0,0.072087
C011633,5,97.09,4,bronze,0,0,0.0,-0.016911
C011634,14,130.39,1,bronze,1,0,0.0,-0.083854
C011635,3,172.09,2,silver,1,0,0.0,-0.249691
C011636,3,102.46,7,bronze,0,0,0.0,0.094789
C011637,6,190.0,6,gold,1,0,0.0,0.167256
C011638,6,245.0,5,gold,1,1,47.93,0.047438
C011639,4,65.36,5,gold,0,1,127.27,0.009064
C011640,4,137.94,2,gold,1,0,0.0,0.095993
C011641,7,131.64,5,silver,0,1,42.78,-0.026405
C011642,5,97.63,2,silver,0,0,0.0,-0.097218
C011643,6,79.82,6,gold,1,1,431.35,-0.016669
C011644,3,84.5,8,gold,0,1,83.83,-0.06786
C011645,8,88.1,7,gold,1,1,148.22,0.051838
C011646,10,136.81,4,gold,0,0,0.0,0.364508
C011647,2,96.73,7,silver,0,0,0.0,-0.023988
C011648,0,195.26,4,bronze,1,0,0.0,-0.003794
C011649,1,53.39,2,bronze,1,0,0.0,-0.01862
C011650,6,145.87,3,bronze,0,0,0.0,0.030168
C011651,3,75.89,6,gold,0,1,63.32,0.05016
C011652,7,108.84,5,silver,1,0,0.0,0.1825
C011653,8,155.8,2,bronze,0,0,0.0,-0.019445
C011654,6,175.14,5,silver,1,0,0.0,0.091014
C011655,10,60.14,7,silver,0,0,0.0,0.258524
C011656,12,116.72,3,bronze,0,0,0.0,0.1404
C011657,9,46.41,6,silver,0,0,0.0,-0.122645
C011658,3,31.1,4,bronze,1,0,0.0,-0.001552
C011659,8,99.17,6,gold,0,1,113.38,0.061095
C011660,3,165.24,6,silver,0,0,0.0,-0.003916
C011661,11,110.84,4,silver,0,0,0.0,0.04977
C011662,17,0.0,3,bronze,1,0,0.0,0.041037
C011663,7,183.52,1,silver,0,0,0.0,-0.085424
C011664,6,202.4,6,bronze,0,0,0.0,0.05963
C011665,5,186.94,1,bronze,0,0,0.0,-0.013847
C011666,7,51.07,6,silver,0,0,0.0,0.258252
C011667,5,86.48,6,gold,1,0,0.0,-0.154431
C011668,9,125.43,5,silver,1,0,0.0,0.001692
C011669,6,40.63,4,silver,1,1,205.59,0.072736
C011670,6,56.79,7,silver,1,0,0.0,-0.038523
C011671,2,193.46,4,gold,0,0,0.0,-0.200421
C011672,8,112.3,5,bronze,0,0,0.0,0.075593
C011673,7,173.44,6,bronze,1,0,0.0,0.062441
C011674,9,74.25,3,bronze,1,0,0.0,-0.013602
C011675,8,242.36,3,silver,1,0,0.0,0.10931
C011676,7,171.76,4,silver,1,0,0.0,0.184197
C011677,7,79.71,4,bronze,0,0,0.0,0.027743
C011678,10,196.76,3,silver,0,0,0.0,0.292325
C011679,8,67.33,7,bronze,0,0,0.0,0.030461
C011680,4,196.32,5,silver,0,0,0.0,0.238842
C011681,4,172.96,5,silver,1,0,0.0,0.095118
C011682,5,29.94,3,silver,0,0,0.0,-0.061724
C011683,6,338.12,4,silver,0,0,0.0,0.169141
C011684,3,64.05,3,gold,1,0,0.0,-0.037348
C011685,6,116.09,3,bronze,0,0,0.0,0.009982
C011686,6,155.42,2,silver,0,0,0.0,0.07278
C011687,7,95.5,4,bronze,0,0,0.0,0.04662
C011688,12,83.32,2,gold,0,1,7.01,0.048671
C011689,6,112.21,3,silver,0,0,0.0,0.112247
C011690,10,11.25,3,gold,0,1,73.52,0.083882
C011691,6,127.64,5,bronze,1,0,0.0,0.020401
C011692,6,120.52,4,gold,0,0,0.0,-0.209943
C011693,8,87.76,8,bronze,0,0,0.0,-0.035487
C011694,5,148.75,8,gold,0,1,151.71,0.329864
C011695,7,193.81,7,bronze,0,0,0.0,0.021368
C011696,5,89.67,0,silver,1,0,0.0,0.102008
C011697,4,136.99,9,gold,0,0,0.0,0.070639
C011698,3,218.08,8,bronze,1,0,0.0,0.066556
C011699,8,131.84,1,gold,0,1,32.68,0.198827
C011700,4,152.59,5,gold,0,0,0.0,0.032363
C011701,6,148.43,9,silver,0,0,0.0,-0.086156
C011702,7,232.75,7,gold,0,1,116.06,0.078784
C011703,7,82.65,3,gold,0,0,0.0,0.029654
C011704,6,58.51,7,silver,1,0,0.0,0.095744
C011705,3,240.53,2,silver,1,0,0.0,0.02592
C011706,3,33.15,6,silver,0,0,0.0,-0.056415
C011707,4,166.5,5,silver,1,1,59.88,-0.02741
C011708,1,226.67,6,silver,0,0,0.0,0.012475
C011709,10,105.18,7,bronze,0,0,0.0,0.064189
C011710,5,192.73,4,gold,0,0,0.0,0.02923
C011711,3,0.0,2,silver,0,0,0.0,-0.052705
C011712,0,59.75,3,silver,0,0,0.0,0.005976
C011713,5,104.6,2,silver,0,0,0.0,-0.034118
C011714,3,143.89,3,silver,1,0,0.0,0.050122
C011715,6,199.4,7,silver,0,0,0.0,0.220068
C011716,8,146.27,3,silver,1,0,0.0,0.136291
C011717,9,0.22,3,silver,1,1,98.89,-0.016485
C011718,3,84.45,7,gold,1,1,37.14,-0.268196
C011719,7,94.4,4,silver,1,0,0.0,0.044367
C011720,11,51.77,3,bronze,1,0,0.0,0.03941
C011721,4,141.2,2,silver,0,0,0.0,-0.111755
C011722,6,34.49,4,bronze,1,0,0.0,0.034601
C011723,3,71.65,4,bronze,0,0,0.0,-0.006055
C011724,7,59.84,6,silver,0,0,0.0,0.169369
C011725,5,132.15,1,silver,0,0,0.0,-0.012311
C011726,1,230.93,3,silver,1,0,0.0,-0.014683
C011727,7,197.37,6,silver,1,1,303.31,0.198563
C011728,7,130.65,6,silver,1,0,0.0,-0.031487
C011729,6,0.0,3,bronze,0,0,0.0,0.005339
C011730,8,100.9,4,silver,1,0,0.0,-0.083768
C011731,14,170.22,3,gold,1,0,0.0,-0.133406
C011732,4,147.4,3,silver,0,0,0.0,-0.032222
C011733,6,81.52,1,gold,0,0,0.0,-0.182296
C011734,8,162.85,4,bronze,1,0,0.0,0.013149
C011735,0,112.67,6,gold,0,0,0.0,-0.027334
C011736,5,144.91,0,silver,0,0,0.0,0.028713
C011737,6,92.44,3,bronze,1,0,0.0,0.014088
C011738,7,173.0,6,gold,1,0,0.0,0.00867
C011739,5,160.05,3,silver,1,0,0.0,-0.123686
C011740,6,247.56,5,silver,0,1,42.6,0.41604
C011741,6,126.14,5,gold,1,1,17.83,-0.080832
C011742,5,14.73,3,silver,1,0,0.0,0.074122
C011743,6,112.56,1,bronze,0,0,0.0,0.010018
C011744,9,32.76,3,gold,1,1,223.12,-0.1139
C011745,3,88.36,3,gold,1,0,0.0,-0.155851
C011746,7,132.41,3,silver,1,0,0.0,0.008523
C011747,4,81.98,2,silver,1,1,50.87,0.042346
C011748,5,173.54,5,silver,0,0,0.0,0.274969
C011749,5,0.0,5,silver,0,0,0.0,-0.085585
C011750,5,112.52,4,silver,1,0,0.0,0.04719
C011751,9,205.15,4,gold,0,1,8.09,0.012461
C011752,3,96.25,5,silver,0,0,0.0,-0.027285
C011753,9,48.82,4,bronze,0,0,0.0,-0.077843
C011754,5,269.71,0,silver,0,0,0.0,0.020209
C011755,4,180.01,3,bronze,1,0,0.0,0.019464
C011756,2,148.18,4,gold,1,0,0.0,-0.102028
C011757,6,41.97,4,silver,0,0,0.0,0.027318
C011758,5,189.02,7,gold,1,1,54.39,0.16898
C011759,9,185.59,4,silver,0,0,0.0,0.189892
C011760,5,93.99,6,bronze,1,0,0.0,0.018244
C011761,9,90.74,6,silver,1,1,285.23,-0.099587
C011762,0,123.59,5,silver,1,0,0.0,-0.031277
C011763,8,199.73,5,silver,1,1,44.63,-0.10959
C011764,6,106.48,3,gold,0,0,0.0,0.073811
C011765,10,107.94,4,silver,1,0,0.0,0.078508
C011766,0,89.09,4,silver,0,0,0.0,-0.012432
C011767,8,0.0,3,bronze,0,0,0.0,0.09864
C011768,0,58.52,3,silver,1,0,0.0,-0.160178
C011769,3,9.61,6,gold,0,0,0.0,-0.021242
C011770,6,146.38,2,bronze,0,0,0.0,-0.006173
C011771,7,83.24,3,gold,1,1,75.46,-0.09617
C011772,5,167.72,5,gold,1,0,0.0,0.152946
C011773,9,225.81,3,silver,1,1,35.52,0.090591
C011774,6,161.54,5,gold,1,0,0.0,-0.129997
C011775,5,37.08,6,silver,0,0,0.0,0.047002
C011776,9,123.41,4,silver,0,0,0.0,0.107173
C011777,11,133.33,5,bronze,0,0,0.0,0.092042
C011778,4,75.72,5,silver,0,0,0.0,0.053325
C011779,5,80.13,2,silver,0,0,0.0,-0.042504
C011780,5,192.33,7,bronze,1,0,0.0,0.045535
C011781,7,102.37,3,silver,1,1,42.46,0.102557
C011782,2,83.19,3,silver,1,0,0.0,0.192047
C011783,2,134.31,4,silver,0,0,0.0,-0.016817
C011784,1,119.2,5,silver,1,0,0.0,-0.036463
C011785,2,216.08,7,gold,0,0,0.0,0.015818
C011786,8,40.42,4,gold,0,0,0.0,-0.151996
C011787,7,45.48,6,gold,0,1,61.81,-0.053823
C011788,9,153.12,5,silver,0,0,0.0,0.167811
C011789,4,222.66,2,gold,1,1,153.12,-0.271774
C011790,6,104.22,5,silver,0,0,0.0,0.012957
C011791,4,25.42,5,bronze,0,0,0.0,-0.000346
C011792,12,183.95,0,silver,1,0,0.0,0.080993
C011793,10,161.47,6,gold,0,0,0.0,0.181523
C011794,10,74.73,2,bronze,0,0,0.0,0.022426
C011795,1,202.92,4,silver,0,0,0.0,-0.071586
C011796,8,185.25,3,bronze,1,0,0.0,0.01971
C011797,9,45.37,5,gold,0,1,6.56,0.236316
C011798,10,210.33,0,silver,0,0,0.0,-0.097844
C011799,7,138.62,2,bronze,1,0,0.0,-0.008752
C011800,4,197.66,6,silver,1,0,0.0,0.029962
C011801,8,105.62,4,bronze,0,1,55.47,0.011732
C011802,5,71.72,8,gold,1,0,0.0,-0.199658
C011803,9,181.44,4,silver,1,0,0.0,0.239958
C011804,8,156.25,5,bronze,1,1,42.28,0.113966
C011805,4,30.16,5,silver,0,0,0.0,-0.058266
C011806,3,106.05,5,silver,1,0,0.0,-0.041228
C011807,2,128.71,6,silver,1,0,0.0,-0.135904
C011808,4,187.69,3,gold,0,1,72.15,-0.320649
C011809,6,98.84,6,silver,1,1,56.13,0.079042
C011810,5,99.91,3,bronze,1,0,0.0,-0.035937
C011811,0,103.76,5,gold,1,1,223.59,-0.223414
C011812,4,83.16,5,silver,0,1,209.53,-0.055677
C011813,10,163.03,0,silver,1,0,0.0,-0.061954
C011814,7,35.67,4,silver,0,0,0.0,0.256436
C011815,4,176.7,6,silver,1,0,0.0,-0.028802
C011816,5,199.73,3,gold,0,1,175.81,-0.045834
C011817,5,200.66,4,bronze,1,0,0.0,-0.007226
C011818,7,122.16,4,gold,1,0,0.0,0.116469
C011819,9,177.48,5,silver,1,0,0.0,0.275858
C011820,10,116.73,6,silver,0,0,0.0,0.039889
C011821,7,187.22,6,silver,1,1,155.61,0.059875
C011822,3,121.09,6,silver,1,0,0.0,-0.02344
C011823,8,199.33,3,gold,0,1,85.5,-0.039517
C011824,5,199.48,3,silver,1,0,0.0,-0.006444
C011825,10,101.02,2,gold,1,0,0.0,-0.120409
C011826,8,116.49,3,silver,1,1,141.02,0.051769
C011827,5,10.87,4,silver,0,0,0.0,-0.015411
C011828,5,66.36,8,silver,0,0,0.0,-0.049073
C011829,4,90.6,5,gold,0,1,9.88,0.050067
C011830,3,146.5,1,bronze,1,0,0.0,0.004227
C011831,7,167.11,5,silver,0,0,0.0,0.043091
C011832,6,152.36,7,silver,1,0,0.0,0.161934
C011833,9,53.64,6,bronze,1,0,0.0,0.053556
C011834,9,132.48,0,silver,1,0,0.0,-0.211855
C011835,6,111.38,3,silver,1,1,28.23,0.025991
C011836,8,216.52,5,bronze,1,0,0.0,0.043851
C011837,6,109.16,6,silver,0,0,0.0,0.068706
C011838,0,72.66,4,gold,1,0,0.0,-0.061643
C011839,6,146.12,5,gold,0,0,0.0,0.178235
C011840,2,60.79,0,gold,1,0,0.0,-0.044459
C011841,7,115.8,3,silver,0,0,0.0,0.284543
C011842,7,152.97,7,gold,0,1,61.35,0.075501
C011843,5,192.28,4,bronze,0,0,0.0,0.035771
C011844,14,102.84,4,bronze,0,0,0.0,0.071336
C011845,4,127.84,0,silver,0,0,0.0,-0.023429
C011846,4,173.74,4,silver,0,1,207.83,0.030043
C011847,11,163.43,3,bronze,1,0,0.0,0.044981
C011848,10,82.0,5,bronze,1,0,0.0,0.072297
C011849,6,117.96,2,silver,0,1,70.99,-0.111642
C011850,6,24.28,7,bronze,1,0,0.0,-0.002318
C011851,7,103.76,0,silver,0,0,0.0,-0.175197
C011852,9,226.95,5,silver,0,0,0.0,0.252606
C011853,3,262.71,5,gold,1,1,63.5,-0.16194
C011854,4,121.03,4,silver,1,0,0.0,-0.017647
C011855,6,164.1,2,silver,0,0,0.0,0.118638
C011856,3,222.69,0,bronze,1,0,0.0,-0.044235
C011857,10,73.22,4,silver,1,0,0.0,0.17395
C011858,10,62.93,2,silver,1,1,63.79,0.06974
C011859,5,138.66,5,bronze,1,1,149.48,-0.006448
C011860,3,85.42,6,gold,1,1,61.05,0.147702
C011861,7,0.0,2,silver,1,0,0.0,-0.176749
C011862,4,82.22,7,gold,0,0,0.0,0.190621
C011863,7,89.49,0,silver,1,0,0.0,-0.165723
C011864,6,82.04,4,silver,1,1,49.67,0.002936
C011865,0,123.01,4,silver,0,0,0.0,-0.070424
C011866,2,58.46,5,gold,0,1,108.91,0.032643
C011867,8,124.15,4,gold,0,0,0.0,0.149129
C011868,7,131.23,4,gold,1,1,45.9,-0.350245
C011869,4,13.69,1,bronze,0,0,0.0,-0.031799
C011870,7,130.26,3,gold,0,0,0.0,-0.005807
C011871,6,0.0,0,bronze,0,0,0.0,0.005377
C011872,1,61.05,4,silver,0,0,0.0,-0.078154
C011873,11,119.44,5,bronze,0,0,0.0,0.189302
C011874,2,122.58,6,silver,1,0,0.0,0.064471
C011875,3,113.01,8,silver,0,1,83.1,0.064089
C011876,6,162.68,4,bronze,1,0,0.0,0.048976
C011877,5,132.93,3,silver,0,0,0.0,0.057255
C011878,9,42.25,1,silver,0,0,0.0,-0.049386
C011879,4,92.78,4,silver,1,0,0.0,0.012496
C011880,6,149.0,5,silver,1,0,0.0,-0.110459
C011881,8,198.08,3,gold,1,0,0.0,0.023878
C011882,6,101.13,5,silver,1,0,0.0,-0.192066
C011883,5,108.21,5,bronze,1,0,0.0,0.035503
C011884,8,156.09,7,silver,1,0,0.0,-0.006688
C011885,5,103.14,5,silver,1,0,0.0,0.098651
C011886,6,0.0,1,bronze,0,0,0.0,-0.088583
C011887,11,111.27,1,bronze,0,0,0.0,-0.007407
C011888,8,125.08,4,silver,0,0,0.0,0.082667
C011889,8,129.87,5,gold,0,1,16.81,0.202866
C011890,9,98.45,4,gold,1,1,123.59,-0.251216
C011891,0,105.37,2,silver,1,0,0.0,-0.026972
C011892,2,128.22,1,bronze,0,0,0.0,-0.078325
C011893,4,121.73,5,silver,0,0,0.0,0.014362
C011894,3,158.5,1,bronze,1,0,0.0,0.005176
C011895,8,162.85,4,silver,1,0,0.0,0.366153
C011896,8,103.87,3,silver,1,0,0.0,0.083797
C011897,5,204.31,4,silver,0,0,0.0,0.022979
C011898,10,86.21,5,gold,1,1,30.43,0.122103
C011899,7,0.0,1,silver,0,0,0.0,-0.032133
C011900,10,220.0,3,gold,1,0,0.0,-0.176108
C011901,5,243.95,6,silver,0,0,0.0,0.209675
C011902,1,144.46,2,silver,0,0,0.0,-0.057473
C011903,10,125.51,3,silver,0,0,0.0,0.209714
C011904,3,119.94,4,silver,1,0,0.0,-0.214363
C011905,3,126.95,5,silver,1,0,0.0,0.168336
C011906,4,241.13,4,bronze,0,0,0.0,-0.005869
C011907,3,131.73,6,bronze,1,0,0.0,0.022494
C011908,2,124.73,4,gold,0,1,105.09,-0.170626
C011909,7,190.08,7,gold,0,1,77.65,-0.036477
C011910,11,247.93,3,gold,1,1,21.77,-0.065337
C011911,7,56.71,6,silver,1,0,0.0,0.112777
C011912,3,127.77,1,bronze,1,0,0.0,-0.020557
C011913,5,140.73,3,silver,1,0,0.0,0.238984
C011914,11,103.62,0,silver,1,0,0.0,-0.028362
C011915,5,201.24,4,bronze,0,0,0.0,-0.052719
C011916,6,140.33,2,silver,0,0,0.0,0.079811
C011917,3,128.69,4,silver,0,0,0.0,0.068508
C011918,6,179.71,7,bronze,1,0,0.0,0.083033
C011919,9,87.34,2,silver,0,0,0.0,-0.134956
C011920,6,152.61,3,bronze,0,0,0.0,0.005619
C011921,8,37.63,3,silver,1,0,0.0,0.013136
C011922,5,104.05,2,silver,0,0,0.0,0.133902
C011923,5,141.43,2,silver,1,0,0.0,-0.057003
C011924,4,116.24,7,silver,1,0,0.0,0.113725
C011925,2,115.77,4,silver,0,0,0.0,-0.092567
C011926,10,225.65,4,gold,1,0,0.0,-0.042003
C011927,9,139.12,7,silver,0,0,0.0,0.016026
C011928,8,27.01,5,silver,0,0,0.0,-0.134703
C011929,8,93.76,2,silver,0,0,0.0,-0.001509
C011930,5,228.7,3,silver,1,0,0.0,-0.003577
C011931,5,189.65,4,gold,0,0,0.0,-0.010129
C011932,1,106.06,1,gold,0,1,28.06,-0.167629
C011933,4,123.43,4,silver,1,0,0.0,0.025074
C011934,10,136.2,6,bronze,1,0,0.0,0.085152
C011935,3,118.92,5,silver,0,0,0.0,0.035155
C011936,9,129.96,8,silver,0,1,132.81,0.042253
C011937,3,136.24,4,bronze,0,0,0.0,0.001693
C011938,5,94.95,4,bronze,0,0,0.0,0.042805
C011939,12,198.32,3,gold,1,1,34.3,0.159197
C011940,4,66.15,0,silver,0,0,0.0,-0.07172
C011941,6,150.24,4,silver,0,0,0.0,0.103073
C011942,5,121.93,4,bronze,1,0,0.0,0.072725
C011943,5,125.12,1,silver,0,0,0.0,0.033812
C011944,5,96.3,1,silver,1,0,0.0,-0.028168
C011945,8,116.17,2,silver,1,0,0.0,-0.038423
C011946,7,119.53,3,gold,1,0,0.0,0.086343
C011947,5,79.28,8,silver,1,0,0.0,-0.058193
C011948,10,207.42,5,gold,0,0,0.0,0.041955
C011949,5,118.5,5,bronze,0,0,0.0,0.035718
C011950,0,136.24,2,gold,0,0,0.0,-0.105814
C011951,2,76.75,6,bronze,1,0,0.0,-0.009311
C011952,3,148.24,7,bronze,0,0,0.0,0.014292
C011953,4,110.82,3,bronze,1,0,0.0,0.004864
C011954,12,113.96,8,bronze,0,0,0.0,-0.015199
C011955,10,150.81,1,silver,0,0,0.0,-0.043359
C011956,6,124.2,5,bronze,1,0,0.0,0.026416
C011957,5,154.38,6,gold,0,1,113.1,-0.041199
C011958,4,69.96,5,gold,0,1,3.83,0.114108
C011959,5,8.66,10,gold,1,0,0.0,-0.217172
C011960,8,145.02,7,silver,0,0,0.0,-0.014966
C011961,6,158.02,6,bronze,1,0,0.0,0.036943
C011962,7,87.94,3,gold,0,1,59.22,0.174354
C011963,5,130.25,6,silver,1,0,0.0,-0.086563
C011964,7,79.11,10,bronze,1,0,0.0,0.031721
C011965,4,88.77,2,silver,1,0,0.0,-0.019214
C011966,12,49.39,5,bronze,1,0,0.0,0.026879
C011967,3,173.08,5,gold,1,1,40.82,0.162218
C011968,4,116.78,2,gold,0,1,37.13,-0.012994
C011969,7,115.97,7,silver,0,0,0.0,0.106118
C011970,4,51.22,6,silver,1,0,0.0,0.099233
C011971,7,139.74,5,gold,1,1,198.61,-0.178464
C011972,5,46.99,3,gold,1,0,0.0,-0.039388
C011973,2,73.62,5,bronze,1,0,0.0,0.019963
C011974,8,124.04,4,bronze,1,0,0.0,0.049073
C011975,4,119.66,7,gold,0,0,0.0,0.011583
C011976,10,97.22,5,silver,0,0,0.0,0.017089
C011977,3,30.28,9,silver,0,0,0.0,-0.048969
C011978,11,218.01,6,silver,0,0,0.0,0.304306
C011979,5,167.67,3,silver,0,0,0.0,-0.035071
C011980,9,202.54,6,silver,0,0,0.0,-0.041763
C011981,9,47.16,2,gold,1,0,0.0,0.0688
C011982,1,183.22,7,gold,1,0,0.0,-0.097049
C011983,7,129.22,4,bronze,1,0,0.0,0.04243
C011984,4,119.94,6,silver,0,0,0.0,0.017568
C011985,5,128.23,2,silver,0,0,0.0,0.107412
C011986,3,90.78,0,silver,0,0,0.0,-0.026897
C011987,6,147.06,5,silver,0,0,0.0,-0.080432
C011988,11,99.38,7,silver,1,1,84.61,0.406213
C011989,9,79.13,3,silver,1,0,0.0,0.205723
C011990,5,123.35,4,gold,0,1,50.45,-0.082029
C011991,10,181.84,8,silver,1,0,0.0,0.193119
C011992,1,0.0,5,silver,0,0,0.0,-0.065014
C011993,10,166.34,2,silver,1,1,123.91,0.107666
C011994,3,132.77,2,gold,0,0,0.0,-0.239214
C011995,9,175.67,3,bronze,0,0,0.0,0.141919
C011996,5,90.63,4,bronze,0,0,0.0,0.006291
C011997,3,82.48,7,silver,0,0,0.0,-0.003717
C011998,8,174.98,3,silver,0,0,0.0,0.029632
C011999,7,48.26,6,bronze,1,0,0.0,0.067001
